2026-04-19T23:17:55.9446600Z Current runner version: '2.333.1'
2026-04-19T23:17:55.9459100Z ##[group]Runner Image Provisioner
2026-04-19T23:17:55.9459540Z Hosted Compute Agent
2026-04-19T23:17:55.9459890Z Version: 20260415.520
2026-04-19T23:17:55.9460250Z Commit: af089020f5f67b61ccc91db6c07980876c02bf7b
2026-04-19T23:17:55.9460660Z Build Date: 2026-04-15T18:07:08Z
2026-04-19T23:17:55.9461050Z Worker ID: {5fb90f81-6c02-4257-9038-3c321232ed7a}
2026-04-19T23:17:55.9461450Z Azure Region: westus
2026-04-19T23:17:55.9461780Z ##[endgroup]
2026-04-19T23:17:55.9462510Z ##[group]Operating System
2026-04-19T23:17:55.9462850Z macOS
2026-04-19T23:17:55.9463120Z 15.7.4
2026-04-19T23:17:55.9463390Z 24G517
2026-04-19T23:17:55.9463660Z ##[endgroup]
2026-04-19T23:17:55.9463960Z ##[group]Runner Image
2026-04-19T23:17:55.9464270Z Image: macos-15-arm64
2026-04-19T23:17:55.9464580Z Version: 20260414.0270.1
2026-04-19T23:17:55.9465280Z Included Software: https://github.com/actions/runner-images/blob/macos-15-arm64/20260414.0270/images/macos/macos-15-arm64-Readme.md
2026-04-19T23:17:55.9466180Z Image Release: https://github.com/actions/runner-images/releases/tag/macos-15-arm64%2F20260414.0270
2026-04-19T23:17:55.9466750Z ##[endgroup]
2026-04-19T23:17:55.9467330Z ##[group]GITHUB_TOKEN Permissions
2026-04-19T23:17:55.9468240Z Contents: read
2026-04-19T23:17:55.9468540Z Metadata: read
2026-04-19T23:17:55.9468830Z ##[endgroup]
2026-04-19T23:17:55.9469940Z Secret source: Actions
2026-04-19T23:17:55.9470300Z Prepare workflow directory
2026-04-19T23:17:55.9655380Z Prepare all required actions
2026-04-19T23:17:55.9680690Z Getting action download info
2026-04-19T23:17:56.2986100Z Download action repository 'actions/checkout@v5' (SHA:93cb6efe18208431cddfb8368fd83d5badbf9bfd)
2026-04-19T23:17:56.5889000Z Download action repository 'actions/setup-java@v4' (SHA:c1e323688fd81a25caa38c78aa6df2d33d3e20d9)
2026-04-19T23:17:57.9212230Z Complete job name: Build with Java 26-ea
2026-04-19T23:17:57.9553650Z ##[group]Run actions/checkout@v5
2026-04-19T23:17:57.9554180Z with:
2026-04-19T23:17:57.9554520Z   repository: sreeya12/OpenPDF
2026-04-19T23:17:57.9555010Z   token: ***
2026-04-19T23:17:57.9555310Z   ssh-strict: true
2026-04-19T23:17:57.9555640Z   ssh-user: git
2026-04-19T23:17:57.9555960Z   persist-credentials: true
2026-04-19T23:17:57.9556320Z   clean: true
2026-04-19T23:17:57.9556700Z   sparse-checkout-cone-mode: true
2026-04-19T23:17:57.9557100Z   fetch-depth: 1
2026-04-19T23:17:57.9557430Z   fetch-tags: false
2026-04-19T23:17:57.9557760Z   show-progress: true
2026-04-19T23:17:57.9558090Z   lfs: false
2026-04-19T23:17:57.9558390Z   submodules: false
2026-04-19T23:17:57.9558740Z   set-safe-directory: true
2026-04-19T23:17:57.9559210Z ##[endgroup]
2026-04-19T23:17:58.2730420Z Syncing repository: sreeya12/OpenPDF
2026-04-19T23:17:58.2731860Z ##[group]Getting Git version info
2026-04-19T23:17:58.2732430Z Working directory is '/Users/runner/work/OpenPDF/OpenPDF'
2026-04-19T23:17:58.2733300Z [command]/opt/homebrew/bin/git version
2026-04-19T23:17:58.3485230Z git version 2.53.0
2026-04-19T23:17:58.3499780Z ##[endgroup]
2026-04-19T23:17:58.3504640Z Copying '/Users/runner/.gitconfig' to '/Users/runner/work/_temp/7c88bb42-0162-4555-ba99-8f4a02bdff28/.gitconfig'
2026-04-19T23:17:58.3505930Z Temporarily overriding HOME='/Users/runner/work/_temp/7c88bb42-0162-4555-ba99-8f4a02bdff28' before making global git config changes
2026-04-19T23:17:58.3507100Z Adding repository directory to the temporary git global config as a safe directory
2026-04-19T23:17:58.3507980Z [command]/opt/homebrew/bin/git config --global --add safe.directory /Users/runner/work/OpenPDF/OpenPDF
2026-04-19T23:17:58.3574620Z Deleting the contents of '/Users/runner/work/OpenPDF/OpenPDF'
2026-04-19T23:17:58.3576640Z ##[group]Initializing the repository
2026-04-19T23:17:58.3579890Z [command]/opt/homebrew/bin/git init /Users/runner/work/OpenPDF/OpenPDF
2026-04-19T23:17:58.3750370Z hint: Using 'master' as the name for the initial branch. This default branch name
2026-04-19T23:17:58.3754940Z hint: will change to "main" in Git 3.0. To configure the initial branch name
2026-04-19T23:17:58.3757250Z hint: to use in all of your new repositories, which will suppress this warning,
2026-04-19T23:17:58.3758080Z hint: call:
2026-04-19T23:17:58.3758460Z hint:
2026-04-19T23:17:58.3758950Z hint: 	git config --global init.defaultBranch <name>
2026-04-19T23:17:58.3759580Z hint:
2026-04-19T23:17:58.3761810Z hint: Names commonly chosen instead of 'master' are 'main', 'trunk' and
2026-04-19T23:17:58.3763280Z hint: 'development'. The just-created branch can be renamed via this command:
2026-04-19T23:17:58.3764020Z hint:
2026-04-19T23:17:58.3764540Z hint: 	git branch -m <name>
2026-04-19T23:17:58.3765040Z hint:
2026-04-19T23:17:58.3765660Z hint: Disable this message with "git config set advice.defaultBranchName false"
2026-04-19T23:17:58.3766750Z Initialized empty Git repository in /Users/runner/work/OpenPDF/OpenPDF/.git/
2026-04-19T23:17:58.3768360Z [command]/opt/homebrew/bin/git remote add origin https://github.com/sreeya12/OpenPDF
2026-04-19T23:17:58.3817680Z ##[endgroup]
2026-04-19T23:17:58.3818370Z ##[group]Disabling automatic garbage collection
2026-04-19T23:17:58.3820010Z [command]/opt/homebrew/bin/git config --local gc.auto 0
2026-04-19T23:17:58.3867210Z ##[endgroup]
2026-04-19T23:17:58.3867870Z ##[group]Setting up auth
2026-04-19T23:17:58.3870430Z [command]/opt/homebrew/bin/git config --local --name-only --get-regexp core\.sshCommand
2026-04-19T23:17:58.3925010Z [command]/opt/homebrew/bin/git submodule foreach --recursive sh -c "git config --local --name-only --get-regexp 'core\.sshCommand' && git config --local --unset-all 'core.sshCommand' || :"
2026-04-19T23:17:58.4631680Z [command]/opt/homebrew/bin/git config --local --name-only --get-regexp http\.https\:\/\/github\.com\/\.extraheader
2026-04-19T23:17:58.4680050Z [command]/opt/homebrew/bin/git submodule foreach --recursive sh -c "git config --local --name-only --get-regexp 'http\.https\:\/\/github\.com\/\.extraheader' && git config --local --unset-all 'http.https://github.com/.extraheader' || :"
2026-04-19T23:17:58.6639750Z [command]/opt/homebrew/bin/git config --local --name-only --get-regexp ^includeIf\.gitdir:
2026-04-19T23:17:58.6943950Z [command]/opt/homebrew/bin/git submodule foreach --recursive git config --local --show-origin --name-only --get-regexp remote.origin.url
2026-04-19T23:17:58.7617720Z [command]/opt/homebrew/bin/git config --local http.https://github.com/.extraheader AUTHORIZATION: basic ***
2026-04-19T23:17:58.7676110Z ##[endgroup]
2026-04-19T23:17:58.7676810Z ##[group]Fetching the repository
2026-04-19T23:17:58.7681450Z [command]/opt/homebrew/bin/git -c protocol.version=2 fetch --no-tags --prune --no-recurse-submodules --depth=1 origin +eee1a711a909c9735988e1856f295a3f7293437d:refs/remotes/origin/os-expansion-experiment
2026-04-19T23:18:00.2707910Z From https://github.com/sreeya12/OpenPDF
2026-04-19T23:18:00.2708980Z  * [new ref]         eee1a711a909c9735988e1856f295a3f7293437d -> origin/os-expansion-experiment
2026-04-19T23:18:00.2824240Z ##[endgroup]
2026-04-19T23:18:00.2825180Z ##[group]Determining the checkout info
2026-04-19T23:18:00.2825670Z ##[endgroup]
2026-04-19T23:18:00.2828220Z [command]/opt/homebrew/bin/git sparse-checkout disable
2026-04-19T23:18:00.2896500Z [command]/opt/homebrew/bin/git config --local --unset-all extensions.worktreeConfig
2026-04-19T23:18:00.2952420Z ##[group]Checking out the ref
2026-04-19T23:18:00.2955320Z [command]/opt/homebrew/bin/git checkout --progress --force -B os-expansion-experiment refs/remotes/origin/os-expansion-experiment
2026-04-19T23:18:00.5884160Z Switched to a new branch 'os-expansion-experiment'
2026-04-19T23:18:00.5886240Z branch 'os-expansion-experiment' set up to track 'origin/os-expansion-experiment'.
2026-04-19T23:18:00.5891860Z ##[endgroup]
2026-04-19T23:18:00.5966210Z [command]/opt/homebrew/bin/git log -1 --format=%H
2026-04-19T23:18:00.6024650Z eee1a711a909c9735988e1856f295a3f7293437d
2026-04-19T23:18:00.6246750Z ##[group]Run actions/setup-java@v4
2026-04-19T23:18:00.6247050Z with:
2026-04-19T23:18:00.6247270Z   distribution: temurin
2026-04-19T23:18:00.6247700Z   java-version: 26-ea
2026-04-19T23:18:00.6247930Z   java-package: jdk
2026-04-19T23:18:00.6248140Z   check-latest: false
2026-04-19T23:18:00.6248350Z   server-id: github
2026-04-19T23:18:00.6248550Z   server-username: GITHUB_ACTOR
2026-04-19T23:18:00.6248810Z   server-password: GITHUB_TOKEN
2026-04-19T23:18:00.6249060Z   overwrite-settings: true
2026-04-19T23:18:00.6249310Z   job-status: success
2026-04-19T23:18:00.6249630Z   token: ***
2026-04-19T23:18:00.6249900Z ##[endgroup]
2026-04-19T23:18:01.0529700Z ##[group]Installed distributions
2026-04-19T23:18:01.1459190Z Trying to resolve the latest version from remote
2026-04-19T23:18:20.7006840Z Resolved latest version as 26.0.0+35.0.ea
2026-04-19T23:18:20.7008020Z Trying to download...
2026-04-19T23:18:20.7061620Z Downloading Java 26.0.0+35.0.ea (Temurin-Hotspot) from https://github.com/adoptium/temurin26-binaries/releases/download/jdk-26%2B35-ea-beta/OpenJDK26U-jdk_aarch64_mac_hotspot_26_35-ea.tar.gz ...
2026-04-19T23:18:22.1907500Z Extracting Java archive...
2026-04-19T23:18:22.2091060Z [command]/usr/bin/tar xz -C /Users/runner/work/_temp/e0b9fc4e-d11e-4e22-a149-a226996de073 -f /Users/runner/work/_temp/2adcca9b-b6e1-4f76-b25f-1d9a6fde1b07
2026-04-19T23:18:24.2195530Z Java 26.0.0+35.0.ea was downloaded
2026-04-19T23:18:24.2195970Z Setting Java 26.0.0+35.0.ea as the default
2026-04-19T23:18:24.2203440Z Creating toolchains.xml for JDK version 26-ea from temurin
2026-04-19T23:18:24.2253970Z Writing to /Users/runner/.m2/toolchains.xml
2026-04-19T23:18:24.2255780Z 
2026-04-19T23:18:24.2255850Z Java configuration:
2026-04-19T23:18:24.2256140Z   Distribution: temurin
2026-04-19T23:18:24.2256450Z   Version: 26.0.0+35.0.ea
2026-04-19T23:18:24.2257220Z   Path: /Users/runner/hostedtoolcache/Java_Temurin-Hotspot_jdk/26.0.0-ea.35.0.ea/arm64/Contents/Home
2026-04-19T23:18:24.2257620Z 
2026-04-19T23:18:24.2258230Z ##[endgroup]
2026-04-19T23:18:24.2290180Z Creating settings.xml with server-id: github
2026-04-19T23:18:24.2290470Z Writing to /Users/runner/.m2/settings.xml
2026-04-19T23:18:24.2438730Z ##[group]Run mvn -v
2026-04-19T23:18:24.2438990Z [36;1mmvn -v[0m
2026-04-19T23:18:24.2439180Z [36;1mecho "** ls **"[0m
2026-04-19T23:18:24.2439350Z [36;1mpwd && ls -l[0m
2026-04-19T23:18:24.2503090Z shell: /bin/bash -e {0}
2026-04-19T23:18:24.2503390Z env:
2026-04-19T23:18:24.2503750Z   JAVA_HOME: /Users/runner/hostedtoolcache/Java_Temurin-Hotspot_jdk/26.0.0-ea.35.0.ea/arm64/Contents/Home
2026-04-19T23:18:24.2504440Z   JAVA_HOME_26_ARM64: /Users/runner/hostedtoolcache/Java_Temurin-Hotspot_jdk/26.0.0-ea.35.0.ea/arm64/Contents/Home
2026-04-19T23:18:24.2504890Z ##[endgroup]
2026-04-19T23:18:24.5829510Z Apache Maven 3.9.14 (996c630dbc656c76214ce58821dcc58be960875b)
2026-04-19T23:18:24.5849080Z Maven home: /opt/homebrew/Cellar/maven/3.9.14/libexec
2026-04-19T23:18:24.5850200Z Java version: 26-beta, vendor: Eclipse Adoptium, runtime: /Users/runner/hostedtoolcache/Java_Temurin-Hotspot_jdk/26.0.0-ea.35.0.ea/arm64/Contents/Home
2026-04-19T23:18:24.5850900Z Default locale: en_US, platform encoding: UTF-8
2026-04-19T23:18:24.5851370Z OS name: "mac os x", version: "15.7.4", arch: "aarch64", family: "mac"
2026-04-19T23:18:24.5875540Z ** ls **
2026-04-19T23:18:24.5877170Z /Users/runner/work/OpenPDF/OpenPDF
2026-04-19T23:18:24.5931230Z total 160
2026-04-19T23:18:24.5931710Z drwxr-xr-x  21 runner  staff    672 Apr 19 23:18 changelogs
2026-04-19T23:18:24.5932220Z -rw-r--r--   1 runner  staff  19184 Apr 19 23:18 checkstyle.xml
2026-04-19T23:18:24.5932720Z -rw-r--r--   1 runner  staff   3387 Apr 19 23:18 CODE_OF_CONDUCT.md
2026-04-19T23:18:24.5933880Z drwxr-xr-x   5 runner  staff    160 Apr 19 23:18 config
2026-04-19T23:18:24.5934470Z -rw-r--r--   1 runner  staff   3329 Apr 19 23:18 CONTRIBUTING.md
2026-04-19T23:18:24.5935250Z -rw-r--r--   1 runner  staff   5730 Apr 19 23:18 Contributors.md
2026-04-19T23:18:24.5935650Z -rwxr-xr-x   1 runner  staff   1905 Apr 19 23:18 createRelease.sh
2026-04-19T23:18:24.5936110Z -rw-r--r--   1 runner  staff    632 Apr 19 23:18 LICENSE.md
2026-04-19T23:18:24.5941160Z drwxr-xr-x   4 runner  staff    128 Apr 19 23:18 openpdf-core
2026-04-19T23:18:24.5941590Z drwxr-xr-x   4 runner  staff    128 Apr 19 23:18 openpdf-fonts-extra
2026-04-19T23:18:24.5941960Z drwxr-xr-x   6 runner  staff    192 Apr 19 23:18 openpdf-html
2026-04-19T23:18:24.5942270Z drwxr-xr-x   5 runner  staff    160 Apr 19 23:18 openpdf-kotlin
2026-04-19T23:18:24.5942600Z drwxr-xr-x   7 runner  staff    224 Apr 19 23:18 openpdf-renderer
2026-04-19T23:18:24.5942900Z drwxr-xr-x   4 runner  staff    128 Apr 19 23:18 pdf-swing
2026-04-19T23:18:24.5943190Z drwxr-xr-x   4 runner  staff    128 Apr 19 23:18 pdf-toolbox
2026-04-19T23:18:24.5943470Z -rw-r--r--   1 runner  staff  16662 Apr 19 23:18 pom.xml
2026-04-19T23:18:24.5943820Z -rw-r--r--   1 runner  staff  10453 Apr 19 23:18 README.md
2026-04-19T23:18:24.5944100Z -rw-r--r--   1 runner  staff   3599 Apr 19 23:18 Security.md
2026-04-19T23:18:24.5985370Z ##[group]Run mvn -B install --file pom.xml
2026-04-19T23:18:24.5985620Z [36;1mmvn -B install --file pom.xml[0m
2026-04-19T23:18:24.6016920Z shell: /bin/bash -e {0}
2026-04-19T23:18:24.6017210Z env:
2026-04-19T23:18:24.6017690Z   JAVA_HOME: /Users/runner/hostedtoolcache/Java_Temurin-Hotspot_jdk/26.0.0-ea.35.0.ea/arm64/Contents/Home
2026-04-19T23:18:24.6018330Z   JAVA_HOME_26_ARM64: /Users/runner/hostedtoolcache/Java_Temurin-Hotspot_jdk/26.0.0-ea.35.0.ea/arm64/Contents/Home
2026-04-19T23:18:24.6018770Z ##[endgroup]
2026-04-19T23:18:25.3904600Z [INFO] Scanning for projects...
2026-04-19T23:18:25.5953130Z [INFO] Downloading from central: https://repo.maven.apache.org/maven2/org/apache/felix/maven-bundle-plugin/6.0.2/maven-bundle-plugin-6.0.2.pom
2026-04-19T23:18:25.9150780Z [INFO] Downloaded from central: https://repo.maven.apache.org/maven2/org/apache/felix/maven-bundle-plugin/6.0.2/maven-bundle-plugin-6.0.2.pom (11 kB at 35 kB/s)
2026-04-19T23:18:25.9298730Z [INFO] Downloading from central: https://repo.maven.apache.org/maven2/org/apache/felix/felix-parent/9/felix-parent-9.pom
2026-04-19T23:18:25.9600980Z [INFO] Downloaded from central: https://repo.maven.apache.org/maven2/org/apache/felix/felix-parent/9/felix-parent-9.pom (21 kB at 711 kB/s)
2026-04-19T23:18:25.9631020Z [INFO] Downloading from central: https://repo.maven.apache.org/maven2/org/apache/apache/31/apache-31.pom
2026-04-19T23:18:25.9910060Z [INFO] Downloaded from central: https://repo.maven.apache.org/maven2/org/apache/apache/31/apache-31.pom (24 kB at 840 kB/s)
2026-04-19T23:18:25.9967360Z [INFO] Downloading from central: https://repo.maven.apache.org/maven2/org/osgi/org.osgi.core/6.0.0/org.osgi.core-6.0.0.pom
2026-04-19T23:18:26.0225580Z [INFO] Downloaded from central: https://repo.maven.apache.org/maven2/org/osgi/org.osgi.core/6.0.0/org.osgi.core-6.0.0.pom (1.1 kB at 41 kB/s)
2026-04-19T23:18:26.0262680Z [INFO] Downloading from central: https://repo.maven.apache.org/maven2/biz/aQute/bnd/biz.aQute.bndlib/7.0.0/biz.aQute.bndlib-7.0.0.pom
2026-04-19T23:18:26.0546080Z [INFO] Downloaded from central: https://repo.maven.apache.org/maven2/biz/aQute/bnd/biz.aQute.bndlib/7.0.0/biz.aQute.bndlib-7.0.0.pom (5.2 kB at 181 kB/s)
2026-04-19T23:18:26.0575570Z [INFO] Downloading from central: https://repo.maven.apache.org/maven2/org/osgi/org.osgi.dto/1.0.0/org.osgi.dto-1.0.0.pom
2026-04-19T23:18:26.0868440Z [INFO] Downloaded from central: https://repo.maven.apache.org/maven2/org/osgi/org.osgi.dto/1.0.0/org.osgi.dto-1.0.0.pom (1.3 kB at 44 kB/s)
2026-04-19T23:18:26.0899260Z [INFO] Downloading from central: https://repo.maven.apache.org/maven2/org/osgi/org.osgi.resource/1.0.0/org.osgi.resource-1.0.0.pom
2026-04-19T23:18:26.1158600Z [INFO] Downloaded from central: https://repo.maven.apache.org/maven2/org/osgi/org.osgi.resource/1.0.0/org.osgi.resource-1.0.0.pom (1.3 kB at 47 kB/s)
2026-04-19T23:18:26.1186500Z [INFO] Downloading from central: https://repo.maven.apache.org/maven2/org/osgi/org.osgi.framework/1.8.0/org.osgi.framework-1.8.0.pom
2026-04-19T23:18:26.1449880Z [INFO] Downloaded from central: https://repo.maven.apache.org/maven2/org/osgi/org.osgi.framework/1.8.0/org.osgi.framework-1.8.0.pom (1.3 kB at 49 kB/s)
2026-04-19T23:18:26.1462450Z [INFO] Downloading from central: https://repo.maven.apache.org/maven2/org/osgi/org.osgi.util.tracker/1.5.4/org.osgi.util.tracker-1.5.4.pom
2026-04-19T23:18:26.1708310Z [INFO] Downloaded from central: https://repo.maven.apache.org/maven2/org/osgi/org.osgi.util.tracker/1.5.4/org.osgi.util.tracker-1.5.4.pom (1.9 kB at 75 kB/s)
2026-04-19T23:18:26.1735620Z [INFO] Downloading from central: https://repo.maven.apache.org/maven2/org/osgi/osgi.annotation/8.0.1/osgi.annotation-8.0.1.pom
2026-04-19T23:18:26.1995090Z [INFO] Downloaded from central: https://repo.maven.apache.org/maven2/org/osgi/osgi.annotation/8.0.1/osgi.annotation-8.0.1.pom (1.5 kB at 57 kB/s)
2026-04-19T23:18:26.2016280Z [INFO] Downloading from central: https://repo.maven.apache.org/maven2/org/osgi/org.osgi.service.log/1.3.0/org.osgi.service.log-1.3.0.pom
2026-04-19T23:18:26.2273790Z [INFO] Downloaded from central: https://repo.maven.apache.org/maven2/org/osgi/org.osgi.service.log/1.3.0/org.osgi.service.log-1.3.0.pom (1.3 kB at 48 kB/s)
2026-04-19T23:18:26.2303540Z [INFO] Downloading from central: https://repo.maven.apache.org/maven2/org/osgi/org.osgi.service.repository/1.1.0/org.osgi.service.repository-1.1.0.pom
2026-04-19T23:18:26.2560170Z [INFO] Downloaded from central: https://repo.maven.apache.org/maven2/org/osgi/org.osgi.service.repository/1.1.0/org.osgi.service.repository-1.1.0.pom (1.3 kB at 50 kB/s)
2026-04-19T23:18:26.2580480Z [INFO] Downloading from central: https://repo.maven.apache.org/maven2/org/osgi/org.osgi.util.function/1.2.0/org.osgi.util.function-1.2.0.pom
2026-04-19T23:18:26.2839060Z [INFO] Downloaded from central: https://repo.maven.apache.org/maven2/org/osgi/org.osgi.util.function/1.2.0/org.osgi.util.function-1.2.0.pom (1.7 kB at 66 kB/s)
2026-04-19T23:18:26.2873040Z [INFO] Downloading from central: https://repo.maven.apache.org/maven2/org/osgi/org.osgi.util.promise/1.2.0/org.osgi.util.promise-1.2.0.pom
2026-04-19T23:18:26.3112070Z [INFO] Downloaded from central: https://repo.maven.apache.org/maven2/org/osgi/org.osgi.util.promise/1.2.0/org.osgi.util.promise-1.2.0.pom (1.9 kB at 72 kB/s)
2026-04-19T23:18:26.3141600Z [INFO] Downloading from central: https://repo.maven.apache.org/maven2/org/osgi/org.osgi.util.function/1.1.0/org.osgi.util.function-1.1.0.pom
2026-04-19T23:18:26.3390040Z [INFO] Downloaded from central: https://repo.maven.apache.org/maven2/org/osgi/org.osgi.util.function/1.1.0/org.osgi.util.function-1.1.0.pom (1.4 kB at 57 kB/s)
2026-04-19T23:18:26.3413630Z [INFO] Downloading from central: https://repo.maven.apache.org/maven2/biz/aQute/bnd/biz.aQute.bnd.util/7.0.0/biz.aQute.bnd.util-7.0.0.pom
2026-04-19T23:18:26.3669960Z [INFO] Downloaded from central: https://repo.maven.apache.org/maven2/biz/aQute/bnd/biz.aQute.bnd.util/7.0.0/biz.aQute.bnd.util-7.0.0.pom (2.7 kB at 102 kB/s)
2026-04-19T23:18:26.3704970Z [INFO] Downloading from central: https://repo.maven.apache.org/maven2/org/slf4j/slf4j-api/1.7.25/slf4j-api-1.7.25.pom
2026-04-19T23:18:26.3950850Z [INFO] Downloaded from central: https://repo.maven.apache.org/maven2/org/slf4j/slf4j-api/1.7.25/slf4j-api-1.7.25.pom (3.8 kB at 153 kB/s)
2026-04-19T23:18:26.3968280Z [INFO] Downloading from central: https://repo.maven.apache.org/maven2/org/slf4j/slf4j-parent/1.7.25/slf4j-parent-1.7.25.pom
2026-04-19T23:18:26.4267060Z [INFO] Downloaded from central: https://repo.maven.apache.org/maven2/org/slf4j/slf4j-parent/1.7.25/slf4j-parent-1.7.25.pom (14 kB at 482 kB/s)
2026-04-19T23:18:26.4296980Z [INFO] Downloading from central: https://repo.maven.apache.org/maven2/org/apache/felix/org.apache.felix.bundlerepository/1.6.6/org.apache.felix.bundlerepository-1.6.6.pom
2026-04-19T23:18:26.4599740Z [INFO] Downloaded from central: https://repo.maven.apache.org/maven2/org/apache/felix/org.apache.felix.bundlerepository/1.6.6/org.apache.felix.bundlerepository-1.6.6.pom (5.9 kB at 196 kB/s)
2026-04-19T23:18:26.4616580Z [INFO] Downloading from central: https://repo.maven.apache.org/maven2/org/apache/felix/felix-parent/2.1/felix-parent-2.1.pom
2026-04-19T23:18:26.4913170Z [INFO] Downloaded from central: https://repo.maven.apache.org/maven2/org/apache/felix/felix-parent/2.1/felix-parent-2.1.pom (9.7 kB at 333 kB/s)
2026-04-19T23:18:26.4917560Z [INFO] Downloading from central: https://repo.maven.apache.org/maven2/org/apache/apache/9/apache-9.pom
2026-04-19T23:18:26.5166460Z [INFO] Downloaded from central: https://repo.maven.apache.org/maven2/org/apache/apache/9/apache-9.pom (15 kB at 606 kB/s)
2026-04-19T23:18:26.5266750Z [INFO] Downloading from central: https://repo.maven.apache.org/maven2/org/osgi/org.osgi.core/4.1.0/org.osgi.core-4.1.0.pom
2026-04-19T23:18:26.5574220Z [INFO] Downloaded from central: https://repo.maven.apache.org/maven2/org/osgi/org.osgi.core/4.1.0/org.osgi.core-4.1.0.pom (193 B at 5.1 kB/s)
2026-04-19T23:18:26.5606390Z [INFO] Downloading from central: https://repo.maven.apache.org/maven2/org/easymock/easymock/2.4/easymock-2.4.pom
2026-04-19T23:18:26.5892000Z [INFO] Downloaded from central: https://repo.maven.apache.org/maven2/org/easymock/easymock/2.4/easymock-2.4.pom (5.3 kB at 184 kB/s)
2026-04-19T23:18:26.5918560Z [INFO] Downloading from central: https://repo.maven.apache.org/maven2/org/apache/felix/org.apache.felix.utils/1.6.0/org.apache.felix.utils-1.6.0.pom
2026-04-19T23:18:26.6220050Z [INFO] Downloaded from central: https://repo.maven.apache.org/maven2/org/apache/felix/org.apache.felix.utils/1.6.0/org.apache.felix.utils-1.6.0.pom (3.3 kB at 109 kB/s)
2026-04-19T23:18:26.6254160Z [INFO] Downloading from central: https://repo.maven.apache.org/maven2/org/osgi/org.osgi.compendium/4.2.0/org.osgi.compendium-4.2.0.pom
2026-04-19T23:18:26.6524470Z [INFO] Downloaded from central: https://repo.maven.apache.org/maven2/org/osgi/org.osgi.compendium/4.2.0/org.osgi.compendium-4.2.0.pom (463 B at 17 kB/s)
2026-04-19T23:18:26.6562020Z [INFO] Downloading from central: https://repo.maven.apache.org/maven2/org/apache/maven/reporting/maven-reporting-api/3.0/maven-reporting-api-3.0.pom
2026-04-19T23:18:26.6826160Z [INFO] Downloaded from central: https://repo.maven.apache.org/maven2/org/apache/maven/reporting/maven-reporting-api/3.0/maven-reporting-api-3.0.pom (2.4 kB at 88 kB/s)
2026-04-19T23:18:26.6847610Z [INFO] Downloading from central: https://repo.maven.apache.org/maven2/org/apache/maven/shared/maven-shared-components/15/maven-shared-components-15.pom
2026-04-19T23:18:26.7115650Z [INFO] Downloaded from central: https://repo.maven.apache.org/maven2/org/apache/maven/shared/maven-shared-components/15/maven-shared-components-15.pom (9.3 kB at 346 kB/s)
2026-04-19T23:18:26.7140730Z [INFO] Downloading from central: https://repo.maven.apache.org/maven2/org/apache/maven/maven-parent/16/maven-parent-16.pom
2026-04-19T23:18:26.7416110Z [INFO] Downloaded from central: https://repo.maven.apache.org/maven2/org/apache/maven/maven-parent/16/maven-parent-16.pom (23 kB at 831 kB/s)
2026-04-19T23:18:26.7451640Z [INFO] Downloading from central: https://repo.maven.apache.org/maven2/org/apache/apache/7/apache-7.pom
2026-04-19T23:18:26.7697880Z [INFO] Downloaded from central: https://repo.maven.apache.org/maven2/org/apache/apache/7/apache-7.pom (14 kB at 577 kB/s)
2026-04-19T23:18:26.7734720Z [INFO] Downloading from central: https://repo.maven.apache.org/maven2/org/apache/maven/doxia/doxia-sink-api/1.0/doxia-sink-api-1.0.pom
2026-04-19T23:18:26.7989090Z [INFO] Downloaded from central: https://repo.maven.apache.org/maven2/org/apache/maven/doxia/doxia-sink-api/1.0/doxia-sink-api-1.0.pom (1.4 kB at 55 kB/s)
2026-04-19T23:18:26.8009250Z [INFO] Downloading from central: https://repo.maven.apache.org/maven2/org/apache/maven/doxia/doxia/1.0/doxia-1.0.pom
2026-04-19T23:18:26.8263000Z [INFO] Downloaded from central: https://repo.maven.apache.org/maven2/org/apache/maven/doxia/doxia/1.0/doxia-1.0.pom (9.6 kB at 371 kB/s)
2026-04-19T23:18:26.8292620Z [INFO] Downloading from central: https://repo.maven.apache.org/maven2/org/apache/maven/maven-parent/10/maven-parent-10.pom
2026-04-19T23:18:26.8570810Z [INFO] Downloaded from central: https://repo.maven.apache.org/maven2/org/apache/maven/maven-parent/10/maven-parent-10.pom (32 kB at 1.2 MB/s)
2026-04-19T23:18:26.8590920Z [INFO] Downloading from central: https://repo.maven.apache.org/maven2/org/apache/apache/4/apache-4.pom
2026-04-19T23:18:26.8819400Z [INFO] Downloaded from central: https://repo.maven.apache.org/maven2/org/apache/apache/4/apache-4.pom (4.5 kB at 187 kB/s)
2026-04-19T23:18:26.8849690Z [INFO] Downloading from central: https://repo.maven.apache.org/maven2/org/apache/maven/maven-archiver/3.5.2/maven-archiver-3.5.2.pom
2026-04-19T23:18:26.9130070Z [INFO] Downloaded from central: https://repo.maven.apache.org/maven2/org/apache/maven/maven-archiver/3.5.2/maven-archiver-3.5.2.pom (5.5 kB at 198 kB/s)
2026-04-19T23:18:26.9145930Z [INFO] Downloading from central: https://repo.maven.apache.org/maven2/org/apache/maven/shared/maven-shared-components/34/maven-shared-components-34.pom
2026-04-19T23:18:26.9389020Z [INFO] Downloaded from central: https://repo.maven.apache.org/maven2/org/apache/maven/shared/maven-shared-components/34/maven-shared-components-34.pom (5.1 kB at 212 kB/s)
2026-04-19T23:18:26.9409380Z [INFO] Downloading from central: https://repo.maven.apache.org/maven2/org/apache/maven/maven-parent/34/maven-parent-34.pom
2026-04-19T23:18:26.9672370Z [INFO] Downloaded from central: https://repo.maven.apache.org/maven2/org/apache/maven/maven-parent/34/maven-parent-34.pom (43 kB at 1.6 MB/s)
2026-04-19T23:18:26.9716920Z [INFO] Downloading from central: https://repo.maven.apache.org/maven2/org/apache/apache/23/apache-23.pom
2026-04-19T23:18:26.9945650Z [INFO] Downloaded from central: https://repo.maven.apache.org/maven2/org/apache/apache/23/apache-23.pom (18 kB at 801 kB/s)
2026-04-19T23:18:26.9975780Z [INFO] Downloading from central: https://repo.maven.apache.org/maven2/org/apache/maven/maven-artifact/3.1.1/maven-artifact-3.1.1.pom
2026-04-19T23:18:27.0241720Z [INFO] Downloaded from central: https://repo.maven.apache.org/maven2/org/apache/maven/maven-artifact/3.1.1/maven-artifact-3.1.1.pom (2.0 kB at 76 kB/s)
2026-04-19T23:18:27.0257680Z [INFO] Downloading from central: https://repo.maven.apache.org/maven2/org/apache/maven/maven/3.1.1/maven-3.1.1.pom
2026-04-19T23:18:27.0524630Z [INFO] Downloaded from central: https://repo.maven.apache.org/maven2/org/apache/maven/maven/3.1.1/maven-3.1.1.pom (22 kB at 818 kB/s)
2026-04-19T23:18:27.0548890Z [INFO] Downloading from central: https://repo.maven.apache.org/maven2/org/apache/maven/maven-parent/23/maven-parent-23.pom
2026-04-19T23:18:27.0781520Z [INFO] Downloaded from central: https://repo.maven.apache.org/maven2/org/apache/maven/maven-parent/23/maven-parent-23.pom (33 kB at 1.4 MB/s)
2026-04-19T23:18:27.0801630Z [INFO] Downloading from central: https://repo.maven.apache.org/maven2/org/apache/apache/13/apache-13.pom
2026-04-19T23:18:27.1037770Z [INFO] Downloaded from central: https://repo.maven.apache.org/maven2/org/apache/apache/13/apache-13.pom (14 kB at 608 kB/s)
2026-04-19T23:18:27.1068610Z [INFO] Downloading from central: https://repo.maven.apache.org/maven2/org/codehaus/plexus/plexus-utils/3.0.15/plexus-utils-3.0.15.pom
2026-04-19T23:18:27.1372880Z [INFO] Downloaded from central: https://repo.maven.apache.org/maven2/org/codehaus/plexus/plexus-utils/3.0.15/plexus-utils-3.0.15.pom (3.1 kB at 117 kB/s)
2026-04-19T23:18:27.1374330Z [INFO] Downloading from central: https://repo.maven.apache.org/maven2/org/codehaus/plexus/plexus/3.3.1/plexus-3.3.1.pom
2026-04-19T23:18:27.1631060Z [INFO] Downloaded from central: https://repo.maven.apache.org/maven2/org/codehaus/plexus/plexus/3.3.1/plexus-3.3.1.pom (20 kB at 818 kB/s)
2026-04-19T23:18:27.1633090Z [INFO] Downloading from central: https://repo.maven.apache.org/maven2/org/sonatype/spice/spice-parent/17/spice-parent-17.pom
2026-04-19T23:18:27.1907490Z [INFO] Downloaded from central: https://repo.maven.apache.org/maven2/org/sonatype/spice/spice-parent/17/spice-parent-17.pom (6.8 kB at 241 kB/s)
2026-04-19T23:18:27.1920360Z [INFO] Downloading from central: https://repo.maven.apache.org/maven2/org/sonatype/forge/forge-parent/10/forge-parent-10.pom
2026-04-19T23:18:27.2207540Z [INFO] Downloaded from central: https://repo.maven.apache.org/maven2/org/sonatype/forge/forge-parent/10/forge-parent-10.pom (14 kB at 468 kB/s)
2026-04-19T23:18:27.2241590Z [INFO] Downloading from central: https://repo.maven.apache.org/maven2/org/apache/maven/maven-model/3.1.1/maven-model-3.1.1.pom
2026-04-19T23:18:27.2483880Z [INFO] Downloaded from central: https://repo.maven.apache.org/maven2/org/apache/maven/maven-model/3.1.1/maven-model-3.1.1.pom (4.1 kB at 159 kB/s)
2026-04-19T23:18:27.2519030Z [INFO] Downloading from central: https://repo.maven.apache.org/maven2/org/apache/maven/maven-core/3.1.1/maven-core-3.1.1.pom
2026-04-19T23:18:27.2758310Z [INFO] Downloaded from central: https://repo.maven.apache.org/maven2/org/apache/maven/maven-core/3.1.1/maven-core-3.1.1.pom (7.3 kB at 303 kB/s)
2026-04-19T23:18:27.2792850Z [INFO] Downloading from central: https://repo.maven.apache.org/maven2/org/apache/maven/maven-settings/3.1.1/maven-settings-3.1.1.pom
2026-04-19T23:18:27.3097630Z [INFO] Downloaded from central: https://repo.maven.apache.org/maven2/org/apache/maven/maven-settings/3.1.1/maven-settings-3.1.1.pom (2.2 kB at 72 kB/s)
2026-04-19T23:18:27.3133850Z [INFO] Downloading from central: https://repo.maven.apache.org/maven2/org/apache/maven/maven-settings-builder/3.1.1/maven-settings-builder-3.1.1.pom
2026-04-19T23:18:27.3383450Z [INFO] Downloaded from central: https://repo.maven.apache.org/maven2/org/apache/maven/maven-settings-builder/3.1.1/maven-settings-builder-3.1.1.pom (2.6 kB at 104 kB/s)
2026-04-19T23:18:27.3423040Z [INFO] Downloading from central: https://repo.maven.apache.org/maven2/org/codehaus/plexus/plexus-interpolation/1.19/plexus-interpolation-1.19.pom
2026-04-19T23:18:27.3665850Z [INFO] Downloaded from central: https://repo.maven.apache.org/maven2/org/codehaus/plexus/plexus-interpolation/1.19/plexus-interpolation-1.19.pom (1.0 kB at 41 kB/s)
2026-04-19T23:18:27.3688510Z [INFO] Downloading from central: https://repo.maven.apache.org/maven2/org/codehaus/plexus/plexus-components/1.3.1/plexus-components-1.3.1.pom
2026-04-19T23:18:27.3963450Z [INFO] Downloaded from central: https://repo.maven.apache.org/maven2/org/codehaus/plexus/plexus-components/1.3.1/plexus-components-1.3.1.pom (3.1 kB at 109 kB/s)
2026-04-19T23:18:27.4013430Z [INFO] Downloading from central: https://repo.maven.apache.org/maven2/org/codehaus/plexus/plexus-component-annotations/1.5.5/plexus-component-annotations-1.5.5.pom
2026-04-19T23:18:27.4386000Z [INFO] Downloaded from central: https://repo.maven.apache.org/maven2/org/codehaus/plexus/plexus-component-annotations/1.5.5/plexus-component-annotations-1.5.5.pom (815 B at 23 kB/s)
2026-04-19T23:18:27.4681500Z [INFO] Downloading from central: https://repo.maven.apache.org/maven2/org/codehaus/plexus/plexus-containers/1.5.5/plexus-containers-1.5.5.pom
2026-04-19T23:18:27.4779720Z [INFO] Downloaded from central: https://repo.maven.apache.org/maven2/org/codehaus/plexus/plexus-containers/1.5.5/plexus-containers-1.5.5.pom (4.2 kB at 132 kB/s)
2026-04-19T23:18:27.4780690Z [INFO] Downloading from central: https://repo.maven.apache.org/maven2/org/codehaus/plexus/plexus/2.0.7/plexus-2.0.7.pom
2026-04-19T23:18:27.4957390Z [INFO] Downloaded from central: https://repo.maven.apache.org/maven2/org/codehaus/plexus/plexus/2.0.7/plexus-2.0.7.pom (17 kB at 721 kB/s)
2026-04-19T23:18:27.4983160Z [INFO] Downloading from central: https://repo.maven.apache.org/maven2/org/sonatype/plexus/plexus-sec-dispatcher/1.3/plexus-sec-dispatcher-1.3.pom
2026-04-19T23:18:27.5223770Z [INFO] Downloaded from central: https://repo.maven.apache.org/maven2/org/sonatype/plexus/plexus-sec-dispatcher/1.3/plexus-sec-dispatcher-1.3.pom (3.0 kB at 123 kB/s)
2026-04-19T23:18:27.5238490Z [INFO] Downloading from central: https://repo.maven.apache.org/maven2/org/sonatype/spice/spice-parent/12/spice-parent-12.pom
2026-04-19T23:18:27.5467330Z [INFO] Downloaded from central: https://repo.maven.apache.org/maven2/org/sonatype/spice/spice-parent/12/spice-parent-12.pom (6.8 kB at 296 kB/s)
2026-04-19T23:18:27.5480660Z [INFO] Downloading from central: https://repo.maven.apache.org/maven2/org/sonatype/forge/forge-parent/4/forge-parent-4.pom
2026-04-19T23:18:27.5720810Z [INFO] Downloaded from central: https://repo.maven.apache.org/maven2/org/sonatype/forge/forge-parent/4/forge-parent-4.pom (8.4 kB at 350 kB/s)
2026-04-19T23:18:27.5742780Z [INFO] Downloading from central: https://repo.maven.apache.org/maven2/org/codehaus/plexus/plexus-utils/1.5.5/plexus-utils-1.5.5.pom
2026-04-19T23:18:27.6014520Z [INFO] Downloaded from central: https://repo.maven.apache.org/maven2/org/codehaus/plexus/plexus-utils/1.5.5/plexus-utils-1.5.5.pom (5.1 kB at 198 kB/s)
2026-04-19T23:18:27.6023750Z [INFO] Downloading from central: https://repo.maven.apache.org/maven2/org/codehaus/plexus/plexus/1.0.11/plexus-1.0.11.pom
2026-04-19T23:18:27.6257380Z [INFO] Downloaded from central: https://repo.maven.apache.org/maven2/org/codehaus/plexus/plexus/1.0.11/plexus-1.0.11.pom (9.0 kB at 390 kB/s)
2026-04-19T23:18:27.6330070Z [INFO] Downloading from central: https://repo.maven.apache.org/maven2/org/sonatype/plexus/plexus-cipher/1.4/plexus-cipher-1.4.pom
2026-04-19T23:18:27.6569200Z [INFO] Downloaded from central: https://repo.maven.apache.org/maven2/org/sonatype/plexus/plexus-cipher/1.4/plexus-cipher-1.4.pom (2.1 kB at 86 kB/s)
2026-04-19T23:18:27.6597110Z [INFO] Downloading from central: https://repo.maven.apache.org/maven2/org/apache/maven/maven-repository-metadata/3.1.1/maven-repository-metadata-3.1.1.pom
2026-04-19T23:18:27.6865140Z [INFO] Downloaded from central: https://repo.maven.apache.org/maven2/org/apache/maven/maven-repository-metadata/3.1.1/maven-repository-metadata-3.1.1.pom (2.2 kB at 83 kB/s)
2026-04-19T23:18:27.6902530Z [INFO] Downloading from central: https://repo.maven.apache.org/maven2/org/apache/maven/maven-plugin-api/3.1.1/maven-plugin-api-3.1.1.pom
2026-04-19T23:18:27.7142730Z [INFO] Downloaded from central: https://repo.maven.apache.org/maven2/org/apache/maven/maven-plugin-api/3.1.1/maven-plugin-api-3.1.1.pom (3.4 kB at 135 kB/s)
2026-04-19T23:18:27.7173690Z [INFO] Downloading from central: https://repo.maven.apache.org/maven2/org/eclipse/sisu/org.eclipse.sisu.plexus/0.0.0.M5/org.eclipse.sisu.plexus-0.0.0.M5.pom
2026-04-19T23:18:27.7463590Z [INFO] Downloaded from central: https://repo.maven.apache.org/maven2/org/eclipse/sisu/org.eclipse.sisu.plexus/0.0.0.M5/org.eclipse.sisu.plexus-0.0.0.M5.pom (4.8 kB at 167 kB/s)
2026-04-19T23:18:27.7481990Z [INFO] Downloading from central: https://repo.maven.apache.org/maven2/org/eclipse/sisu/sisu-plexus/0.0.0.M5/sisu-plexus-0.0.0.M5.pom
2026-04-19T23:18:27.7736640Z [INFO] Downloaded from central: https://repo.maven.apache.org/maven2/org/eclipse/sisu/sisu-plexus/0.0.0.M5/sisu-plexus-0.0.0.M5.pom (13 kB at 528 kB/s)
2026-04-19T23:18:27.7761240Z [INFO] Downloading from central: https://repo.maven.apache.org/maven2/org/sonatype/oss/oss-parent/7/oss-parent-7.pom
2026-04-19T23:18:27.8030550Z [INFO] Downloaded from central: https://repo.maven.apache.org/maven2/org/sonatype/oss/oss-parent/7/oss-parent-7.pom (4.8 kB at 179 kB/s)
2026-04-19T23:18:27.8054630Z [INFO] Downloading from central: https://repo.maven.apache.org/maven2/javax/enterprise/cdi-api/1.0/cdi-api-1.0.pom
2026-04-19T23:18:27.8337690Z [INFO] Downloaded from central: https://repo.maven.apache.org/maven2/javax/enterprise/cdi-api/1.0/cdi-api-1.0.pom (1.4 kB at 53 kB/s)
2026-04-19T23:18:27.8347130Z [INFO] Downloading from central: https://repo.maven.apache.org/maven2/org/jboss/weld/weld-api-parent/1.0/weld-api-parent-1.0.pom
2026-04-19T23:18:27.8635780Z [INFO] Downloaded from central: https://repo.maven.apache.org/maven2/org/jboss/weld/weld-api-parent/1.0/weld-api-parent-1.0.pom (2.4 kB at 81 kB/s)
2026-04-19T23:18:27.8653340Z [INFO] Downloading from central: https://repo.maven.apache.org/maven2/org/jboss/weld/weld-api-bom/1.0/weld-api-bom-1.0.pom
2026-04-19T23:18:27.8920670Z [INFO] Downloaded from central: https://repo.maven.apache.org/maven2/org/jboss/weld/weld-api-bom/1.0/weld-api-bom-1.0.pom (7.9 kB at 304 kB/s)
2026-04-19T23:18:27.8949770Z [INFO] Downloading from central: https://repo.maven.apache.org/maven2/org/jboss/weld/weld-parent/6/weld-parent-6.pom
2026-04-19T23:18:27.9222590Z [INFO] Downloaded from central: https://repo.maven.apache.org/maven2/org/jboss/weld/weld-parent/6/weld-parent-6.pom (21 kB at 739 kB/s)
2026-04-19T23:18:27.9264230Z [INFO] Downloading from central: https://repo.maven.apache.org/maven2/javax/annotation/jsr250-api/1.0/jsr250-api-1.0.pom
2026-04-19T23:18:27.9518870Z [INFO] Downloaded from central: https://repo.maven.apache.org/maven2/javax/annotation/jsr250-api/1.0/jsr250-api-1.0.pom (1.0 kB at 41 kB/s)
2026-04-19T23:18:27.9536530Z [INFO] Downloading from central: https://repo.maven.apache.org/maven2/javax/inject/javax.inject/1/javax.inject-1.pom
2026-04-19T23:18:27.9804960Z [INFO] Downloaded from central: https://repo.maven.apache.org/maven2/javax/inject/javax.inject/1/javax.inject-1.pom (612 B at 23 kB/s)
2026-04-19T23:18:27.9825930Z [INFO] Downloading from central: https://repo.maven.apache.org/maven2/com/google/guava/guava/10.0.1/guava-10.0.1.pom
2026-04-19T23:18:28.0098630Z [INFO] Downloaded from central: https://repo.maven.apache.org/maven2/com/google/guava/guava/10.0.1/guava-10.0.1.pom (5.4 kB at 199 kB/s)
2026-04-19T23:18:28.0117240Z [INFO] Downloading from central: https://repo.maven.apache.org/maven2/com/google/guava/guava-parent/10.0.1/guava-parent-10.0.1.pom
2026-04-19T23:18:28.0438670Z [INFO] Downloaded from central: https://repo.maven.apache.org/maven2/com/google/guava/guava-parent/10.0.1/guava-parent-10.0.1.pom (2.0 kB at 65 kB/s)
2026-04-19T23:18:28.0440260Z [INFO] Downloading from central: https://repo.maven.apache.org/maven2/com/google/code/findbugs/jsr305/1.3.9/jsr305-1.3.9.pom
2026-04-19T23:18:28.0719390Z [INFO] Downloaded from central: https://repo.maven.apache.org/maven2/com/google/code/findbugs/jsr305/1.3.9/jsr305-1.3.9.pom (965 B at 34 kB/s)
2026-04-19T23:18:28.0755410Z [INFO] Downloading from central: https://repo.maven.apache.org/maven2/org/sonatype/sisu/sisu-guice/3.1.0/sisu-guice-3.1.0.pom
2026-04-19T23:18:28.1046650Z [INFO] Downloaded from central: https://repo.maven.apache.org/maven2/org/sonatype/sisu/sisu-guice/3.1.0/sisu-guice-3.1.0.pom (10 kB at 338 kB/s)
2026-04-19T23:18:28.1073110Z [INFO] Downloading from central: https://repo.maven.apache.org/maven2/org/sonatype/sisu/inject/guice-parent/3.1.0/guice-parent-3.1.0.pom
2026-04-19T23:18:28.1337930Z [INFO] Downloaded from central: https://repo.maven.apache.org/maven2/org/sonatype/sisu/inject/guice-parent/3.1.0/guice-parent-3.1.0.pom (11 kB at 420 kB/s)
2026-04-19T23:18:28.1364960Z [INFO] Downloading from central: https://repo.maven.apache.org/maven2/aopalliance/aopalliance/1.0/aopalliance-1.0.pom
2026-04-19T23:18:28.1647540Z [INFO] Downloaded from central: https://repo.maven.apache.org/maven2/aopalliance/aopalliance/1.0/aopalliance-1.0.pom (363 B at 13 kB/s)
2026-04-19T23:18:28.1665510Z [INFO] Downloading from central: https://repo.maven.apache.org/maven2/org/eclipse/sisu/org.eclipse.sisu.inject/0.0.0.M5/org.eclipse.sisu.inject-0.0.0.M5.pom
2026-04-19T23:18:28.1944420Z [INFO] Downloaded from central: https://repo.maven.apache.org/maven2/org/eclipse/sisu/org.eclipse.sisu.inject/0.0.0.M5/org.eclipse.sisu.inject-0.0.0.M5.pom (2.5 kB at 90 kB/s)
2026-04-19T23:18:28.1962220Z [INFO] Downloading from central: https://repo.maven.apache.org/maven2/org/eclipse/sisu/sisu-inject/0.0.0.M5/sisu-inject-0.0.0.M5.pom
2026-04-19T23:18:28.2243780Z [INFO] Downloaded from central: https://repo.maven.apache.org/maven2/org/eclipse/sisu/sisu-inject/0.0.0.M5/sisu-inject-0.0.0.M5.pom (14 kB at 500 kB/s)
2026-04-19T23:18:28.2265790Z [INFO] Downloading from central: https://repo.maven.apache.org/maven2/org/codehaus/plexus/plexus-classworlds/2.4/plexus-classworlds-2.4.pom
2026-04-19T23:18:28.2522390Z [INFO] Downloaded from central: https://repo.maven.apache.org/maven2/org/codehaus/plexus/plexus-classworlds/2.4/plexus-classworlds-2.4.pom (3.9 kB at 155 kB/s)
2026-04-19T23:18:28.2547120Z [INFO] Downloading from central: https://repo.maven.apache.org/maven2/org/codehaus/plexus/plexus-utils/2.1/plexus-utils-2.1.pom
2026-04-19T23:18:28.2819370Z [INFO] Downloaded from central: https://repo.maven.apache.org/maven2/org/codehaus/plexus/plexus-utils/2.1/plexus-utils-2.1.pom (4.0 kB at 149 kB/s)
2026-04-19T23:18:28.2836110Z [INFO] Downloading from central: https://repo.maven.apache.org/maven2/org/sonatype/spice/spice-parent/16/spice-parent-16.pom
2026-04-19T23:18:28.3087050Z [INFO] Downloaded from central: https://repo.maven.apache.org/maven2/org/sonatype/spice/spice-parent/16/spice-parent-16.pom (8.4 kB at 334 kB/s)
2026-04-19T23:18:28.3104020Z [INFO] Downloading from central: https://repo.maven.apache.org/maven2/org/sonatype/forge/forge-parent/5/forge-parent-5.pom
2026-04-19T23:18:28.3356130Z [INFO] Downloaded from central: https://repo.maven.apache.org/maven2/org/sonatype/forge/forge-parent/5/forge-parent-5.pom (8.4 kB at 335 kB/s)
2026-04-19T23:18:28.3376590Z [INFO] Downloading from central: https://repo.maven.apache.org/maven2/org/apache/maven/maven-model-builder/3.1.1/maven-model-builder-3.1.1.pom
2026-04-19T23:18:28.3638730Z [INFO] Downloaded from central: https://repo.maven.apache.org/maven2/org/apache/maven/maven-model-builder/3.1.1/maven-model-builder-3.1.1.pom (2.8 kB at 108 kB/s)
2026-04-19T23:18:28.3667410Z [INFO] Downloading from central: https://repo.maven.apache.org/maven2/org/apache/maven/maven-aether-provider/3.1.1/maven-aether-provider-3.1.1.pom
2026-04-19T23:18:28.3921430Z [INFO] Downloaded from central: https://repo.maven.apache.org/maven2/org/apache/maven/maven-aether-provider/3.1.1/maven-aether-provider-3.1.1.pom (4.1 kB at 164 kB/s)
2026-04-19T23:18:28.3954980Z [INFO] Downloading from central: https://repo.maven.apache.org/maven2/org/eclipse/aether/aether-api/0.9.0.M2/aether-api-0.9.0.M2.pom
2026-04-19T23:18:28.4214890Z [INFO] Downloaded from central: https://repo.maven.apache.org/maven2/org/eclipse/aether/aether-api/0.9.0.M2/aether-api-0.9.0.M2.pom (1.7 kB at 67 kB/s)
2026-04-19T23:18:28.4223690Z [INFO] Downloading from central: https://repo.maven.apache.org/maven2/org/eclipse/aether/aether/0.9.0.M2/aether-0.9.0.M2.pom
2026-04-19T23:18:28.4490700Z [INFO] Downloaded from central: https://repo.maven.apache.org/maven2/org/eclipse/aether/aether/0.9.0.M2/aether-0.9.0.M2.pom (28 kB at 1.1 MB/s)
2026-04-19T23:18:28.4513210Z [INFO] Downloading from central: https://repo.maven.apache.org/maven2/org/eclipse/aether/aether-spi/0.9.0.M2/aether-spi-0.9.0.M2.pom
2026-04-19T23:18:28.4791940Z [INFO] Downloaded from central: https://repo.maven.apache.org/maven2/org/eclipse/aether/aether-spi/0.9.0.M2/aether-spi-0.9.0.M2.pom (1.8 kB at 65 kB/s)
2026-04-19T23:18:28.4814470Z [INFO] Downloading from central: https://repo.maven.apache.org/maven2/org/eclipse/aether/aether-util/0.9.0.M2/aether-util-0.9.0.M2.pom
2026-04-19T23:18:28.5129840Z [INFO] Downloaded from central: https://repo.maven.apache.org/maven2/org/eclipse/aether/aether-util/0.9.0.M2/aether-util-0.9.0.M2.pom (2.0 kB at 66 kB/s)
2026-04-19T23:18:28.5159790Z [INFO] Downloading from central: https://repo.maven.apache.org/maven2/org/eclipse/aether/aether-impl/0.9.0.M2/aether-impl-0.9.0.M2.pom
2026-04-19T23:18:28.5413930Z [INFO] Downloaded from central: https://repo.maven.apache.org/maven2/org/eclipse/aether/aether-impl/0.9.0.M2/aether-impl-0.9.0.M2.pom (3.3 kB at 129 kB/s)
2026-04-19T23:18:28.5440020Z [INFO] Downloading from central: https://repo.maven.apache.org/maven2/org/codehaus/plexus/plexus-classworlds/2.5.1/plexus-classworlds-2.5.1.pom
2026-04-19T23:18:28.5685220Z [INFO] Downloaded from central: https://repo.maven.apache.org/maven2/org/codehaus/plexus/plexus-classworlds/2.5.1/plexus-classworlds-2.5.1.pom (5.0 kB at 200 kB/s)
2026-04-19T23:18:28.5713370Z [INFO] Downloading from central: https://repo.maven.apache.org/maven2/org/apache/maven/shared/maven-shared-utils/3.3.3/maven-shared-utils-3.3.3.pom
2026-04-19T23:18:28.5974010Z [INFO] Downloaded from central: https://repo.maven.apache.org/maven2/org/apache/maven/shared/maven-shared-utils/3.3.3/maven-shared-utils-3.3.3.pom (5.8 kB at 222 kB/s)
2026-04-19T23:18:28.6026820Z [INFO] Downloading from central: https://repo.maven.apache.org/maven2/commons-io/commons-io/2.6/commons-io-2.6.pom
2026-04-19T23:18:28.6278340Z [INFO] Downloaded from central: https://repo.maven.apache.org/maven2/commons-io/commons-io/2.6/commons-io-2.6.pom (14 kB at 528 kB/s)
2026-04-19T23:18:28.6375420Z [INFO] Downloading from central: https://repo.maven.apache.org/maven2/org/apache/commons/commons-parent/42/commons-parent-42.pom
2026-04-19T23:18:28.6612740Z [INFO] Downloaded from central: https://repo.maven.apache.org/maven2/org/apache/commons/commons-parent/42/commons-parent-42.pom (68 kB at 2.3 MB/s)
2026-04-19T23:18:28.6667670Z [INFO] Downloading from central: https://repo.maven.apache.org/maven2/org/apache/apache/18/apache-18.pom
2026-04-19T23:18:28.6916010Z [INFO] Downloaded from central: https://repo.maven.apache.org/maven2/org/apache/apache/18/apache-18.pom (16 kB at 627 kB/s)
2026-04-19T23:18:28.6952020Z [INFO] Downloading from central: https://repo.maven.apache.org/maven2/org/apache/commons/commons-compress/1.20/commons-compress-1.20.pom
2026-04-19T23:18:28.7229710Z [INFO] Downloaded from central: https://repo.maven.apache.org/maven2/org/apache/commons/commons-compress/1.20/commons-compress-1.20.pom (18 kB at 652 kB/s)
2026-04-19T23:18:28.7252050Z [INFO] Downloading from central: https://repo.maven.apache.org/maven2/org/apache/commons/commons-parent/48/commons-parent-48.pom
2026-04-19T23:18:28.7617020Z [INFO] Downloaded from central: https://repo.maven.apache.org/maven2/org/apache/commons/commons-parent/48/commons-parent-48.pom (72 kB at 2.0 MB/s)
2026-04-19T23:18:28.7668300Z [INFO] Downloading from central: https://repo.maven.apache.org/maven2/org/apache/apache/21/apache-21.pom
2026-04-19T23:18:28.7924090Z [INFO] Downloaded from central: https://repo.maven.apache.org/maven2/org/apache/apache/21/apache-21.pom (17 kB at 658 kB/s)
2026-04-19T23:18:28.7967320Z [INFO] Downloading from central: https://repo.maven.apache.org/maven2/org/codehaus/plexus/plexus-archiver/4.2.7/plexus-archiver-4.2.7.pom
2026-04-19T23:18:28.8240960Z [INFO] Downloaded from central: https://repo.maven.apache.org/maven2/org/codehaus/plexus/plexus-archiver/4.2.7/plexus-archiver-4.2.7.pom (4.9 kB at 175 kB/s)
2026-04-19T23:18:28.8256650Z [INFO] Downloading from central: https://repo.maven.apache.org/maven2/org/codehaus/plexus/plexus/8/plexus-8.pom
2026-04-19T23:18:28.8516190Z [INFO] Downloaded from central: https://repo.maven.apache.org/maven2/org/codehaus/plexus/plexus/8/plexus-8.pom (25 kB at 978 kB/s)
2026-04-19T23:18:28.8541340Z [INFO] Downloading from central: https://repo.maven.apache.org/maven2/org/codehaus/plexus/plexus-utils/3.4.1/plexus-utils-3.4.1.pom
2026-04-19T23:18:28.8804060Z [INFO] Downloaded from central: https://repo.maven.apache.org/maven2/org/codehaus/plexus/plexus-utils/3.4.1/plexus-utils-3.4.1.pom (8.0 kB at 295 kB/s)
2026-04-19T23:18:28.8830760Z [INFO] Downloading from central: https://repo.maven.apache.org/maven2/org/codehaus/plexus/plexus-io/3.2.0/plexus-io-3.2.0.pom
2026-04-19T23:18:28.9121510Z [INFO] Downloaded from central: https://repo.maven.apache.org/maven2/org/codehaus/plexus/plexus-io/3.2.0/plexus-io-3.2.0.pom (4.5 kB at 157 kB/s)
2026-04-19T23:18:28.9138880Z [INFO] Downloading from central: https://repo.maven.apache.org/maven2/org/codehaus/plexus/plexus/5.1/plexus-5.1.pom
2026-04-19T23:18:28.9407630Z [INFO] Downloaded from central: https://repo.maven.apache.org/maven2/org/codehaus/plexus/plexus/5.1/plexus-5.1.pom (23 kB at 833 kB/s)
2026-04-19T23:18:28.9447390Z [INFO] Downloading from central: https://repo.maven.apache.org/maven2/org/codehaus/plexus/plexus-utils/3.3.0/plexus-utils-3.3.0.pom
2026-04-19T23:18:28.9690770Z [INFO] Downloaded from central: https://repo.maven.apache.org/maven2/org/codehaus/plexus/plexus-utils/3.3.0/plexus-utils-3.3.0.pom (5.2 kB at 207 kB/s)
2026-04-19T23:18:28.9716030Z [INFO] Downloading from central: https://repo.maven.apache.org/maven2/org/apache/commons/commons-compress/1.21/commons-compress-1.21.pom
2026-04-19T23:18:28.9977700Z [INFO] Downloaded from central: https://repo.maven.apache.org/maven2/org/apache/commons/commons-compress/1.21/commons-compress-1.21.pom (20 kB at 757 kB/s)
2026-04-19T23:18:28.9994930Z [INFO] Downloading from central: https://repo.maven.apache.org/maven2/org/apache/commons/commons-parent/52/commons-parent-52.pom
2026-04-19T23:18:29.0287000Z [INFO] Downloaded from central: https://repo.maven.apache.org/maven2/org/apache/commons/commons-parent/52/commons-parent-52.pom (79 kB at 2.7 MB/s)
2026-04-19T23:18:29.0326990Z [INFO] Downloading from central: https://repo.maven.apache.org/maven2/org/iq80/snappy/snappy/0.4/snappy-0.4.pom
2026-04-19T23:18:29.0595410Z [INFO] Downloaded from central: https://repo.maven.apache.org/maven2/org/iq80/snappy/snappy/0.4/snappy-0.4.pom (15 kB at 519 kB/s)
2026-04-19T23:18:29.0616320Z [INFO] Downloading from central: https://repo.maven.apache.org/maven2/org/tukaani/xz/1.9/xz-1.9.pom
2026-04-19T23:18:29.0872940Z [INFO] Downloaded from central: https://repo.maven.apache.org/maven2/org/tukaani/xz/1.9/xz-1.9.pom (2.0 kB at 79 kB/s)
2026-04-19T23:18:29.0890900Z [INFO] Downloading from central: https://repo.maven.apache.org/maven2/org/codehaus/plexus/plexus-interpolation/1.26/plexus-interpolation-1.26.pom
2026-04-19T23:18:29.1144800Z [INFO] Downloaded from central: https://repo.maven.apache.org/maven2/org/codehaus/plexus/plexus-interpolation/1.26/plexus-interpolation-1.26.pom (2.7 kB at 102 kB/s)
2026-04-19T23:18:29.1167610Z [INFO] Downloading from central: https://repo.maven.apache.org/maven2/org/apache/maven/shared/maven-dependency-tree/3.0/maven-dependency-tree-3.0.pom
2026-04-19T23:18:29.1409670Z [INFO] Downloaded from central: https://repo.maven.apache.org/maven2/org/apache/maven/shared/maven-dependency-tree/3.0/maven-dependency-tree-3.0.pom (7.4 kB at 307 kB/s)
2026-04-19T23:18:29.1425030Z [INFO] Downloading from central: https://repo.maven.apache.org/maven2/org/apache/maven/shared/maven-shared-components/21/maven-shared-components-21.pom
2026-04-19T23:18:29.1652800Z [INFO] Downloaded from central: https://repo.maven.apache.org/maven2/org/apache/maven/shared/maven-shared-components/21/maven-shared-components-21.pom (5.1 kB at 222 kB/s)
2026-04-19T23:18:29.1665760Z [INFO] Downloading from central: https://repo.maven.apache.org/maven2/org/apache/maven/maven-parent/25/maven-parent-25.pom
2026-04-19T23:18:29.1910850Z [INFO] Downloaded from central: https://repo.maven.apache.org/maven2/org/apache/maven/maven-parent/25/maven-parent-25.pom (37 kB at 1.6 MB/s)
2026-04-19T23:18:29.1954300Z [INFO] Downloading from central: https://repo.maven.apache.org/maven2/org/apache/apache/15/apache-15.pom
2026-04-19T23:18:29.2211210Z [INFO] Downloaded from central: https://repo.maven.apache.org/maven2/org/apache/apache/15/apache-15.pom (15 kB at 609 kB/s)
2026-04-19T23:18:29.2241560Z [INFO] Downloading from central: https://repo.maven.apache.org/maven2/org/codehaus/plexus/plexus-component-annotations/1.6/plexus-component-annotations-1.6.pom
2026-04-19T23:18:29.2510770Z [INFO] Downloaded from central: https://repo.maven.apache.org/maven2/org/codehaus/plexus/plexus-component-annotations/1.6/plexus-component-annotations-1.6.pom (748 B at 28 kB/s)
2026-04-19T23:18:29.2524870Z [INFO] Downloading from central: https://repo.maven.apache.org/maven2/org/codehaus/plexus/plexus-containers/1.6/plexus-containers-1.6.pom
2026-04-19T23:18:29.2775130Z [INFO] Downloaded from central: https://repo.maven.apache.org/maven2/org/codehaus/plexus/plexus-containers/1.6/plexus-containers-1.6.pom (3.8 kB at 151 kB/s)
2026-04-19T23:18:29.2793520Z [INFO] Downloading from central: https://repo.maven.apache.org/maven2/org/codehaus/plexus/plexus/3.3.2/plexus-3.3.2.pom
2026-04-19T23:18:29.3055480Z [INFO] Downloaded from central: https://repo.maven.apache.org/maven2/org/codehaus/plexus/plexus/3.3.2/plexus-3.3.2.pom (22 kB at 797 kB/s)
2026-04-19T23:18:29.3081090Z [INFO] Downloading from central: https://repo.maven.apache.org/maven2/org/sonatype/plexus/plexus-build-api/0.0.7/plexus-build-api-0.0.7.pom
2026-04-19T23:18:29.3369890Z [INFO] Downloaded from central: https://repo.maven.apache.org/maven2/org/sonatype/plexus/plexus-build-api/0.0.7/plexus-build-api-0.0.7.pom (3.2 kB at 110 kB/s)
2026-04-19T23:18:29.3382750Z [INFO] Downloading from central: https://repo.maven.apache.org/maven2/org/sonatype/spice/spice-parent/15/spice-parent-15.pom
2026-04-19T23:18:29.3628610Z [INFO] Downloaded from central: https://repo.maven.apache.org/maven2/org/sonatype/spice/spice-parent/15/spice-parent-15.pom (8.4 kB at 348 kB/s)
2026-04-19T23:18:29.3648130Z [INFO] Downloading from central: https://repo.maven.apache.org/maven2/org/codehaus/plexus/plexus-utils/1.5.8/plexus-utils-1.5.8.pom
2026-04-19T23:18:29.3888880Z [INFO] Downloaded from central: https://repo.maven.apache.org/maven2/org/codehaus/plexus/plexus-utils/1.5.8/plexus-utils-1.5.8.pom (8.1 kB at 336 kB/s)
2026-04-19T23:18:29.3902410Z [INFO] Downloading from central: https://repo.maven.apache.org/maven2/org/codehaus/plexus/plexus/2.0.2/plexus-2.0.2.pom
2026-04-19T23:18:29.4158980Z [INFO] Downloaded from central: https://repo.maven.apache.org/maven2/org/codehaus/plexus/plexus/2.0.2/plexus-2.0.2.pom (12 kB at 464 kB/s)
2026-04-19T23:18:29.4182350Z [INFO] Downloading from central: https://repo.maven.apache.org/maven2/org/apache/maven/doxia/doxia-site-renderer/1.0/doxia-site-renderer-1.0.pom
2026-04-19T23:18:29.4436650Z [INFO] Downloaded from central: https://repo.maven.apache.org/maven2/org/apache/maven/doxia/doxia-site-renderer/1.0/doxia-site-renderer-1.0.pom (4.4 kB at 177 kB/s)
2026-04-19T23:18:29.4455300Z [INFO] Downloading from central: https://repo.maven.apache.org/maven2/org/apache/maven/doxia/doxia-sitetools/1.0/doxia-sitetools-1.0.pom
2026-04-19T23:18:29.4790550Z [INFO] Downloaded from central: https://repo.maven.apache.org/maven2/org/apache/maven/doxia/doxia-sitetools/1.0/doxia-sitetools-1.0.pom (9.6 kB at 309 kB/s)
2026-04-19T23:18:29.4795260Z [INFO] Downloading from central: https://repo.maven.apache.org/maven2/org/apache/maven/maven-parent/11/maven-parent-11.pom
2026-04-19T23:18:29.5062610Z [INFO] Downloaded from central: https://repo.maven.apache.org/maven2/org/apache/maven/maven-parent/11/maven-parent-11.pom (32 kB at 1.2 MB/s)
2026-04-19T23:18:29.5092340Z [INFO] Downloading from central: https://repo.maven.apache.org/maven2/org/apache/apache/5/apache-5.pom
2026-04-19T23:18:29.5360330Z [INFO] Downloaded from central: https://repo.maven.apache.org/maven2/org/apache/apache/5/apache-5.pom (4.1 kB at 158 kB/s)
2026-04-19T23:18:29.5395080Z [INFO] Downloading from central: https://repo.maven.apache.org/maven2/org/apache/maven/doxia/doxia-core/1.0/doxia-core-1.0.pom
2026-04-19T23:18:29.5671780Z [INFO] Downloaded from central: https://repo.maven.apache.org/maven2/org/apache/maven/doxia/doxia-core/1.0/doxia-core-1.0.pom (2.4 kB at 89 kB/s)
2026-04-19T23:18:29.5713180Z [INFO] Downloading from central: https://repo.maven.apache.org/maven2/org/codehaus/plexus/plexus-utils/1.5.7/plexus-utils-1.5.7.pom
2026-04-19T23:18:29.5986550Z [INFO] Downloaded from central: https://repo.maven.apache.org/maven2/org/codehaus/plexus/plexus-utils/1.5.7/plexus-utils-1.5.7.pom (8.1 kB at 299 kB/s)
2026-04-19T23:18:29.6018930Z [INFO] Downloading from central: https://repo.maven.apache.org/maven2/org/codehaus/plexus/plexus-container-default/1.0-alpha-30/plexus-container-default-1.0-alpha-30.pom
2026-04-19T23:18:29.6275600Z [INFO] Downloaded from central: https://repo.maven.apache.org/maven2/org/codehaus/plexus/plexus-container-default/1.0-alpha-30/plexus-container-default-1.0-alpha-30.pom (3.5 kB at 134 kB/s)
2026-04-19T23:18:29.6307680Z [INFO] Downloading from central: https://repo.maven.apache.org/maven2/org/codehaus/plexus/plexus-containers/1.0-alpha-30/plexus-containers-1.0-alpha-30.pom
2026-04-19T23:18:29.6551720Z [INFO] Downloaded from central: https://repo.maven.apache.org/maven2/org/codehaus/plexus/plexus-containers/1.0-alpha-30/plexus-containers-1.0-alpha-30.pom (1.9 kB at 76 kB/s)
2026-04-19T23:18:29.6579420Z [INFO] Downloading from central: https://repo.maven.apache.org/maven2/org/codehaus/plexus/plexus-utils/1.4.5/plexus-utils-1.4.5.pom
2026-04-19T23:18:29.6834830Z [INFO] Downloaded from central: https://repo.maven.apache.org/maven2/org/codehaus/plexus/plexus-utils/1.4.5/plexus-utils-1.4.5.pom (2.3 kB at 87 kB/s)
2026-04-19T23:18:29.6857300Z [INFO] Downloading from central: https://repo.maven.apache.org/maven2/org/codehaus/plexus/plexus-classworlds/1.2-alpha-9/plexus-classworlds-1.2-alpha-9.pom
2026-04-19T23:18:29.7093070Z [INFO] Downloaded from central: https://repo.maven.apache.org/maven2/org/codehaus/plexus/plexus-classworlds/1.2-alpha-9/plexus-classworlds-1.2-alpha-9.pom (3.2 kB at 134 kB/s)
2026-04-19T23:18:29.7115760Z [INFO] Downloading from central: https://repo.maven.apache.org/maven2/org/codehaus/plexus/plexus/1.0.10/plexus-1.0.10.pom
2026-04-19T23:18:29.7363760Z [INFO] Downloaded from central: https://repo.maven.apache.org/maven2/org/codehaus/plexus/plexus/1.0.10/plexus-1.0.10.pom (8.2 kB at 330 kB/s)
2026-04-19T23:18:29.7385740Z [INFO] Downloading from central: https://repo.maven.apache.org/maven2/junit/junit/3.8.1/junit-3.8.1.pom
2026-04-19T23:18:29.7667150Z [INFO] Downloaded from central: https://repo.maven.apache.org/maven2/junit/junit/3.8.1/junit-3.8.1.pom (998 B at 36 kB/s)
2026-04-19T23:18:29.7685430Z [INFO] Downloading from central: https://repo.maven.apache.org/maven2/org/codehaus/plexus/plexus-i18n/1.0-beta-7/plexus-i18n-1.0-beta-7.pom
2026-04-19T23:18:29.7927830Z [INFO] Downloaded from central: https://repo.maven.apache.org/maven2/org/codehaus/plexus/plexus-i18n/1.0-beta-7/plexus-i18n-1.0-beta-7.pom (1.1 kB at 44 kB/s)
2026-04-19T23:18:29.7941780Z [INFO] Downloading from central: https://repo.maven.apache.org/maven2/org/codehaus/plexus/plexus-components/1.1.12/plexus-components-1.1.12.pom
2026-04-19T23:18:29.8199640Z [INFO] Downloaded from central: https://repo.maven.apache.org/maven2/org/codehaus/plexus/plexus-components/1.1.12/plexus-components-1.1.12.pom (3.0 kB at 120 kB/s)
2026-04-19T23:18:29.8221400Z [INFO] Downloading from central: https://repo.maven.apache.org/maven2/org/codehaus/plexus/plexus-utils/1.4.1/plexus-utils-1.4.1.pom
2026-04-19T23:18:29.8488130Z [INFO] Downloaded from central: https://repo.maven.apache.org/maven2/org/codehaus/plexus/plexus-utils/1.4.1/plexus-utils-1.4.1.pom (1.9 kB at 71 kB/s)
2026-04-19T23:18:29.8515930Z [INFO] Downloading from central: https://repo.maven.apache.org/maven2/org/codehaus/plexus/plexus-velocity/1.1.7/plexus-velocity-1.1.7.pom
2026-04-19T23:18:29.8862240Z [INFO] Downloaded from central: https://repo.maven.apache.org/maven2/org/codehaus/plexus/plexus-velocity/1.1.7/plexus-velocity-1.1.7.pom (2.0 kB at 56 kB/s)
2026-04-19T23:18:29.9116390Z [INFO] Downloading from central: https://repo.maven.apache.org/maven2/org/codehaus/plexus/plexus-container-default/1.0-alpha-20/plexus-container-default-1.0-alpha-20.pom
2026-04-19T23:18:29.9201250Z [INFO] Downloaded from central: https://repo.maven.apache.org/maven2/org/codehaus/plexus/plexus-container-default/1.0-alpha-20/plexus-container-default-1.0-alpha-20.pom (3.0 kB at 120 kB/s)
2026-04-19T23:18:29.9215200Z [INFO] Downloading from central: https://repo.maven.apache.org/maven2/org/codehaus/plexus/plexus-containers/1.0-alpha-20/plexus-containers-1.0-alpha-20.pom
2026-04-19T23:18:29.9426730Z [INFO] Downloaded from central: https://repo.maven.apache.org/maven2/org/codehaus/plexus/plexus-containers/1.0-alpha-20/plexus-containers-1.0-alpha-20.pom (1.9 kB at 67 kB/s)
2026-04-19T23:18:29.9444690Z [INFO] Downloading from central: https://repo.maven.apache.org/maven2/org/codehaus/plexus/plexus-utils/1.3/plexus-utils-1.3.pom
2026-04-19T23:18:29.9686850Z [INFO] Downloaded from central: https://repo.maven.apache.org/maven2/org/codehaus/plexus/plexus-utils/1.3/plexus-utils-1.3.pom (1.0 kB at 43 kB/s)
2026-04-19T23:18:29.9698620Z [INFO] Downloading from central: https://repo.maven.apache.org/maven2/org/codehaus/plexus/plexus/1.0.8/plexus-1.0.8.pom
2026-04-19T23:18:29.9955260Z [INFO] Downloaded from central: https://repo.maven.apache.org/maven2/org/codehaus/plexus/plexus/1.0.8/plexus-1.0.8.pom (7.2 kB at 278 kB/s)
2026-04-19T23:18:29.9974980Z [INFO] Downloading from central: https://repo.maven.apache.org/maven2/org/codehaus/plexus/plexus-classworlds/1.2-alpha-7/plexus-classworlds-1.2-alpha-7.pom
2026-04-19T23:18:30.0253410Z [INFO] Downloaded from central: https://repo.maven.apache.org/maven2/org/codehaus/plexus/plexus-classworlds/1.2-alpha-7/plexus-classworlds-1.2-alpha-7.pom (2.4 kB at 85 kB/s)
2026-04-19T23:18:30.0268860Z [INFO] Downloading from central: https://repo.maven.apache.org/maven2/org/codehaus/plexus/plexus/1.0.9/plexus-1.0.9.pom
2026-04-19T23:18:30.0521800Z [INFO] Downloaded from central: https://repo.maven.apache.org/maven2/org/codehaus/plexus/plexus/1.0.9/plexus-1.0.9.pom (7.7 kB at 307 kB/s)
2026-04-19T23:18:30.0542890Z [INFO] Downloading from central: https://repo.maven.apache.org/maven2/org/apache/velocity/velocity/1.5/velocity-1.5.pom
2026-04-19T23:18:30.0839270Z [INFO] Downloaded from central: https://repo.maven.apache.org/maven2/org/apache/velocity/velocity/1.5/velocity-1.5.pom (7.8 kB at 268 kB/s)
2026-04-19T23:18:30.0861740Z [INFO] Downloading from central: https://repo.maven.apache.org/maven2/commons-collections/commons-collections/3.1/commons-collections-3.1.pom
2026-04-19T23:18:30.1144540Z [INFO] Downloaded from central: https://repo.maven.apache.org/maven2/commons-collections/commons-collections/3.1/commons-collections-3.1.pom (6.1 kB at 210 kB/s)
2026-04-19T23:18:30.1161970Z [INFO] Downloading from central: https://repo.maven.apache.org/maven2/commons-lang/commons-lang/2.1/commons-lang-2.1.pom
2026-04-19T23:18:30.1474380Z [INFO] Downloaded from central: https://repo.maven.apache.org/maven2/commons-lang/commons-lang/2.1/commons-lang-2.1.pom (9.9 kB at 320 kB/s)
2026-04-19T23:18:30.1495590Z [INFO] Downloading from central: https://repo.maven.apache.org/maven2/oro/oro/2.0.8/oro-2.0.8.pom
2026-04-19T23:18:30.1750560Z [INFO] Downloaded from central: https://repo.maven.apache.org/maven2/oro/oro/2.0.8/oro-2.0.8.pom (140 B at 5.6 kB/s)
2026-04-19T23:18:30.1765750Z [INFO] Downloading from central: https://repo.maven.apache.org/maven2/org/apache/maven/doxia/doxia-decoration-model/1.0/doxia-decoration-model-1.0.pom
2026-04-19T23:18:30.2072850Z [INFO] Downloaded from central: https://repo.maven.apache.org/maven2/org/apache/maven/doxia/doxia-decoration-model/1.0/doxia-decoration-model-1.0.pom (3.2 kB at 102 kB/s)
2026-04-19T23:18:30.2100660Z [INFO] Downloading from central: https://repo.maven.apache.org/maven2/commons-collections/commons-collections/3.2/commons-collections-3.2.pom
2026-04-19T23:18:30.2345930Z [INFO] Downloaded from central: https://repo.maven.apache.org/maven2/commons-collections/commons-collections/3.2/commons-collections-3.2.pom (11 kB at 441 kB/s)
2026-04-19T23:18:30.2364820Z [INFO] Downloading from central: https://repo.maven.apache.org/maven2/org/apache/maven/doxia/doxia-module-apt/1.0/doxia-module-apt-1.0.pom
2026-04-19T23:18:30.2604420Z [INFO] Downloaded from central: https://repo.maven.apache.org/maven2/org/apache/maven/doxia/doxia-module-apt/1.0/doxia-module-apt-1.0.pom (2.3 kB at 98 kB/s)
2026-04-19T23:18:30.2619390Z [INFO] Downloading from central: https://repo.maven.apache.org/maven2/org/apache/maven/doxia/doxia-modules/1.0/doxia-modules-1.0.pom
2026-04-19T23:18:30.2861270Z [INFO] Downloaded from central: https://repo.maven.apache.org/maven2/org/apache/maven/doxia/doxia-modules/1.0/doxia-modules-1.0.pom (2.4 kB at 100 kB/s)
2026-04-19T23:18:30.2893270Z [INFO] Downloading from central: https://repo.maven.apache.org/maven2/org/apache/maven/doxia/doxia-module-fml/1.0/doxia-module-fml-1.0.pom
2026-04-19T23:18:30.3155340Z [INFO] Downloaded from central: https://repo.maven.apache.org/maven2/org/apache/maven/doxia/doxia-module-fml/1.0/doxia-module-fml-1.0.pom (2.7 kB at 100 kB/s)
2026-04-19T23:18:30.3180520Z [INFO] Downloading from central: https://repo.maven.apache.org/maven2/org/apache/maven/doxia/doxia-module-xdoc/1.0/doxia-module-xdoc-1.0.pom
2026-04-19T23:18:30.3453360Z [INFO] Downloaded from central: https://repo.maven.apache.org/maven2/org/apache/maven/doxia/doxia-module-xdoc/1.0/doxia-module-xdoc-1.0.pom (2.2 kB at 80 kB/s)
2026-04-19T23:18:30.3479530Z [INFO] Downloading from central: https://repo.maven.apache.org/maven2/org/apache/maven/doxia/doxia-module-xhtml/1.0/doxia-module-xhtml-1.0.pom
2026-04-19T23:18:30.3734630Z [INFO] Downloaded from central: https://repo.maven.apache.org/maven2/org/apache/maven/doxia/doxia-module-xhtml/1.0/doxia-module-xhtml-1.0.pom (1.6 kB at 62 kB/s)
2026-04-19T23:18:30.3894800Z [INFO] Downloading from central: https://repo.maven.apache.org/maven2/org/apache/felix/maven-bundle-plugin/6.0.2/maven-bundle-plugin-6.0.2.jar
2026-04-19T23:18:30.4318620Z [INFO] Downloaded from central: https://repo.maven.apache.org/maven2/org/apache/felix/maven-bundle-plugin/6.0.2/maven-bundle-plugin-6.0.2.jar (213 kB at 5.2 MB/s)
2026-04-19T23:18:30.4351850Z [INFO] Downloading from central: https://repo.maven.apache.org/maven2/org/osgi/org.osgi.core/6.0.0/org.osgi.core-6.0.0.jar
2026-04-19T23:18:30.4354050Z [INFO] Downloading from central: https://repo.maven.apache.org/maven2/biz/aQute/bnd/biz.aQute.bndlib/7.0.0/biz.aQute.bndlib-7.0.0.jar
2026-04-19T23:18:30.4354850Z [INFO] Downloading from central: https://repo.maven.apache.org/maven2/org/osgi/org.osgi.dto/1.0.0/org.osgi.dto-1.0.0.jar
2026-04-19T23:18:30.4355530Z [INFO] Downloading from central: https://repo.maven.apache.org/maven2/org/osgi/org.osgi.resource/1.0.0/org.osgi.resource-1.0.0.jar
2026-04-19T23:18:30.4356220Z [INFO] Downloading from central: https://repo.maven.apache.org/maven2/org/osgi/org.osgi.framework/1.8.0/org.osgi.framework-1.8.0.jar
2026-04-19T23:18:30.5003380Z [INFO] Downloaded from central: https://repo.maven.apache.org/maven2/org/osgi/org.osgi.dto/1.0.0/org.osgi.dto-1.0.0.jar (15 kB at 225 kB/s)
2026-04-19T23:18:30.5004760Z [INFO] Downloading from central: https://repo.maven.apache.org/maven2/org/osgi/org.osgi.util.tracker/1.5.4/org.osgi.util.tracker-1.5.4.jar
2026-04-19T23:18:30.5012860Z [INFO] Downloaded from central: https://repo.maven.apache.org/maven2/org/osgi/org.osgi.resource/1.0.0/org.osgi.resource-1.0.0.jar (33 kB at 486 kB/s)
2026-04-19T23:18:30.5013750Z [INFO] Downloading from central: https://repo.maven.apache.org/maven2/org/osgi/osgi.annotation/8.0.1/osgi.annotation-8.0.1.jar
2026-04-19T23:18:30.5198600Z [INFO] Downloaded from central: https://repo.maven.apache.org/maven2/biz/aQute/bnd/biz.aQute.bndlib/7.0.0/biz.aQute.bndlib-7.0.0.jar (3.2 MB at 37 MB/s)
2026-04-19T23:18:30.5205440Z [INFO] Downloading from central: https://repo.maven.apache.org/maven2/org/osgi/org.osgi.service.log/1.3.0/org.osgi.service.log-1.3.0.jar
2026-04-19T23:18:30.5232930Z [INFO] Downloaded from central: https://repo.maven.apache.org/maven2/org/osgi/org.osgi.framework/1.8.0/org.osgi.framework-1.8.0.jar (345 kB at 3.8 MB/s)
2026-04-19T23:18:30.5234000Z [INFO] Downloading from central: https://repo.maven.apache.org/maven2/org/osgi/org.osgi.service.repository/1.1.0/org.osgi.service.repository-1.1.0.jar
2026-04-19T23:18:30.5260030Z [INFO] Downloaded from central: https://repo.maven.apache.org/maven2/org/osgi/org.osgi.core/6.0.0/org.osgi.core-6.0.0.jar (475 kB at 5.0 MB/s)
2026-04-19T23:18:30.5261460Z [INFO] Downloading from central: https://repo.maven.apache.org/maven2/org/osgi/org.osgi.util.function/1.2.0/org.osgi.util.function-1.2.0.jar
2026-04-19T23:18:30.5275130Z [INFO] Downloaded from central: https://repo.maven.apache.org/maven2/org/osgi/osgi.annotation/8.0.1/osgi.annotation-8.0.1.jar (37 kB at 392 kB/s)
2026-04-19T23:18:30.5276050Z [INFO] Downloading from central: https://repo.maven.apache.org/maven2/org/osgi/org.osgi.util.promise/1.2.0/org.osgi.util.promise-1.2.0.jar
2026-04-19T23:18:30.5313790Z [INFO] Downloaded from central: https://repo.maven.apache.org/maven2/org/osgi/org.osgi.util.tracker/1.5.4/org.osgi.util.tracker-1.5.4.jar (44 kB at 449 kB/s)
2026-04-19T23:18:30.5314910Z [INFO] Downloading from central: https://repo.maven.apache.org/maven2/biz/aQute/bnd/biz.aQute.bnd.util/7.0.0/biz.aQute.bnd.util-7.0.0.jar
2026-04-19T23:18:30.5418940Z [INFO] Downloaded from central: https://repo.maven.apache.org/maven2/org/osgi/org.osgi.service.log/1.3.0/org.osgi.service.log-1.3.0.jar (17 kB at 156 kB/s)
2026-04-19T23:18:30.5419830Z [INFO] Downloading from central: https://repo.maven.apache.org/maven2/org/slf4j/slf4j-api/1.7.25/slf4j-api-1.7.25.jar
2026-04-19T23:18:30.5525820Z [INFO] Downloaded from central: https://repo.maven.apache.org/maven2/org/osgi/org.osgi.util.function/1.2.0/org.osgi.util.function-1.2.0.jar (24 kB at 200 kB/s)
2026-04-19T23:18:30.5526790Z [INFO] Downloaded from central: https://repo.maven.apache.org/maven2/org/osgi/org.osgi.service.repository/1.1.0/org.osgi.service.repository-1.1.0.jar (25 kB at 216 kB/s)
2026-04-19T23:18:30.5527810Z [INFO] Downloading from central: https://repo.maven.apache.org/maven2/org/apache/felix/org.apache.felix.bundlerepository/1.6.6/org.apache.felix.bundlerepository-1.6.6.jar
2026-04-19T23:18:30.5528720Z [INFO] Downloading from central: https://repo.maven.apache.org/maven2/org/easymock/easymock/2.4/easymock-2.4.jar
2026-04-19T23:18:30.5623650Z [INFO] Downloaded from central: https://repo.maven.apache.org/maven2/org/osgi/org.osgi.util.promise/1.2.0/org.osgi.util.promise-1.2.0.jar (83 kB at 652 kB/s)
2026-04-19T23:18:30.5624540Z [INFO] Downloading from central: https://repo.maven.apache.org/maven2/org/apache/felix/org.apache.felix.utils/1.6.0/org.apache.felix.utils-1.6.0.jar
2026-04-19T23:18:30.5737010Z [INFO] Downloaded from central: https://repo.maven.apache.org/maven2/org/slf4j/slf4j-api/1.7.25/slf4j-api-1.7.25.jar (41 kB at 296 kB/s)
2026-04-19T23:18:30.5737780Z [INFO] Downloading from central: https://repo.maven.apache.org/maven2/org/osgi/org.osgi.compendium/4.2.0/org.osgi.compendium-4.2.0.jar
2026-04-19T23:18:30.5811610Z [INFO] Downloaded from central: https://repo.maven.apache.org/maven2/org/easymock/easymock/2.4/easymock-2.4.jar (81 kB at 556 kB/s)
2026-04-19T23:18:30.5818130Z [INFO] Downloading from central: https://repo.maven.apache.org/maven2/org/apache/maven/reporting/maven-reporting-api/3.0/maven-reporting-api-3.0.jar
2026-04-19T23:18:30.5858110Z [INFO] Downloaded from central: https://repo.maven.apache.org/maven2/org/apache/felix/org.apache.felix.bundlerepository/1.6.6/org.apache.felix.bundlerepository-1.6.6.jar (168 kB at 1.1 MB/s)
2026-04-19T23:18:30.5859040Z [INFO] Downloading from central: https://repo.maven.apache.org/maven2/org/apache/maven/maven-archiver/3.5.2/maven-archiver-3.5.2.jar
2026-04-19T23:18:30.5912470Z [INFO] Downloaded from central: https://repo.maven.apache.org/maven2/biz/aQute/bnd/biz.aQute.bnd.util/7.0.0/biz.aQute.bnd.util-7.0.0.jar (442 kB at 2.8 MB/s)
2026-04-19T23:18:30.5913500Z [INFO] Downloading from central: https://repo.maven.apache.org/maven2/org/apache/maven/maven-artifact/3.1.1/maven-artifact-3.1.1.jar
2026-04-19T23:18:30.5935400Z [INFO] Downloaded from central: https://repo.maven.apache.org/maven2/org/apache/felix/org.apache.felix.utils/1.6.0/org.apache.felix.utils-1.6.0.jar (68 kB at 425 kB/s)
2026-04-19T23:18:30.5936190Z [INFO] Downloading from central: https://repo.maven.apache.org/maven2/org/apache/maven/maven-model/3.1.1/maven-model-3.1.1.jar
2026-04-19T23:18:30.5984910Z [INFO] Downloaded from central: https://repo.maven.apache.org/maven2/org/osgi/org.osgi.compendium/4.2.0/org.osgi.compendium-4.2.0.jar (614 kB at 3.7 MB/s)
2026-04-19T23:18:30.5986040Z [INFO] Downloading from central: https://repo.maven.apache.org/maven2/org/apache/maven/maven-core/3.1.1/maven-core-3.1.1.jar
2026-04-19T23:18:30.6040050Z [INFO] Downloaded from central: https://repo.maven.apache.org/maven2/org/apache/maven/reporting/maven-reporting-api/3.0/maven-reporting-api-3.0.jar (11 kB at 65 kB/s)
2026-04-19T23:18:30.6042030Z [INFO] Downloading from central: https://repo.maven.apache.org/maven2/org/apache/maven/maven-settings/3.1.1/maven-settings-3.1.1.jar
2026-04-19T23:18:30.6117160Z [INFO] Downloaded from central: https://repo.maven.apache.org/maven2/org/apache/maven/maven-archiver/3.5.2/maven-archiver-3.5.2.jar (26 kB at 148 kB/s)
2026-04-19T23:18:30.6118000Z [INFO] Downloading from central: https://repo.maven.apache.org/maven2/org/apache/maven/maven-settings-builder/3.1.1/maven-settings-builder-3.1.1.jar
2026-04-19T23:18:30.6200570Z [INFO] Downloaded from central: https://repo.maven.apache.org/maven2/org/apache/maven/maven-artifact/3.1.1/maven-artifact-3.1.1.jar (52 kB at 283 kB/s)
2026-04-19T23:18:30.6304340Z [INFO] Downloading from central: https://repo.maven.apache.org/maven2/org/apache/maven/maven-repository-metadata/3.1.1/maven-repository-metadata-3.1.1.jar
2026-04-19T23:18:30.6306200Z [INFO] Downloaded from central: https://repo.maven.apache.org/maven2/org/apache/maven/maven-settings/3.1.1/maven-settings-3.1.1.jar (42 kB at 214 kB/s)
2026-04-19T23:18:30.6309470Z [INFO] Downloading from central: https://repo.maven.apache.org/maven2/org/apache/maven/maven-plugin-api/3.1.1/maven-plugin-api-3.1.1.jar
2026-04-19T23:18:30.6310320Z [INFO] Downloaded from central: https://repo.maven.apache.org/maven2/org/apache/maven/maven-core/3.1.1/maven-core-3.1.1.jar (557 kB at 2.8 MB/s)
2026-04-19T23:18:30.6311340Z [INFO] Downloading from central: https://repo.maven.apache.org/maven2/org/apache/maven/maven-model-builder/3.1.1/maven-model-builder-3.1.1.jar
2026-04-19T23:18:30.6327890Z [INFO] Downloaded from central: https://repo.maven.apache.org/maven2/org/apache/maven/maven-model/3.1.1/maven-model-3.1.1.jar (154 kB at 779 kB/s)
2026-04-19T23:18:30.6328850Z [INFO] Downloading from central: https://repo.maven.apache.org/maven2/org/apache/maven/maven-aether-provider/3.1.1/maven-aether-provider-3.1.1.jar
2026-04-19T23:18:30.6368330Z [INFO] Downloaded from central: https://repo.maven.apache.org/maven2/org/apache/maven/maven-settings-builder/3.1.1/maven-settings-builder-3.1.1.jar (42 kB at 206 kB/s)
2026-04-19T23:18:30.6369170Z [INFO] Downloading from central: https://repo.maven.apache.org/maven2/org/eclipse/aether/aether-spi/0.9.0.M2/aether-spi-0.9.0.M2.jar
2026-04-19T23:18:30.6512550Z [INFO] Downloaded from central: https://repo.maven.apache.org/maven2/org/apache/maven/maven-repository-metadata/3.1.1/maven-repository-metadata-3.1.1.jar (25 kB at 116 kB/s)
2026-04-19T23:18:30.6513560Z [INFO] Downloading from central: https://repo.maven.apache.org/maven2/org/eclipse/aether/aether-impl/0.9.0.M2/aether-impl-0.9.0.M2.jar
2026-04-19T23:18:30.6553730Z [INFO] Downloaded from central: https://repo.maven.apache.org/maven2/org/apache/maven/maven-plugin-api/3.1.1/maven-plugin-api-3.1.1.jar (45 kB at 203 kB/s)
2026-04-19T23:18:30.6555160Z [INFO] Downloading from central: https://repo.maven.apache.org/maven2/org/eclipse/aether/aether-api/0.9.0.M2/aether-api-0.9.0.M2.jar
2026-04-19T23:18:30.6581580Z [INFO] Downloaded from central: https://repo.maven.apache.org/maven2/org/apache/maven/maven-model-builder/3.1.1/maven-model-builder-3.1.1.jar (160 kB at 712 kB/s)
2026-04-19T23:18:30.6582470Z [INFO] Downloading from central: https://repo.maven.apache.org/maven2/org/eclipse/sisu/org.eclipse.sisu.plexus/0.0.0.M5/org.eclipse.sisu.plexus-0.0.0.M5.jar
2026-04-19T23:18:30.6617940Z [INFO] Downloaded from central: https://repo.maven.apache.org/maven2/org/apache/maven/maven-aether-provider/3.1.1/maven-aether-provider-3.1.1.jar (60 kB at 263 kB/s)
2026-04-19T23:18:30.6618780Z [INFO] Downloading from central: https://repo.maven.apache.org/maven2/javax/enterprise/cdi-api/1.0/cdi-api-1.0.jar
2026-04-19T23:18:30.6660880Z [INFO] Downloaded from central: https://repo.maven.apache.org/maven2/org/eclipse/aether/aether-spi/0.9.0.M2/aether-spi-0.9.0.M2.jar (18 kB at 77 kB/s)
2026-04-19T23:18:30.6661730Z [INFO] Downloading from central: https://repo.maven.apache.org/maven2/javax/annotation/jsr250-api/1.0/jsr250-api-1.0.jar
2026-04-19T23:18:30.6790300Z [INFO] Downloaded from central: https://repo.maven.apache.org/maven2/org/eclipse/aether/aether-api/0.9.0.M2/aether-api-0.9.0.M2.jar (134 kB at 549 kB/s)
2026-04-19T23:18:30.6791180Z [INFO] Downloading from central: https://repo.maven.apache.org/maven2/javax/inject/javax.inject/1/javax.inject-1.jar
2026-04-19T23:18:30.6859840Z [INFO] Downloaded from central: https://repo.maven.apache.org/maven2/org/eclipse/aether/aether-impl/0.9.0.M2/aether-impl-0.9.0.M2.jar (145 kB at 577 kB/s)
2026-04-19T23:18:30.6860840Z [INFO] Downloading from central: https://repo.maven.apache.org/maven2/com/google/guava/guava/10.0.1/guava-10.0.1.jar
2026-04-19T23:18:30.6861910Z [INFO] Downloaded from central: https://repo.maven.apache.org/maven2/org/eclipse/sisu/org.eclipse.sisu.plexus/0.0.0.M5/org.eclipse.sisu.plexus-0.0.0.M5.jar (197 kB at 783 kB/s)
2026-04-19T23:18:30.6862780Z [INFO] Downloading from central: https://repo.maven.apache.org/maven2/com/google/code/findbugs/jsr305/1.3.9/jsr305-1.3.9.jar
2026-04-19T23:18:30.6909970Z [INFO] Downloaded from central: https://repo.maven.apache.org/maven2/javax/enterprise/cdi-api/1.0/cdi-api-1.0.jar (45 kB at 175 kB/s)
2026-04-19T23:18:30.6912590Z [INFO] Downloading from central: https://repo.maven.apache.org/maven2/org/sonatype/sisu/sisu-guice/3.1.0/sisu-guice-3.1.0-no_aop.jar
2026-04-19T23:18:30.6925490Z [INFO] Downloaded from central: https://repo.maven.apache.org/maven2/javax/annotation/jsr250-api/1.0/jsr250-api-1.0.jar (5.8 kB at 23 kB/s)
2026-04-19T23:18:30.6926520Z [INFO] Downloading from central: https://repo.maven.apache.org/maven2/aopalliance/aopalliance/1.0/aopalliance-1.0.jar
2026-04-19T23:18:30.7009320Z [INFO] Downloaded from central: https://repo.maven.apache.org/maven2/javax/inject/javax.inject/1/javax.inject-1.jar (2.5 kB at 9.4 kB/s)
2026-04-19T23:18:30.7011750Z [INFO] Downloading from central: https://repo.maven.apache.org/maven2/org/eclipse/sisu/org.eclipse.sisu.inject/0.0.0.M5/org.eclipse.sisu.inject-0.0.0.M5.jar
2026-04-19T23:18:30.7180780Z [INFO] Downloaded from central: https://repo.maven.apache.org/maven2/com/google/code/findbugs/jsr305/1.3.9/jsr305-1.3.9.jar (33 kB at 117 kB/s)
2026-04-19T23:18:30.7187370Z [INFO] Downloading from central: https://repo.maven.apache.org/maven2/org/codehaus/plexus/plexus-classworlds/2.5.1/plexus-classworlds-2.5.1.jar
2026-04-19T23:18:30.7189700Z [INFO] Downloaded from central: https://repo.maven.apache.org/maven2/aopalliance/aopalliance/1.0/aopalliance-1.0.jar (4.5 kB at 16 kB/s)
2026-04-19T23:18:30.7190630Z [INFO] Downloading from central: https://repo.maven.apache.org/maven2/org/sonatype/plexus/plexus-sec-dispatcher/1.3/plexus-sec-dispatcher-1.3.jar
2026-04-19T23:18:30.7285830Z [INFO] Downloaded from central: https://repo.maven.apache.org/maven2/org/eclipse/sisu/org.eclipse.sisu.inject/0.0.0.M5/org.eclipse.sisu.inject-0.0.0.M5.jar (291 kB at 995 kB/s)
2026-04-19T23:18:30.7298640Z [INFO] Downloading from central: https://repo.maven.apache.org/maven2/org/sonatype/plexus/plexus-cipher/1.4/plexus-cipher-1.4.jar
2026-04-19T23:18:30.7354020Z [INFO] Downloaded from central: https://repo.maven.apache.org/maven2/org/sonatype/sisu/sisu-guice/3.1.0/sisu-guice-3.1.0-no_aop.jar (357 kB at 1.2 MB/s)
2026-04-19T23:18:30.7359170Z [INFO] Downloading from central: https://repo.maven.apache.org/maven2/org/apache/maven/shared/maven-shared-utils/3.3.3/maven-shared-utils-3.3.3.jar
2026-04-19T23:18:30.7388280Z [INFO] Downloaded from central: https://repo.maven.apache.org/maven2/com/google/guava/guava/10.0.1/guava-10.0.1.jar (1.5 MB at 4.9 MB/s)
2026-04-19T23:18:30.7389120Z [INFO] Downloading from central: https://repo.maven.apache.org/maven2/commons-io/commons-io/2.6/commons-io-2.6.jar
2026-04-19T23:18:30.7430430Z [INFO] Downloaded from central: https://repo.maven.apache.org/maven2/org/codehaus/plexus/plexus-classworlds/2.5.1/plexus-classworlds-2.5.1.jar (50 kB at 162 kB/s)
2026-04-19T23:18:30.7431380Z [INFO] Downloading from central: https://repo.maven.apache.org/maven2/org/apache/commons/commons-compress/1.20/commons-compress-1.20.jar
2026-04-19T23:18:30.7478550Z [INFO] Downloaded from central: https://repo.maven.apache.org/maven2/org/sonatype/plexus/plexus-sec-dispatcher/1.3/plexus-sec-dispatcher-1.3.jar (29 kB at 91 kB/s)
2026-04-19T23:18:30.7479470Z [INFO] Downloading from central: https://repo.maven.apache.org/maven2/org/codehaus/plexus/plexus-archiver/4.2.7/plexus-archiver-4.2.7.jar
2026-04-19T23:18:30.7516480Z [INFO] Downloaded from central: https://repo.maven.apache.org/maven2/org/sonatype/plexus/plexus-cipher/1.4/plexus-cipher-1.4.jar (13 kB at 43 kB/s)
2026-04-19T23:18:30.7517370Z [INFO] Downloading from central: https://repo.maven.apache.org/maven2/org/codehaus/plexus/plexus-io/3.2.0/plexus-io-3.2.0.jar
2026-04-19T23:18:30.7630250Z [INFO] Downloaded from central: https://repo.maven.apache.org/maven2/commons-io/commons-io/2.6/commons-io-2.6.jar (215 kB at 655 kB/s)
2026-04-19T23:18:30.7631040Z [INFO] Downloading from central: https://repo.maven.apache.org/maven2/org/iq80/snappy/snappy/0.4/snappy-0.4.jar
2026-04-19T23:18:30.7642320Z [INFO] Downloaded from central: https://repo.maven.apache.org/maven2/org/apache/maven/shared/maven-shared-utils/3.3.3/maven-shared-utils-3.3.3.jar (154 kB at 468 kB/s)
2026-04-19T23:18:30.7643050Z [INFO] Downloading from central: https://repo.maven.apache.org/maven2/org/tukaani/xz/1.9/xz-1.9.jar
2026-04-19T23:18:30.7736000Z [INFO] Downloaded from central: https://repo.maven.apache.org/maven2/org/codehaus/plexus/plexus-io/3.2.0/plexus-io-3.2.0.jar (76 kB at 223 kB/s)
2026-04-19T23:18:30.7737230Z [INFO] Downloading from central: https://repo.maven.apache.org/maven2/org/codehaus/plexus/plexus-interpolation/1.26/plexus-interpolation-1.26.jar
2026-04-19T23:18:30.7819920Z [INFO] Downloaded from central: https://repo.maven.apache.org/maven2/org/apache/commons/commons-compress/1.20/commons-compress-1.20.jar (632 kB at 1.8 MB/s)
2026-04-19T23:18:30.7820810Z [INFO] Downloading from central: https://repo.maven.apache.org/maven2/org/apache/maven/shared/maven-dependency-tree/3.0/maven-dependency-tree-3.0.jar
2026-04-19T23:18:30.7859610Z [INFO] Downloaded from central: https://repo.maven.apache.org/maven2/org/codehaus/plexus/plexus-archiver/4.2.7/plexus-archiver-4.2.7.jar (195 kB at 555 kB/s)
2026-04-19T23:18:30.7860490Z [INFO] Downloading from central: https://repo.maven.apache.org/maven2/org/codehaus/plexus/plexus-component-annotations/1.6/plexus-component-annotations-1.6.jar
2026-04-19T23:18:30.7881980Z [INFO] Downloaded from central: https://repo.maven.apache.org/maven2/org/iq80/snappy/snappy/0.4/snappy-0.4.jar (58 kB at 164 kB/s)
2026-04-19T23:18:30.7882890Z [INFO] Downloading from central: https://repo.maven.apache.org/maven2/org/eclipse/aether/aether-util/0.9.0.M2/aether-util-0.9.0.M2.jar
2026-04-19T23:18:30.7952050Z [INFO] Downloaded from central: https://repo.maven.apache.org/maven2/org/tukaani/xz/1.9/xz-1.9.jar (116 kB at 321 kB/s)
2026-04-19T23:18:30.7954290Z [INFO] Downloading from central: https://repo.maven.apache.org/maven2/org/codehaus/plexus/plexus-utils/3.3.0/plexus-utils-3.3.0.jar
2026-04-19T23:18:30.7962380Z [INFO] Downloaded from central: https://repo.maven.apache.org/maven2/org/codehaus/plexus/plexus-interpolation/1.26/plexus-interpolation-1.26.jar (85 kB at 236 kB/s)
2026-04-19T23:18:30.7963380Z [INFO] Downloading from central: https://repo.maven.apache.org/maven2/org/sonatype/plexus/plexus-build-api/0.0.7/plexus-build-api-0.0.7.jar
2026-04-19T23:18:30.8095120Z [INFO] Downloaded from central: https://repo.maven.apache.org/maven2/org/apache/maven/shared/maven-dependency-tree/3.0/maven-dependency-tree-3.0.jar (37 kB at 98 kB/s)
2026-04-19T23:18:30.8096040Z [INFO] Downloading from central: https://repo.maven.apache.org/maven2/org/apache/maven/doxia/doxia-sink-api/1.0/doxia-sink-api-1.0.jar
2026-04-19T23:18:30.8113360Z [INFO] Downloaded from central: https://repo.maven.apache.org/maven2/org/eclipse/aether/aether-util/0.9.0.M2/aether-util-0.9.0.M2.jar (134 kB at 354 kB/s)
2026-04-19T23:18:30.8114170Z [INFO] Downloading from central: https://repo.maven.apache.org/maven2/org/apache/maven/doxia/doxia-site-renderer/1.0/doxia-site-renderer-1.0.jar
2026-04-19T23:18:30.8163400Z [INFO] Downloaded from central: https://repo.maven.apache.org/maven2/org/codehaus/plexus/plexus-component-annotations/1.6/plexus-component-annotations-1.6.jar (4.3 kB at 11 kB/s)
2026-04-19T23:18:30.8164230Z [INFO] Downloading from central: https://repo.maven.apache.org/maven2/org/apache/maven/doxia/doxia-core/1.0/doxia-core-1.0.jar
2026-04-19T23:18:30.8180650Z [INFO] Downloaded from central: https://repo.maven.apache.org/maven2/org/sonatype/plexus/plexus-build-api/0.0.7/plexus-build-api-0.0.7.jar (8.5 kB at 22 kB/s)
2026-04-19T23:18:30.8181450Z [INFO] Downloading from central: https://repo.maven.apache.org/maven2/org/codehaus/plexus/plexus-i18n/1.0-beta-7/plexus-i18n-1.0-beta-7.jar
2026-04-19T23:18:30.8261540Z [INFO] Downloaded from central: https://repo.maven.apache.org/maven2/org/codehaus/plexus/plexus-utils/3.3.0/plexus-utils-3.3.0.jar (263 kB at 672 kB/s)
2026-04-19T23:18:30.8262490Z [INFO] Downloading from central: https://repo.maven.apache.org/maven2/org/codehaus/plexus/plexus-container-default/1.0-alpha-30/plexus-container-default-1.0-alpha-30.jar
2026-04-19T23:18:30.8363760Z [INFO] Downloaded from central: https://repo.maven.apache.org/maven2/org/apache/maven/doxia/doxia-sink-api/1.0/doxia-sink-api-1.0.jar (10 kB at 25 kB/s)
2026-04-19T23:18:30.8364540Z [INFO] Downloading from central: https://repo.maven.apache.org/maven2/junit/junit/3.8.1/junit-3.8.1.jar
2026-04-19T23:18:30.8365560Z [INFO] Downloaded from central: https://repo.maven.apache.org/maven2/org/apache/maven/doxia/doxia-site-renderer/1.0/doxia-site-renderer-1.0.jar (47 kB at 116 kB/s)
2026-04-19T23:18:30.8366470Z [INFO] Downloading from central: https://repo.maven.apache.org/maven2/org/codehaus/plexus/plexus-velocity/1.1.7/plexus-velocity-1.1.7.jar
2026-04-19T23:18:30.8412000Z [INFO] Downloaded from central: https://repo.maven.apache.org/maven2/org/codehaus/plexus/plexus-i18n/1.0-beta-7/plexus-i18n-1.0-beta-7.jar (11 kB at 26 kB/s)
2026-04-19T23:18:30.8412820Z [INFO] Downloading from central: https://repo.maven.apache.org/maven2/org/apache/velocity/velocity/1.5/velocity-1.5.jar
2026-04-19T23:18:30.8518190Z [INFO] Downloaded from central: https://repo.maven.apache.org/maven2/org/apache/maven/doxia/doxia-core/1.0/doxia-core-1.0.jar (55 kB at 132 kB/s)
2026-04-19T23:18:30.8519030Z [INFO] Downloading from central: https://repo.maven.apache.org/maven2/commons-lang/commons-lang/2.1/commons-lang-2.1.jar
2026-04-19T23:18:30.8566190Z [INFO] Downloaded from central: https://repo.maven.apache.org/maven2/org/codehaus/plexus/plexus-container-default/1.0-alpha-30/plexus-container-default-1.0-alpha-30.jar (237 kB at 563 kB/s)
2026-04-19T23:18:30.8567160Z [INFO] Downloading from central: https://repo.maven.apache.org/maven2/oro/oro/2.0.8/oro-2.0.8.jar
2026-04-19T23:18:30.8591190Z [INFO] Downloaded from central: https://repo.maven.apache.org/maven2/org/codehaus/plexus/plexus-velocity/1.1.7/plexus-velocity-1.1.7.jar (7.7 kB at 18 kB/s)
2026-04-19T23:18:30.8592060Z [INFO] Downloading from central: https://repo.maven.apache.org/maven2/org/apache/maven/doxia/doxia-decoration-model/1.0/doxia-decoration-model-1.0.jar
2026-04-19T23:18:30.8610200Z [INFO] Downloaded from central: https://repo.maven.apache.org/maven2/junit/junit/3.8.1/junit-3.8.1.jar (121 kB at 284 kB/s)
2026-04-19T23:18:30.8610930Z [INFO] Downloading from central: https://repo.maven.apache.org/maven2/commons-collections/commons-collections/3.2/commons-collections-3.2.jar
2026-04-19T23:18:30.8673280Z [INFO] Downloaded from central: https://repo.maven.apache.org/maven2/org/apache/velocity/velocity/1.5/velocity-1.5.jar (392 kB at 906 kB/s)
2026-04-19T23:18:30.8867200Z [INFO] Downloading from central: https://repo.maven.apache.org/maven2/org/apache/maven/doxia/doxia-module-apt/1.0/doxia-module-apt-1.0.jar
2026-04-19T23:18:30.8868380Z [INFO] Downloaded from central: https://repo.maven.apache.org/maven2/org/apache/maven/doxia/doxia-decoration-model/1.0/doxia-decoration-model-1.0.jar (49 kB at 108 kB/s)
2026-04-19T23:18:30.8869970Z [INFO] Downloaded from central: https://repo.maven.apache.org/maven2/commons-lang/commons-lang/2.1/commons-lang-2.1.jar (208 kB at 460 kB/s)
2026-04-19T23:18:30.8870960Z [INFO] Downloading from central: https://repo.maven.apache.org/maven2/org/apache/maven/doxia/doxia-module-fml/1.0/doxia-module-fml-1.0.jar
2026-04-19T23:18:30.8871780Z [INFO] Downloading from central: https://repo.maven.apache.org/maven2/org/apache/maven/doxia/doxia-module-xdoc/1.0/doxia-module-xdoc-1.0.jar
2026-04-19T23:18:30.8872620Z [INFO] Downloaded from central: https://repo.maven.apache.org/maven2/oro/oro/2.0.8/oro-2.0.8.jar (65 kB at 144 kB/s)
2026-04-19T23:18:30.8873450Z [INFO] Downloading from central: https://repo.maven.apache.org/maven2/org/apache/maven/doxia/doxia-module-xhtml/1.0/doxia-module-xhtml-1.0.jar
2026-04-19T23:18:30.8928770Z [INFO] Downloaded from central: https://repo.maven.apache.org/maven2/org/apache/maven/doxia/doxia-module-apt/1.0/doxia-module-apt-1.0.jar (47 kB at 103 kB/s)
2026-04-19T23:18:30.8929880Z [INFO] Downloaded from central: https://repo.maven.apache.org/maven2/commons-collections/commons-collections/3.2/commons-collections-3.2.jar (571 kB at 1.2 MB/s)
2026-04-19T23:18:30.9125430Z [INFO] Downloaded from central: https://repo.maven.apache.org/maven2/org/apache/maven/doxia/doxia-module-xhtml/1.0/doxia-module-xhtml-1.0.jar (22 kB at 46 kB/s)
2026-04-19T23:18:30.9177290Z [INFO] Downloaded from central: https://repo.maven.apache.org/maven2/org/apache/maven/doxia/doxia-module-fml/1.0/doxia-module-fml-1.0.jar (19 kB at 38 kB/s)
2026-04-19T23:18:30.9244770Z [INFO] Downloaded from central: https://repo.maven.apache.org/maven2/org/apache/maven/doxia/doxia-module-xdoc/1.0/doxia-module-xdoc-1.0.jar (28 kB at 57 kB/s)
2026-04-19T23:18:31.0545130Z [WARNING] 
2026-04-19T23:18:31.0545670Z [WARNING] Some problems were encountered while building the effective model for com.github.librepdf:openpdf-html:jar:3.0.4-SNAPSHOT
2026-04-19T23:18:31.0546420Z [WARNING] 'build.plugins.plugin.version' for org.apache.maven.plugins:maven-resources-plugin is missing. @ line 94, column 15
2026-04-19T23:18:31.0546900Z [WARNING] 
2026-04-19T23:18:31.0547260Z [WARNING] It is highly recommended to fix these problems because they threaten the stability of your build.
2026-04-19T23:18:31.0547650Z [WARNING] 
2026-04-19T23:18:31.0548000Z [WARNING] For this reason, future Maven versions might no longer support building such malformed projects.
2026-04-19T23:18:31.0548390Z [WARNING] 
2026-04-19T23:18:31.0585940Z [INFO] ------------------------------------------------------------------------
2026-04-19T23:18:31.0586370Z [INFO] Reactor Build Order:
2026-04-19T23:18:31.0586580Z [INFO] 
2026-04-19T23:18:31.0587530Z [INFO] OpenPDF - Free and Open PDF                                        [pom]
2026-04-19T23:18:31.0587950Z [INFO] OpenPDF core modern                                                [jar]
2026-04-19T23:18:31.0588330Z [INFO] OpenPDF Swing                                                      [jar]
2026-04-19T23:18:31.0588710Z [INFO] OpenPDF Toolbox                                                    [jar]
2026-04-19T23:18:31.0589100Z [INFO] OpenPDF Fonts Extras                                               [jar]
2026-04-19T23:18:31.0589500Z [INFO] openpdf-html HTML to PDF renderer                                  [jar]
2026-04-19T23:18:31.0589890Z [INFO] OpenPDF Kotlin                                                     [jar]
2026-04-19T23:18:31.0590260Z [INFO] OpenPDF Renderer                                                   [jar]
2026-04-19T23:18:31.0632100Z [INFO] 
2026-04-19T23:18:31.0632490Z [INFO] -----------------< com.github.librepdf:openpdf-parent >-----------------
2026-04-19T23:18:31.0636010Z [INFO] Building OpenPDF - Free and Open PDF 3.0.4-SNAPSHOT                [1/8]
2026-04-19T23:18:31.0636370Z [INFO]   from pom.xml
2026-04-19T23:18:31.0636650Z [INFO] --------------------------------[ pom ]---------------------------------
2026-04-19T23:18:31.0675440Z [INFO] Downloading from central: https://repo.maven.apache.org/maven2/org/jacoco/jacoco-maven-plugin/0.8.14/jacoco-maven-plugin-0.8.14.pom
2026-04-19T23:18:31.0944400Z [INFO] Downloaded from central: https://repo.maven.apache.org/maven2/org/jacoco/jacoco-maven-plugin/0.8.14/jacoco-maven-plugin-0.8.14.pom (4.2 kB at 151 kB/s)
2026-04-19T23:18:31.0958430Z [INFO] Downloading from central: https://repo.maven.apache.org/maven2/org/jacoco/org.jacoco.build/0.8.14/org.jacoco.build-0.8.14.pom
2026-04-19T23:18:31.1258840Z [INFO] Downloaded from central: https://repo.maven.apache.org/maven2/org/jacoco/org.jacoco.build/0.8.14/org.jacoco.build-0.8.14.pom (46 kB at 1.5 MB/s)
2026-04-19T23:18:31.1288910Z [INFO] Downloading from central: https://repo.maven.apache.org/maven2/org/ow2/asm/asm-bom/9.9/asm-bom-9.9.pom
2026-04-19T23:18:31.1592220Z [INFO] Downloaded from central: https://repo.maven.apache.org/maven2/org/ow2/asm/asm-bom/9.9/asm-bom-9.9.pom (3.3 kB at 105 kB/s)
2026-04-19T23:18:31.1606100Z [INFO] Downloading from central: https://repo.maven.apache.org/maven2/org/ow2/ow2/1.5.1/ow2-1.5.1.pom
2026-04-19T23:18:31.1865380Z [INFO] Downloaded from central: https://repo.maven.apache.org/maven2/org/ow2/ow2/1.5.1/ow2-1.5.1.pom (11 kB at 434 kB/s)
2026-04-19T23:18:31.1919460Z [INFO] Downloading from central: https://repo.maven.apache.org/maven2/org/jacoco/jacoco-maven-plugin/0.8.14/jacoco-maven-plugin-0.8.14.jar
2026-04-19T23:18:31.2190660Z [INFO] Downloaded from central: https://repo.maven.apache.org/maven2/org/jacoco/jacoco-maven-plugin/0.8.14/jacoco-maven-plugin-0.8.14.jar (57 kB at 2.1 MB/s)
2026-04-19T23:18:31.2301780Z [INFO] Downloading from central: https://repo.maven.apache.org/maven2/org/apache/maven/plugins/maven-install-plugin/3.1.4/maven-install-plugin-3.1.4.pom
2026-04-19T23:18:31.2577860Z [INFO] Downloaded from central: https://repo.maven.apache.org/maven2/org/apache/maven/plugins/maven-install-plugin/3.1.4/maven-install-plugin-3.1.4.pom (8.1 kB at 289 kB/s)
2026-04-19T23:18:31.2590530Z [INFO] Downloading from central: https://repo.maven.apache.org/maven2/org/apache/maven/plugins/maven-plugins/43/maven-plugins-43.pom
2026-04-19T23:18:31.2885540Z [INFO] Downloaded from central: https://repo.maven.apache.org/maven2/org/apache/maven/plugins/maven-plugins/43/maven-plugins-43.pom (7.5 kB at 249 kB/s)
2026-04-19T23:18:31.2898330Z [INFO] Downloading from central: https://repo.maven.apache.org/maven2/org/apache/maven/maven-parent/43/maven-parent-43.pom
2026-04-19T23:18:31.3200470Z [INFO] Downloaded from central: https://repo.maven.apache.org/maven2/org/apache/maven/maven-parent/43/maven-parent-43.pom (50 kB at 1.7 MB/s)
2026-04-19T23:18:31.3221210Z [INFO] Downloading from central: https://repo.maven.apache.org/maven2/org/apache/apache/33/apache-33.pom
2026-04-19T23:18:31.3494490Z [INFO] Downloaded from central: https://repo.maven.apache.org/maven2/org/apache/apache/33/apache-33.pom (24 kB at 864 kB/s)
2026-04-19T23:18:31.3528060Z [INFO] Downloading from central: https://repo.maven.apache.org/maven2/org/junit/junit-bom/5.10.3/junit-bom-5.10.3.pom
2026-04-19T23:18:31.3777790Z [INFO] Downloaded from central: https://repo.maven.apache.org/maven2/org/junit/junit-bom/5.10.3/junit-bom-5.10.3.pom (5.6 kB at 226 kB/s)
2026-04-19T23:18:31.3796970Z [INFO] Downloading from central: https://repo.maven.apache.org/maven2/org/apache/maven/plugins/maven-install-plugin/3.1.4/maven-install-plugin-3.1.4.jar
2026-04-19T23:18:31.4069800Z [INFO] Downloaded from central: https://repo.maven.apache.org/maven2/org/apache/maven/plugins/maven-install-plugin/3.1.4/maven-install-plugin-3.1.4.jar (33 kB at 1.3 MB/s)
2026-04-19T23:18:31.4125350Z [INFO] 
2026-04-19T23:18:31.4163010Z [INFO] --- jacoco:0.8.14:prepare-agent (default) @ openpdf-parent ---
2026-04-19T23:18:31.4177970Z [INFO] Downloading from central: https://repo.maven.apache.org/maven2/org/codehaus/plexus/plexus-utils/3.0.24/plexus-utils-3.0.24.pom
2026-04-19T23:18:31.4428710Z [INFO] Downloaded from central: https://repo.maven.apache.org/maven2/org/codehaus/plexus/plexus-utils/3.0.24/plexus-utils-3.0.24.pom (4.1 kB at 153 kB/s)
2026-04-19T23:18:31.4447730Z [INFO] Downloading from central: https://repo.maven.apache.org/maven2/org/codehaus/plexus/plexus/4.0/plexus-4.0.pom
2026-04-19T23:18:31.4728220Z [INFO] Downloaded from central: https://repo.maven.apache.org/maven2/org/codehaus/plexus/plexus/4.0/plexus-4.0.pom (22 kB at 768 kB/s)
2026-04-19T23:18:31.4751010Z [INFO] Downloading from central: https://repo.maven.apache.org/maven2/org/apache/maven/shared/file-management/3.2.0/file-management-3.2.0.pom
2026-04-19T23:18:31.5047430Z [INFO] Downloaded from central: https://repo.maven.apache.org/maven2/org/apache/maven/shared/file-management/3.2.0/file-management-3.2.0.pom (4.5 kB at 150 kB/s)
2026-04-19T23:18:31.5061340Z [INFO] Downloading from central: https://repo.maven.apache.org/maven2/org/apache/maven/shared/maven-shared-components/44/maven-shared-components-44.pom
2026-04-19T23:18:31.5385440Z [INFO] Downloaded from central: https://repo.maven.apache.org/maven2/org/apache/maven/shared/maven-shared-components/44/maven-shared-components-44.pom (3.8 kB at 115 kB/s)
2026-04-19T23:18:31.5407270Z [INFO] Downloading from central: https://repo.maven.apache.org/maven2/org/apache/maven/maven-parent/44/maven-parent-44.pom
2026-04-19T23:18:31.5706070Z [INFO] Downloaded from central: https://repo.maven.apache.org/maven2/org/apache/maven/maven-parent/44/maven-parent-44.pom (52 kB at 1.7 MB/s)
2026-04-19T23:18:31.5733030Z [INFO] Downloading from central: https://repo.maven.apache.org/maven2/org/apache/apache/34/apache-34.pom
2026-04-19T23:18:31.6004820Z [INFO] Downloaded from central: https://repo.maven.apache.org/maven2/org/apache/apache/34/apache-34.pom (24 kB at 898 kB/s)
2026-04-19T23:18:31.6043570Z [INFO] Downloading from central: https://repo.maven.apache.org/maven2/org/junit/junit-bom/5.12.1/junit-bom-5.12.1.pom
2026-04-19T23:18:31.6322370Z [INFO] Downloaded from central: https://repo.maven.apache.org/maven2/org/junit/junit-bom/5.12.1/junit-bom-5.12.1.pom (5.6 kB at 209 kB/s)
2026-04-19T23:18:31.6351700Z [INFO] Downloading from central: https://repo.maven.apache.org/maven2/org/slf4j/slf4j-api/1.7.36/slf4j-api-1.7.36.pom
2026-04-19T23:18:31.6636670Z [INFO] Downloaded from central: https://repo.maven.apache.org/maven2/org/slf4j/slf4j-api/1.7.36/slf4j-api-1.7.36.pom (2.7 kB at 95 kB/s)
2026-04-19T23:18:31.6681730Z [INFO] Downloading from central: https://repo.maven.apache.org/maven2/org/slf4j/slf4j-parent/1.7.36/slf4j-parent-1.7.36.pom
2026-04-19T23:18:31.6994690Z [INFO] Downloaded from central: https://repo.maven.apache.org/maven2/org/slf4j/slf4j-parent/1.7.36/slf4j-parent-1.7.36.pom (14 kB at 427 kB/s)
2026-04-19T23:18:31.7033580Z [INFO] Downloading from central: https://repo.maven.apache.org/maven2/org/codehaus/plexus/plexus-utils/4.0.2/plexus-utils-4.0.2.pom
2026-04-19T23:18:31.7348080Z [INFO] Downloaded from central: https://repo.maven.apache.org/maven2/org/codehaus/plexus/plexus-utils/4.0.2/plexus-utils-4.0.2.pom (13 kB at 413 kB/s)
2026-04-19T23:18:31.7410180Z [INFO] Downloading from central: https://repo.maven.apache.org/maven2/commons-io/commons-io/2.19.0/commons-io-2.19.0.pom
2026-04-19T23:18:31.7702640Z [INFO] Downloaded from central: https://repo.maven.apache.org/maven2/commons-io/commons-io/2.19.0/commons-io-2.19.0.pom (21 kB at 688 kB/s)
2026-04-19T23:18:31.7729080Z [INFO] Downloading from central: https://repo.maven.apache.org/maven2/org/apache/commons/commons-parent/81/commons-parent-81.pom
2026-04-19T23:18:31.8089180Z [INFO] Downloaded from central: https://repo.maven.apache.org/maven2/org/apache/commons/commons-parent/81/commons-parent-81.pom (78 kB at 2.2 MB/s)
2026-04-19T23:18:31.8118460Z [INFO] Downloading from central: https://repo.maven.apache.org/maven2/org/junit/junit-bom/5.11.4/junit-bom-5.11.4.pom
2026-04-19T23:18:31.8467200Z [INFO] Downloaded from central: https://repo.maven.apache.org/maven2/org/junit/junit-bom/5.11.4/junit-bom-5.11.4.pom (5.6 kB at 161 kB/s)
2026-04-19T23:18:31.8484910Z [INFO] Downloading from central: https://repo.maven.apache.org/maven2/org/jacoco/org.jacoco.agent/0.8.14/org.jacoco.agent-0.8.14.pom
2026-04-19T23:18:31.8808730Z [INFO] Downloaded from central: https://repo.maven.apache.org/maven2/org/jacoco/org.jacoco.agent/0.8.14/org.jacoco.agent-0.8.14.pom (3.5 kB at 117 kB/s)
2026-04-19T23:18:31.8821130Z [INFO] Downloading from central: https://repo.maven.apache.org/maven2/org/jacoco/org.jacoco.core/0.8.14/org.jacoco.core-0.8.14.pom
2026-04-19T23:18:31.9101640Z [INFO] Downloaded from central: https://repo.maven.apache.org/maven2/org/jacoco/org.jacoco.core/0.8.14/org.jacoco.core-0.8.14.pom (2.1 kB at 72 kB/s)
2026-04-19T23:18:31.9144170Z [INFO] Downloading from central: https://repo.maven.apache.org/maven2/org/ow2/asm/asm/9.9/asm-9.9.pom
2026-04-19T23:18:31.9424250Z [INFO] Downloaded from central: https://repo.maven.apache.org/maven2/org/ow2/asm/asm/9.9/asm-9.9.pom (2.4 kB at 79 kB/s)
2026-04-19T23:18:31.9448460Z [INFO] Downloading from central: https://repo.maven.apache.org/maven2/org/ow2/asm/asm-commons/9.9/asm-commons-9.9.pom
2026-04-19T23:18:31.9729550Z [INFO] Downloaded from central: https://repo.maven.apache.org/maven2/org/ow2/asm/asm-commons/9.9/asm-commons-9.9.pom (2.8 kB at 100 kB/s)
2026-04-19T23:18:31.9751930Z [INFO] Downloading from central: https://repo.maven.apache.org/maven2/org/ow2/asm/asm-tree/9.9/asm-tree-9.9.pom
2026-04-19T23:18:32.0059450Z [INFO] Downloaded from central: https://repo.maven.apache.org/maven2/org/ow2/asm/asm-tree/9.9/asm-tree-9.9.pom (2.6 kB at 84 kB/s)
2026-04-19T23:18:32.0134540Z [INFO] Downloading from central: https://repo.maven.apache.org/maven2/org/jacoco/org.jacoco.report/0.8.14/org.jacoco.report-0.8.14.pom
2026-04-19T23:18:32.0461990Z [INFO] Downloaded from central: https://repo.maven.apache.org/maven2/org/jacoco/org.jacoco.report/0.8.14/org.jacoco.report-0.8.14.pom (1.9 kB at 63 kB/s)
2026-04-19T23:18:32.0493630Z [INFO] Downloading from central: https://repo.maven.apache.org/maven2/org/codehaus/plexus/plexus-utils/3.0.24/plexus-utils-3.0.24.jar
2026-04-19T23:18:32.0810750Z [INFO] Downloaded from central: https://repo.maven.apache.org/maven2/org/codehaus/plexus/plexus-utils/3.0.24/plexus-utils-3.0.24.jar (247 kB at 7.7 MB/s)
2026-04-19T23:18:32.0817710Z [INFO] Downloading from central: https://repo.maven.apache.org/maven2/org/apache/maven/shared/file-management/3.2.0/file-management-3.2.0.jar
2026-04-19T23:18:32.0825100Z [INFO] Downloading from central: https://repo.maven.apache.org/maven2/org/slf4j/slf4j-api/1.7.36/slf4j-api-1.7.36.jar
2026-04-19T23:18:32.0834800Z [INFO] Downloading from central: https://repo.maven.apache.org/maven2/commons-io/commons-io/2.19.0/commons-io-2.19.0.jar
2026-04-19T23:18:32.0835980Z [INFO] Downloading from central: https://repo.maven.apache.org/maven2/org/jacoco/org.jacoco.agent/0.8.14/org.jacoco.agent-0.8.14-runtime.jar
2026-04-19T23:18:32.0837030Z [INFO] Downloading from central: https://repo.maven.apache.org/maven2/org/jacoco/org.jacoco.core/0.8.14/org.jacoco.core-0.8.14.jar
2026-04-19T23:18:32.1129630Z [INFO] Downloaded from central: https://repo.maven.apache.org/maven2/org/jacoco/org.jacoco.agent/0.8.14/org.jacoco.agent-0.8.14-runtime.jar (307 kB at 11 MB/s)
2026-04-19T23:18:32.1133930Z [INFO] Downloading from central: https://repo.maven.apache.org/maven2/org/ow2/asm/asm/9.9/asm-9.9.jar
2026-04-19T23:18:32.1134680Z [INFO] Downloaded from central: https://repo.maven.apache.org/maven2/org/jacoco/org.jacoco.core/0.8.14/org.jacoco.core-0.8.14.jar (230 kB at 7.9 MB/s)
2026-04-19T23:18:32.1137870Z [INFO] Downloading from central: https://repo.maven.apache.org/maven2/org/ow2/asm/asm-commons/9.9/asm-commons-9.9.jar
2026-04-19T23:18:32.1138640Z [INFO] Downloaded from central: https://repo.maven.apache.org/maven2/org/slf4j/slf4j-api/1.7.36/slf4j-api-1.7.36.jar (41 kB at 1.3 MB/s)
2026-04-19T23:18:32.1139470Z [INFO] Downloading from central: https://repo.maven.apache.org/maven2/org/ow2/asm/asm-tree/9.9/asm-tree-9.9.jar
2026-04-19T23:18:32.1140140Z [INFO] Downloaded from central: https://repo.maven.apache.org/maven2/commons-io/commons-io/2.19.0/commons-io-2.19.0.jar (556 kB at 17 MB/s)
2026-04-19T23:18:32.1140830Z [INFO] Downloading from central: https://repo.maven.apache.org/maven2/org/jacoco/org.jacoco.report/0.8.14/org.jacoco.report-0.8.14.jar
2026-04-19T23:18:32.1156420Z [INFO] Downloaded from central: https://repo.maven.apache.org/maven2/org/apache/maven/shared/file-management/3.2.0/file-management-3.2.0.jar (26 kB at 762 kB/s)
2026-04-19T23:18:32.1377760Z [INFO] Downloaded from central: https://repo.maven.apache.org/maven2/org/ow2/asm/asm/9.9/asm-9.9.jar (126 kB at 2.3 MB/s)
2026-04-19T23:18:32.1389360Z [INFO] Downloaded from central: https://repo.maven.apache.org/maven2/org/ow2/asm/asm-commons/9.9/asm-commons-9.9.jar (74 kB at 1.4 MB/s)
2026-04-19T23:18:32.1390290Z [INFO] Downloaded from central: https://repo.maven.apache.org/maven2/org/jacoco/org.jacoco.report/0.8.14/org.jacoco.report-0.8.14.jar (131 kB at 2.4 MB/s)
2026-04-19T23:18:32.1419010Z [INFO] Downloaded from central: https://repo.maven.apache.org/maven2/org/ow2/asm/asm-tree/9.9/asm-tree-9.9.jar (52 kB at 896 kB/s)
2026-04-19T23:18:32.1717760Z [INFO] argLine set to -javaagent:/Users/runner/.m2/repository/org/jacoco/org.jacoco.agent/0.8.14/org.jacoco.agent-0.8.14-runtime.jar=destfile=/Users/runner/work/OpenPDF/OpenPDF/target/jacoco.exec
2026-04-19T23:18:32.1718550Z [INFO] 
2026-04-19T23:18:32.1718820Z [INFO] --- bundle:6.0.2:manifest (bundle-manifest) @ openpdf-parent ---
2026-04-19T23:18:32.1824440Z [WARNING] Ignoring project type pom - supportedProjectTypes = [jar, bundle]
2026-04-19T23:18:32.1824910Z [INFO] 
2026-04-19T23:18:32.1825220Z [INFO] --- jacoco:0.8.14:report (report) @ openpdf-parent ---
2026-04-19T23:18:32.1842260Z [INFO] Skipping JaCoCo execution due to missing execution data file.
2026-04-19T23:18:32.1842750Z [INFO] 
2026-04-19T23:18:32.1847040Z [INFO] --- install:3.1.4:install (default-install) @ openpdf-parent ---
2026-04-19T23:18:32.1906200Z [INFO] Downloading from central: https://repo.maven.apache.org/maven2/org/apache/maven/resolver/maven-resolver-util/1.9.22/maven-resolver-util-1.9.22.pom
2026-04-19T23:18:32.2184410Z [INFO] Downloaded from central: https://repo.maven.apache.org/maven2/org/apache/maven/resolver/maven-resolver-util/1.9.22/maven-resolver-util-1.9.22.pom (2.2 kB at 80 kB/s)
2026-04-19T23:18:32.2199940Z [INFO] Downloading from central: https://repo.maven.apache.org/maven2/org/apache/maven/resolver/maven-resolver/1.9.22/maven-resolver-1.9.22.pom
2026-04-19T23:18:32.2481990Z [INFO] Downloaded from central: https://repo.maven.apache.org/maven2/org/apache/maven/resolver/maven-resolver/1.9.22/maven-resolver-1.9.22.pom (23 kB at 810 kB/s)
2026-04-19T23:18:32.2498960Z [INFO] Downloading from central: https://repo.maven.apache.org/maven2/org/apache/maven/maven-parent/42/maven-parent-42.pom
2026-04-19T23:18:32.2792250Z [INFO] Downloaded from central: https://repo.maven.apache.org/maven2/org/apache/maven/maven-parent/42/maven-parent-42.pom (50 kB at 1.7 MB/s)
2026-04-19T23:18:32.2813350Z [INFO] Downloading from central: https://repo.maven.apache.org/maven2/org/apache/apache/32/apache-32.pom
2026-04-19T23:18:32.3072900Z [INFO] Downloaded from central: https://repo.maven.apache.org/maven2/org/apache/apache/32/apache-32.pom (24 kB at 896 kB/s)
2026-04-19T23:18:32.3096760Z [INFO] Downloading from central: https://repo.maven.apache.org/maven2/org/junit/junit-bom/5.10.2/junit-bom-5.10.2.pom
2026-04-19T23:18:32.3372590Z [INFO] Downloaded from central: https://repo.maven.apache.org/maven2/org/junit/junit-bom/5.10.2/junit-bom-5.10.2.pom (5.6 kB at 202 kB/s)
2026-04-19T23:18:32.3396720Z [INFO] Downloading from central: https://repo.maven.apache.org/maven2/org/apache/maven/resolver/maven-resolver-api/1.9.22/maven-resolver-api-1.9.22.pom
2026-04-19T23:18:32.3656030Z [INFO] Downloaded from central: https://repo.maven.apache.org/maven2/org/apache/maven/resolver/maven-resolver-api/1.9.22/maven-resolver-api-1.9.22.pom (2.2 kB at 85 kB/s)
2026-04-19T23:18:32.3684160Z [INFO] Downloading from central: https://repo.maven.apache.org/maven2/org/codehaus/plexus/plexus-utils/4.0.1/plexus-utils-4.0.1.pom
2026-04-19T23:18:32.3998850Z [INFO] Downloaded from central: https://repo.maven.apache.org/maven2/org/codehaus/plexus/plexus-utils/4.0.1/plexus-utils-4.0.1.pom (7.8 kB at 245 kB/s)
2026-04-19T23:18:32.4015530Z [INFO] Downloading from central: https://repo.maven.apache.org/maven2/org/codehaus/plexus/plexus/17/plexus-17.pom
2026-04-19T23:18:32.4305220Z [INFO] Downloaded from central: https://repo.maven.apache.org/maven2/org/codehaus/plexus/plexus/17/plexus-17.pom (28 kB at 972 kB/s)
2026-04-19T23:18:32.4334340Z [INFO] Downloading from central: https://repo.maven.apache.org/maven2/org/codehaus/plexus/plexus-xml/3.0.1/plexus-xml-3.0.1.pom
2026-04-19T23:18:32.4604520Z [INFO] Downloaded from central: https://repo.maven.apache.org/maven2/org/codehaus/plexus/plexus-xml/3.0.1/plexus-xml-3.0.1.pom (3.7 kB at 137 kB/s)
2026-04-19T23:18:32.4621250Z [INFO] Downloading from central: https://repo.maven.apache.org/maven2/org/codehaus/plexus/plexus/18/plexus-18.pom
2026-04-19T23:18:32.4870840Z [INFO] Downloaded from central: https://repo.maven.apache.org/maven2/org/codehaus/plexus/plexus/18/plexus-18.pom (29 kB at 1.2 MB/s)
2026-04-19T23:18:32.4908470Z [INFO] Downloading from central: https://repo.maven.apache.org/maven2/org/apache/maven/resolver/maven-resolver-util/1.9.22/maven-resolver-util-1.9.22.jar
2026-04-19T23:18:32.5250900Z [INFO] Downloaded from central: https://repo.maven.apache.org/maven2/org/apache/maven/resolver/maven-resolver-util/1.9.22/maven-resolver-util-1.9.22.jar (196 kB at 5.8 MB/s)
2026-04-19T23:18:32.5253600Z [INFO] Downloading from central: https://repo.maven.apache.org/maven2/org/apache/maven/resolver/maven-resolver-api/1.9.22/maven-resolver-api-1.9.22.jar
2026-04-19T23:18:32.5260520Z [INFO] Downloading from central: https://repo.maven.apache.org/maven2/org/codehaus/plexus/plexus-utils/4.0.1/plexus-utils-4.0.1.jar
2026-04-19T23:18:32.5261960Z [INFO] Downloading from central: https://repo.maven.apache.org/maven2/org/codehaus/plexus/plexus-xml/3.0.1/plexus-xml-3.0.1.jar
2026-04-19T23:18:32.5541180Z [INFO] Downloaded from central: https://repo.maven.apache.org/maven2/org/codehaus/plexus/plexus-xml/3.0.1/plexus-xml-3.0.1.jar (94 kB at 3.4 MB/s)
2026-04-19T23:18:32.5546720Z [INFO] Downloaded from central: https://repo.maven.apache.org/maven2/org/apache/maven/resolver/maven-resolver-api/1.9.22/maven-resolver-api-1.9.22.jar (157 kB at 5.4 MB/s)
2026-04-19T23:18:32.5548930Z [INFO] Downloaded from central: https://repo.maven.apache.org/maven2/org/codehaus/plexus/plexus-utils/4.0.1/plexus-utils-4.0.1.jar (193 kB at 6.6 MB/s)
2026-04-19T23:18:32.5741070Z [INFO] Installing /Users/runner/work/OpenPDF/OpenPDF/pom.xml to /Users/runner/.m2/repository/com/github/librepdf/openpdf-parent/3.0.4-SNAPSHOT/openpdf-parent-3.0.4-SNAPSHOT.pom
2026-04-19T23:18:32.5786820Z [INFO] 
2026-04-19T23:18:32.5787340Z [INFO] --------------------< com.github.librepdf:openpdf >---------------------
2026-04-19T23:18:32.5788580Z [INFO] Building OpenPDF core modern 3.0.4-SNAPSHOT                        [2/8]
2026-04-19T23:18:32.5789120Z [INFO]   from openpdf-core/pom.xml
2026-04-19T23:18:32.5793630Z [INFO] --------------------------------[ jar ]---------------------------------
2026-04-19T23:18:32.5795350Z [INFO] Downloading from central: https://repo.maven.apache.org/maven2/org/apache/maven/plugins/maven-resources-plugin/3.4.0/maven-resources-plugin-3.4.0.pom
2026-04-19T23:18:32.6072270Z [INFO] Downloaded from central: https://repo.maven.apache.org/maven2/org/apache/maven/plugins/maven-resources-plugin/3.4.0/maven-resources-plugin-3.4.0.pom (7.9 kB at 303 kB/s)
2026-04-19T23:18:32.6073380Z [INFO] Downloading from central: https://repo.maven.apache.org/maven2/org/apache/maven/plugins/maven-plugins/45/maven-plugins-45.pom
2026-04-19T23:18:32.6302300Z [INFO] Downloaded from central: https://repo.maven.apache.org/maven2/org/apache/maven/plugins/maven-plugins/45/maven-plugins-45.pom (8.4 kB at 363 kB/s)
2026-04-19T23:18:32.6314330Z [INFO] Downloading from central: https://repo.maven.apache.org/maven2/org/apache/maven/maven-parent/45/maven-parent-45.pom
2026-04-19T23:18:32.6565980Z [INFO] Downloaded from central: https://repo.maven.apache.org/maven2/org/apache/maven/maven-parent/45/maven-parent-45.pom (53 kB at 2.1 MB/s)
2026-04-19T23:18:32.6583440Z [INFO] Downloading from central: https://repo.maven.apache.org/maven2/org/apache/apache/35/apache-35.pom
2026-04-19T23:18:32.6829510Z [INFO] Downloaded from central: https://repo.maven.apache.org/maven2/org/apache/apache/35/apache-35.pom (24 kB at 1.0 MB/s)
2026-04-19T23:18:32.6855040Z [INFO] Downloading from central: https://repo.maven.apache.org/maven2/org/junit/junit-bom/5.13.1/junit-bom-5.13.1.pom
2026-04-19T23:18:32.7102660Z [INFO] Downloaded from central: https://repo.maven.apache.org/maven2/org/junit/junit-bom/5.13.1/junit-bom-5.13.1.pom (5.6 kB at 226 kB/s)
2026-04-19T23:18:32.7124400Z [INFO] Downloading from central: https://repo.maven.apache.org/maven2/org/apache/maven/plugins/maven-resources-plugin/3.4.0/maven-resources-plugin-3.4.0.jar
2026-04-19T23:18:32.7367710Z [INFO] Downloaded from central: https://repo.maven.apache.org/maven2/org/apache/maven/plugins/maven-resources-plugin/3.4.0/maven-resources-plugin-3.4.0.jar (31 kB at 1.3 MB/s)
2026-04-19T23:18:32.7386710Z [INFO] Downloading from central: https://repo.maven.apache.org/maven2/org/apache/maven/plugins/maven-compiler-plugin/3.15.0/maven-compiler-plugin-3.15.0.pom
2026-04-19T23:18:32.7667080Z [INFO] Downloaded from central: https://repo.maven.apache.org/maven2/org/apache/maven/plugins/maven-compiler-plugin/3.15.0/maven-compiler-plugin-3.15.0.pom (9.5 kB at 341 kB/s)
2026-04-19T23:18:32.7679820Z [INFO] Downloading from central: https://repo.maven.apache.org/maven2/org/apache/maven/plugins/maven-plugins/47/maven-plugins-47.pom
2026-04-19T23:18:32.7925340Z [INFO] Downloaded from central: https://repo.maven.apache.org/maven2/org/apache/maven/plugins/maven-plugins/47/maven-plugins-47.pom (7.2 kB at 288 kB/s)
2026-04-19T23:18:32.7950540Z [INFO] Downloading from central: https://repo.maven.apache.org/maven2/org/apache/maven/maven-parent/47/maven-parent-47.pom
2026-04-19T23:18:32.8216450Z [INFO] Downloaded from central: https://repo.maven.apache.org/maven2/org/apache/maven/maven-parent/47/maven-parent-47.pom (54 kB at 1.9 MB/s)
2026-04-19T23:18:32.8235840Z [INFO] Downloading from central: https://repo.maven.apache.org/maven2/org/apache/apache/37/apache-37.pom
2026-04-19T23:18:32.8485460Z [INFO] Downloaded from central: https://repo.maven.apache.org/maven2/org/apache/apache/37/apache-37.pom (26 kB at 1.0 MB/s)
2026-04-19T23:18:32.8507330Z [INFO] Downloading from central: https://repo.maven.apache.org/maven2/org/junit/junit-bom/5.14.2/junit-bom-5.14.2.pom
2026-04-19T23:18:32.8751000Z [INFO] Downloaded from central: https://repo.maven.apache.org/maven2/org/junit/junit-bom/5.14.2/junit-bom-5.14.2.pom (5.7 kB at 236 kB/s)
2026-04-19T23:18:32.8768910Z [INFO] Downloading from central: https://repo.maven.apache.org/maven2/org/apache/maven/plugins/maven-compiler-plugin/3.15.0/maven-compiler-plugin-3.15.0.jar
2026-04-19T23:18:32.9000460Z [INFO] Downloaded from central: https://repo.maven.apache.org/maven2/org/apache/maven/plugins/maven-compiler-plugin/3.15.0/maven-compiler-plugin-3.15.0.jar (84 kB at 3.6 MB/s)
2026-04-19T23:18:32.9037690Z [INFO] Downloading from central: https://repo.maven.apache.org/maven2/org/apache/maven/plugins/maven-surefire-plugin/3.5.5/maven-surefire-plugin-3.5.5.pom
2026-04-19T23:18:32.9316110Z [INFO] Downloaded from central: https://repo.maven.apache.org/maven2/org/apache/maven/plugins/maven-surefire-plugin/3.5.5/maven-surefire-plugin-3.5.5.pom (4.9 kB at 174 kB/s)
2026-04-19T23:18:32.9328490Z [INFO] Downloading from central: https://repo.maven.apache.org/maven2/org/apache/maven/surefire/surefire/3.5.5/surefire-3.5.5.pom
2026-04-19T23:18:32.9598100Z [INFO] Downloaded from central: https://repo.maven.apache.org/maven2/org/apache/maven/surefire/surefire/3.5.5/surefire-3.5.5.pom (19 kB at 711 kB/s)
2026-04-19T23:18:32.9624930Z [INFO] Downloading from central: https://repo.maven.apache.org/maven2/org/junit/junit-bom/5.12.2/junit-bom-5.12.2.pom
2026-04-19T23:18:32.9852950Z [INFO] Downloaded from central: https://repo.maven.apache.org/maven2/org/junit/junit-bom/5.12.2/junit-bom-5.12.2.pom (5.6 kB at 246 kB/s)
2026-04-19T23:18:32.9870130Z [INFO] Downloading from central: https://repo.maven.apache.org/maven2/org/apache/maven/plugins/maven-surefire-plugin/3.5.5/maven-surefire-plugin-3.5.5.jar
2026-04-19T23:18:33.0101380Z [INFO] Downloaded from central: https://repo.maven.apache.org/maven2/org/apache/maven/plugins/maven-surefire-plugin/3.5.5/maven-surefire-plugin-3.5.5.jar (47 kB at 1.9 MB/s)
2026-04-19T23:18:33.0142450Z [INFO] Downloading from central: https://repo.maven.apache.org/maven2/org/apache/maven/plugins/maven-jar-plugin/3.5.0/maven-jar-plugin-3.5.0.pom
2026-04-19T23:18:33.0404580Z [INFO] Downloaded from central: https://repo.maven.apache.org/maven2/org/apache/maven/plugins/maven-jar-plugin/3.5.0/maven-jar-plugin-3.5.0.pom (7.6 kB at 283 kB/s)
2026-04-19T23:18:33.0429690Z [INFO] Downloading from central: https://repo.maven.apache.org/maven2/org/apache/maven/plugins/maven-jar-plugin/3.5.0/maven-jar-plugin-3.5.0.jar
2026-04-19T23:18:33.0674420Z [INFO] Downloaded from central: https://repo.maven.apache.org/maven2/org/apache/maven/plugins/maven-jar-plugin/3.5.0/maven-jar-plugin-3.5.0.jar (35 kB at 1.4 MB/s)
2026-04-19T23:18:33.0697500Z [INFO] Downloading from central: https://repo.maven.apache.org/maven2/com/ibm/icu/icu4j/78.2/icu4j-78.2.pom
2026-04-19T23:18:33.0965850Z [INFO] Downloaded from central: https://repo.maven.apache.org/maven2/com/ibm/icu/icu4j/78.2/icu4j-78.2.pom (1.5 kB at 55 kB/s)
2026-04-19T23:18:33.0980740Z [INFO] Downloading from central: https://repo.maven.apache.org/maven2/org/bouncycastle/bcprov-jdk18on/1.83/bcprov-jdk18on-1.83.pom
2026-04-19T23:18:33.1237890Z [INFO] Downloaded from central: https://repo.maven.apache.org/maven2/org/bouncycastle/bcprov-jdk18on/1.83/bcprov-jdk18on-1.83.pom (1.2 kB at 45 kB/s)
2026-04-19T23:18:33.1250970Z [INFO] Downloading from central: https://repo.maven.apache.org/maven2/org/bouncycastle/bcpkix-jdk18on/1.83/bcpkix-jdk18on-1.83.pom
2026-04-19T23:18:33.1509000Z [INFO] Downloaded from central: https://repo.maven.apache.org/maven2/org/bouncycastle/bcpkix-jdk18on/1.83/bcpkix-jdk18on-1.83.pom (1.5 kB at 59 kB/s)
2026-04-19T23:18:33.1524590Z [INFO] Downloading from central: https://repo.maven.apache.org/maven2/org/bouncycastle/bcutil-jdk18on/1.83/bcutil-jdk18on-1.83.pom
2026-04-19T23:18:33.1770660Z [INFO] Downloaded from central: https://repo.maven.apache.org/maven2/org/bouncycastle/bcutil-jdk18on/1.83/bcutil-jdk18on-1.83.pom (1.3 kB at 56 kB/s)
2026-04-19T23:18:33.1786020Z [INFO] Downloading from central: https://repo.maven.apache.org/maven2/org/apache/xmlgraphics/fop/2.11/fop-2.11.pom
2026-04-19T23:18:33.2087130Z [INFO] Downloaded from central: https://repo.maven.apache.org/maven2/org/apache/xmlgraphics/fop/2.11/fop-2.11.pom (2.8 kB at 94 kB/s)
2026-04-19T23:18:33.2100250Z [INFO] Downloading from central: https://repo.maven.apache.org/maven2/org/apache/xmlgraphics/fop-parent/2.11/fop-parent-2.11.pom
2026-04-19T23:18:33.2334610Z [INFO] Downloaded from central: https://repo.maven.apache.org/maven2/org/apache/xmlgraphics/fop-parent/2.11/fop-parent-2.11.pom (6.4 kB at 267 kB/s)
2026-04-19T23:18:33.2354640Z [INFO] Downloading from central: https://repo.maven.apache.org/maven2/org/apache/xmlgraphics/fop-util/2.11/fop-util-2.11.pom
2026-04-19T23:18:33.2582530Z [INFO] Downloaded from central: https://repo.maven.apache.org/maven2/org/apache/xmlgraphics/fop-util/2.11/fop-util-2.11.pom (3.7 kB at 159 kB/s)
2026-04-19T23:18:33.2599450Z [INFO] Downloading from central: https://repo.maven.apache.org/maven2/org/apache/xmlgraphics/xmlgraphics-commons/2.11/xmlgraphics-commons-2.11.pom
2026-04-19T23:18:33.2851360Z [INFO] Downloaded from central: https://repo.maven.apache.org/maven2/org/apache/xmlgraphics/xmlgraphics-commons/2.11/xmlgraphics-commons-2.11.pom (9.7 kB at 389 kB/s)
2026-04-19T23:18:33.2869970Z [INFO] Downloading from central: https://repo.maven.apache.org/maven2/commons-io/commons-io/2.21.0/commons-io-2.21.0.pom
2026-04-19T23:18:33.3105310Z [INFO] Downloaded from central: https://repo.maven.apache.org/maven2/commons-io/commons-io/2.21.0/commons-io-2.21.0.pom (21 kB at 869 kB/s)
2026-04-19T23:18:33.3119100Z [INFO] Downloading from central: https://repo.maven.apache.org/maven2/org/apache/commons/commons-parent/91/commons-parent-91.pom
2026-04-19T23:18:33.3411550Z [INFO] Downloaded from central: https://repo.maven.apache.org/maven2/org/apache/commons/commons-parent/91/commons-parent-91.pom (79 kB at 2.7 MB/s)
2026-04-19T23:18:33.3443860Z [INFO] Downloading from central: https://repo.maven.apache.org/maven2/org/junit/junit-bom/5.13.4/junit-bom-5.13.4.pom
2026-04-19T23:18:33.3714080Z [INFO] Downloaded from central: https://repo.maven.apache.org/maven2/org/junit/junit-bom/5.13.4/junit-bom-5.13.4.pom (5.7 kB at 202 kB/s)
2026-04-19T23:18:33.3729630Z [INFO] Downloading from central: https://repo.maven.apache.org/maven2/commons-logging/commons-logging/1.3.0/commons-logging-1.3.0.pom
2026-04-19T23:18:33.4003930Z [INFO] Downloaded from central: https://repo.maven.apache.org/maven2/commons-logging/commons-logging/1.3.0/commons-logging-1.3.0.pom (27 kB at 975 kB/s)
2026-04-19T23:18:33.4016560Z [INFO] Downloading from central: https://repo.maven.apache.org/maven2/org/apache/commons/commons-parent/65/commons-parent-65.pom
2026-04-19T23:18:33.4311120Z [INFO] Downloaded from central: https://repo.maven.apache.org/maven2/org/apache/commons/commons-parent/65/commons-parent-65.pom (78 kB at 2.7 MB/s)
2026-04-19T23:18:33.4344630Z [INFO] Downloading from central: https://repo.maven.apache.org/maven2/org/junit/junit-bom/5.10.1/junit-bom-5.10.1.pom
2026-04-19T23:18:33.4597620Z [INFO] Downloaded from central: https://repo.maven.apache.org/maven2/org/junit/junit-bom/5.10.1/junit-bom-5.10.1.pom (5.6 kB at 226 kB/s)
2026-04-19T23:18:33.4618180Z [INFO] Downloading from central: https://repo.maven.apache.org/maven2/org/apache/xmlgraphics/fop-events/2.11/fop-events-2.11.pom
2026-04-19T23:18:33.4876540Z [INFO] Downloaded from central: https://repo.maven.apache.org/maven2/org/apache/xmlgraphics/fop-events/2.11/fop-events-2.11.pom (5.5 kB at 212 kB/s)
2026-04-19T23:18:33.4897670Z [INFO] Downloading from central: https://repo.maven.apache.org/maven2/com/thoughtworks/qdox/qdox/1.12/qdox-1.12.pom
2026-04-19T23:18:33.5201220Z [INFO] Downloaded from central: https://repo.maven.apache.org/maven2/com/thoughtworks/qdox/qdox/1.12/qdox-1.12.pom (19 kB at 618 kB/s)
2026-04-19T23:18:33.5329710Z [INFO] Downloading from central: https://repo.maven.apache.org/maven2/org/apache/xmlgraphics/fop-core/2.11/fop-core-2.11.pom
2026-04-19T23:18:33.5584640Z [INFO] Downloaded from central: https://repo.maven.apache.org/maven2/org/apache/xmlgraphics/fop-core/2.11/fop-core-2.11.pom (16 kB at 602 kB/s)
2026-04-19T23:18:33.5608670Z [INFO] Downloading from central: https://repo.maven.apache.org/maven2/org/apache/xmlgraphics/batik-anim/1.19/batik-anim-1.19.pom
2026-04-19T23:18:33.5878290Z [INFO] Downloaded from central: https://repo.maven.apache.org/maven2/org/apache/xmlgraphics/batik-anim/1.19/batik-anim-1.19.pom (4.2 kB at 155 kB/s)
2026-04-19T23:18:33.5897300Z [INFO] Downloading from central: https://repo.maven.apache.org/maven2/org/apache/xmlgraphics/batik/1.19/batik-1.19.pom
2026-04-19T23:18:33.6170800Z [INFO] Downloaded from central: https://repo.maven.apache.org/maven2/org/apache/xmlgraphics/batik/1.19/batik-1.19.pom (7.6 kB at 282 kB/s)
2026-04-19T23:18:33.6193380Z [INFO] Downloading from central: https://repo.maven.apache.org/maven2/org/apache/xmlgraphics/batik-awt-util/1.19/batik-awt-util-1.19.pom
2026-04-19T23:18:33.6470110Z [INFO] Downloaded from central: https://repo.maven.apache.org/maven2/org/apache/xmlgraphics/batik-awt-util/1.19/batik-awt-util-1.19.pom (3.2 kB at 120 kB/s)
2026-04-19T23:18:33.6499160Z [INFO] Downloading from central: https://repo.maven.apache.org/maven2/org/apache/xmlgraphics/batik-shared-resources/1.19/batik-shared-resources-1.19.pom
2026-04-19T23:18:33.6767350Z [INFO] Downloaded from central: https://repo.maven.apache.org/maven2/org/apache/xmlgraphics/batik-shared-resources/1.19/batik-shared-resources-1.19.pom (1.7 kB at 62 kB/s)
2026-04-19T23:18:33.6797070Z [INFO] Downloading from central: https://repo.maven.apache.org/maven2/org/apache/xmlgraphics/batik-util/1.19/batik-util-1.19.pom
2026-04-19T23:18:33.7069520Z [INFO] Downloaded from central: https://repo.maven.apache.org/maven2/org/apache/xmlgraphics/batik-util/1.19/batik-util-1.19.pom (4.2 kB at 157 kB/s)
2026-04-19T23:18:33.7103400Z [INFO] Downloading from central: https://repo.maven.apache.org/maven2/org/apache/xmlgraphics/batik-constants/1.19/batik-constants-1.19.pom
2026-04-19T23:18:33.7376830Z [INFO] Downloaded from central: https://repo.maven.apache.org/maven2/org/apache/xmlgraphics/batik-constants/1.19/batik-constants-1.19.pom (2.9 kB at 107 kB/s)
2026-04-19T23:18:33.7398530Z [INFO] Downloading from central: https://repo.maven.apache.org/maven2/org/apache/xmlgraphics/batik-i18n/1.19/batik-i18n-1.19.pom
2026-04-19T23:18:33.7644780Z [INFO] Downloaded from central: https://repo.maven.apache.org/maven2/org/apache/xmlgraphics/batik-i18n/1.19/batik-i18n-1.19.pom (2.9 kB at 115 kB/s)
2026-04-19T23:18:33.7666780Z [INFO] Downloading from central: https://repo.maven.apache.org/maven2/org/apache/xmlgraphics/batik-css/1.19/batik-css-1.19.pom
2026-04-19T23:18:33.7933190Z [INFO] Downloaded from central: https://repo.maven.apache.org/maven2/org/apache/xmlgraphics/batik-css/1.19/batik-css-1.19.pom (3.6 kB at 132 kB/s)
2026-04-19T23:18:33.7950580Z [INFO] Downloading from central: https://repo.maven.apache.org/maven2/xml-apis/xml-apis-ext/1.3.04/xml-apis-ext-1.3.04.pom
2026-04-19T23:18:33.8230890Z [INFO] Downloaded from central: https://repo.maven.apache.org/maven2/xml-apis/xml-apis-ext/1.3.04/xml-apis-ext-1.3.04.pom (1.8 kB at 66 kB/s)
2026-04-19T23:18:33.8244100Z [INFO] Downloading from central: https://repo.maven.apache.org/maven2/org/apache/apache/3/apache-3.pom
2026-04-19T23:18:33.8499490Z [INFO] Downloaded from central: https://repo.maven.apache.org/maven2/org/apache/apache/3/apache-3.pom (3.4 kB at 137 kB/s)
2026-04-19T23:18:33.8516670Z [INFO] Downloading from central: https://repo.maven.apache.org/maven2/org/apache/xmlgraphics/batik-dom/1.19/batik-dom-1.19.pom
2026-04-19T23:18:33.8824620Z [INFO] Downloaded from central: https://repo.maven.apache.org/maven2/org/apache/xmlgraphics/batik-dom/1.19/batik-dom-1.19.pom (3.8 kB at 124 kB/s)
2026-04-19T23:18:33.8847920Z [INFO] Downloading from central: https://repo.maven.apache.org/maven2/org/apache/xmlgraphics/batik-ext/1.19/batik-ext-1.19.pom
2026-04-19T23:18:33.9115190Z [INFO] Downloaded from central: https://repo.maven.apache.org/maven2/org/apache/xmlgraphics/batik-ext/1.19/batik-ext-1.19.pom (2.9 kB at 106 kB/s)
2026-04-19T23:18:33.9144770Z [INFO] Downloading from central: https://repo.maven.apache.org/maven2/org/apache/xmlgraphics/batik-xml/1.19/batik-xml-1.19.pom
2026-04-19T23:18:33.9418190Z [INFO] Downloaded from central: https://repo.maven.apache.org/maven2/org/apache/xmlgraphics/batik-xml/1.19/batik-xml-1.19.pom (2.9 kB at 109 kB/s)
2026-04-19T23:18:33.9455870Z [INFO] Downloading from central: https://repo.maven.apache.org/maven2/xml-apis/xml-apis/1.4.01/xml-apis-1.4.01.pom
2026-04-19T23:18:33.9767140Z [INFO] Downloaded from central: https://repo.maven.apache.org/maven2/xml-apis/xml-apis/1.4.01/xml-apis-1.4.01.pom (2.7 kB at 86 kB/s)
2026-04-19T23:18:33.9807920Z [INFO] Downloading from central: https://repo.maven.apache.org/maven2/org/apache/xmlgraphics/batik-parser/1.19/batik-parser-1.19.pom
2026-04-19T23:18:34.0080220Z [INFO] Downloaded from central: https://repo.maven.apache.org/maven2/org/apache/xmlgraphics/batik-parser/1.19/batik-parser-1.19.pom (3.5 kB at 131 kB/s)
2026-04-19T23:18:34.0115570Z [INFO] Downloading from central: https://repo.maven.apache.org/maven2/org/apache/xmlgraphics/batik-svg-dom/1.19/batik-svg-dom-1.19.pom
2026-04-19T23:18:34.0407350Z [INFO] Downloaded from central: https://repo.maven.apache.org/maven2/org/apache/xmlgraphics/batik-svg-dom/1.19/batik-svg-dom-1.19.pom (4.0 kB at 138 kB/s)
2026-04-19T23:18:34.0445270Z [INFO] Downloading from central: https://repo.maven.apache.org/maven2/org/apache/xmlgraphics/batik-bridge/1.19/batik-bridge-1.19.pom
2026-04-19T23:18:34.0733200Z [INFO] Downloaded from central: https://repo.maven.apache.org/maven2/org/apache/xmlgraphics/batik-bridge/1.19/batik-bridge-1.19.pom (5.4 kB at 186 kB/s)
2026-04-19T23:18:34.0803920Z [INFO] Downloading from central: https://repo.maven.apache.org/maven2/org/apache/xmlgraphics/batik-gvt/1.19/batik-gvt-1.19.pom
2026-04-19T23:18:34.1085750Z [INFO] Downloaded from central: https://repo.maven.apache.org/maven2/org/apache/xmlgraphics/batik-gvt/1.19/batik-gvt-1.19.pom (3.2 kB at 111 kB/s)
2026-04-19T23:18:34.1153290Z [INFO] Downloading from central: https://repo.maven.apache.org/maven2/org/apache/xmlgraphics/batik-script/1.19/batik-script-1.19.pom
2026-04-19T23:18:34.1398460Z [INFO] Downloaded from central: https://repo.maven.apache.org/maven2/org/apache/xmlgraphics/batik-script/1.19/batik-script-1.19.pom (3.9 kB at 145 kB/s)
2026-04-19T23:18:34.1438040Z [INFO] Downloading from central: https://repo.maven.apache.org/maven2/org/apache/xmlgraphics/batik-extension/1.19/batik-extension-1.19.pom
2026-04-19T23:18:34.1752860Z [INFO] Downloaded from central: https://repo.maven.apache.org/maven2/org/apache/xmlgraphics/batik-extension/1.19/batik-extension-1.19.pom (4.7 kB at 143 kB/s)
2026-04-19T23:18:34.1790400Z [INFO] Downloading from central: https://repo.maven.apache.org/maven2/org/apache/xmlgraphics/batik-transcoder/1.19/batik-transcoder-1.19.pom
2026-04-19T23:18:34.2071380Z [INFO] Downloaded from central: https://repo.maven.apache.org/maven2/org/apache/xmlgraphics/batik-transcoder/1.19/batik-transcoder-1.19.pom (4.3 kB at 154 kB/s)
2026-04-19T23:18:34.2105800Z [INFO] Downloading from central: https://repo.maven.apache.org/maven2/org/apache/xmlgraphics/batik-svggen/1.19/batik-svggen-1.19.pom
2026-04-19T23:18:34.2459270Z [INFO] Downloaded from central: https://repo.maven.apache.org/maven2/org/apache/xmlgraphics/batik-svggen/1.19/batik-svggen-1.19.pom (3.2 kB at 113 kB/s)
2026-04-19T23:18:34.2580770Z [INFO] Downloading from central: https://repo.maven.apache.org/maven2/org/apache/xmlgraphics/batik-codec/1.19/batik-codec-1.19.pom
2026-04-19T23:18:34.2752670Z [INFO] Downloaded from central: https://repo.maven.apache.org/maven2/org/apache/xmlgraphics/batik-codec/1.19/batik-codec-1.19.pom (3.5 kB at 114 kB/s)
2026-04-19T23:18:34.2781700Z [INFO] Downloading from central: https://repo.maven.apache.org/maven2/org/apache/pdfbox/fontbox/3.0.3/fontbox-3.0.3.pom
2026-04-19T23:18:34.3062500Z [INFO] Downloaded from central: https://repo.maven.apache.org/maven2/org/apache/pdfbox/fontbox/3.0.3/fontbox-3.0.3.pom (9.2 kB at 328 kB/s)
2026-04-19T23:18:34.3147580Z [INFO] Downloading from central: https://repo.maven.apache.org/maven2/org/apache/pdfbox/pdfbox-parent/3.0.3/pdfbox-parent-3.0.3.pom
2026-04-19T23:18:34.3336750Z [INFO] Downloaded from central: https://repo.maven.apache.org/maven2/org/apache/pdfbox/pdfbox-parent/3.0.3/pdfbox-parent-3.0.3.pom (15 kB at 564 kB/s)
2026-04-19T23:18:34.3356320Z [INFO] Downloading from central: https://repo.maven.apache.org/maven2/org/apache/pdfbox/pdfbox-io/3.0.3/pdfbox-io-3.0.3.pom
2026-04-19T23:18:34.3617660Z [INFO] Downloaded from central: https://repo.maven.apache.org/maven2/org/apache/pdfbox/pdfbox-io/3.0.3/pdfbox-io-3.0.3.pom (3.2 kB at 124 kB/s)
2026-04-19T23:18:34.3638150Z [INFO] Downloading from central: https://repo.maven.apache.org/maven2/commons-logging/commons-logging/1.3.3/commons-logging-1.3.3.pom
2026-04-19T23:18:34.3881480Z [INFO] Downloaded from central: https://repo.maven.apache.org/maven2/commons-logging/commons-logging/1.3.3/commons-logging-1.3.3.pom (32 kB at 1.4 MB/s)
2026-04-19T23:18:34.3895220Z [INFO] Downloading from central: https://repo.maven.apache.org/maven2/org/apache/commons/commons-parent/71/commons-parent-71.pom
2026-04-19T23:18:34.4182470Z [INFO] Downloaded from central: https://repo.maven.apache.org/maven2/org/apache/commons/commons-parent/71/commons-parent-71.pom (78 kB at 2.7 MB/s)
2026-04-19T23:18:34.4212440Z [INFO] Downloading from central: https://repo.maven.apache.org/maven2/org/junit/junit-bom/5.11.0-M2/junit-bom-5.11.0-M2.pom
2026-04-19T23:18:34.4446760Z [INFO] Downloaded from central: https://repo.maven.apache.org/maven2/org/junit/junit-bom/5.11.0-M2/junit-bom-5.11.0-M2.pom (5.7 kB at 238 kB/s)
2026-04-19T23:18:34.4463150Z [INFO] Downloading from central: https://repo.maven.apache.org/maven2/org/junit/jupiter/junit-jupiter-api/6.0.3/junit-jupiter-api-6.0.3.pom
2026-04-19T23:18:34.4712180Z [INFO] Downloaded from central: https://repo.maven.apache.org/maven2/org/junit/jupiter/junit-jupiter-api/6.0.3/junit-jupiter-api-6.0.3.pom (3.4 kB at 135 kB/s)
2026-04-19T23:18:34.4726210Z [INFO] Downloading from central: https://repo.maven.apache.org/maven2/org/junit/junit-bom/6.0.3/junit-bom-6.0.3.pom
2026-04-19T23:18:34.4958490Z [INFO] Downloaded from central: https://repo.maven.apache.org/maven2/org/junit/junit-bom/6.0.3/junit-bom-6.0.3.pom (5.1 kB at 223 kB/s)
2026-04-19T23:18:34.4972740Z [INFO] Downloading from central: https://repo.maven.apache.org/maven2/org/opentest4j/opentest4j/1.3.0/opentest4j-1.3.0.pom
2026-04-19T23:18:34.5232890Z [INFO] Downloaded from central: https://repo.maven.apache.org/maven2/org/opentest4j/opentest4j/1.3.0/opentest4j-1.3.0.pom (2.0 kB at 78 kB/s)
2026-04-19T23:18:34.5246640Z [INFO] Downloading from central: https://repo.maven.apache.org/maven2/org/junit/platform/junit-platform-commons/6.0.3/junit-platform-commons-6.0.3.pom
2026-04-19T23:18:34.5489840Z [INFO] Downloaded from central: https://repo.maven.apache.org/maven2/org/junit/platform/junit-platform-commons/6.0.3/junit-platform-commons-6.0.3.pom (3.0 kB at 126 kB/s)
2026-04-19T23:18:34.5504100Z [INFO] Downloading from central: https://repo.maven.apache.org/maven2/org/apiguardian/apiguardian-api/1.1.2/apiguardian-api-1.1.2.pom
2026-04-19T23:18:34.5753230Z [INFO] Downloaded from central: https://repo.maven.apache.org/maven2/org/apiguardian/apiguardian-api/1.1.2/apiguardian-api-1.1.2.pom (1.5 kB at 61 kB/s)
2026-04-19T23:18:34.5771960Z [INFO] Downloading from central: https://repo.maven.apache.org/maven2/org/jspecify/jspecify/1.0.0/jspecify-1.0.0.pom
2026-04-19T23:18:34.6024990Z [INFO] Downloaded from central: https://repo.maven.apache.org/maven2/org/jspecify/jspecify/1.0.0/jspecify-1.0.0.pom (1.5 kB at 58 kB/s)
2026-04-19T23:18:34.6040390Z [INFO] Downloading from central: https://repo.maven.apache.org/maven2/org/junit/jupiter/junit-jupiter-params/6.0.3/junit-jupiter-params-6.0.3.pom
2026-04-19T23:18:34.6296300Z [INFO] Downloaded from central: https://repo.maven.apache.org/maven2/org/junit/jupiter/junit-jupiter-params/6.0.3/junit-jupiter-params-6.0.3.pom (3.2 kB at 123 kB/s)
2026-04-19T23:18:34.6316740Z [INFO] Downloading from central: https://repo.maven.apache.org/maven2/org/assertj/assertj-core/3.27.7/assertj-core-3.27.7.pom
2026-04-19T23:18:34.6561850Z [INFO] Downloaded from central: https://repo.maven.apache.org/maven2/org/assertj/assertj-core/3.27.7/assertj-core-3.27.7.pom (3.8 kB at 152 kB/s)
2026-04-19T23:18:34.6580110Z [INFO] Downloading from central: https://repo.maven.apache.org/maven2/net/bytebuddy/byte-buddy/1.18.3/byte-buddy-1.18.3.pom
2026-04-19T23:18:34.6833310Z [INFO] Downloaded from central: https://repo.maven.apache.org/maven2/net/bytebuddy/byte-buddy/1.18.3/byte-buddy-1.18.3.pom (19 kB at 747 kB/s)
2026-04-19T23:18:34.6852940Z [INFO] Downloading from central: https://repo.maven.apache.org/maven2/net/bytebuddy/byte-buddy-parent/1.18.3/byte-buddy-parent-1.18.3.pom
2026-04-19T23:18:34.7233190Z [INFO] Downloaded from central: https://repo.maven.apache.org/maven2/net/bytebuddy/byte-buddy-parent/1.18.3/byte-buddy-parent-1.18.3.pom (66 kB at 1.7 MB/s)
2026-04-19T23:18:34.7282910Z [INFO] Downloading from central: https://repo.maven.apache.org/maven2/org/mockito/mockito-core/5.18.0/mockito-core-5.18.0.pom
2026-04-19T23:18:34.7593960Z [INFO] Downloaded from central: https://repo.maven.apache.org/maven2/org/mockito/mockito-core/5.18.0/mockito-core-5.18.0.pom (2.5 kB at 80 kB/s)
2026-04-19T23:18:34.7823000Z [INFO] Downloading from central: https://repo.maven.apache.org/maven2/net/bytebuddy/byte-buddy/1.17.5/byte-buddy-1.17.5.pom
2026-04-19T23:18:34.8191410Z [INFO] Downloaded from central: https://repo.maven.apache.org/maven2/net/bytebuddy/byte-buddy/1.17.5/byte-buddy-1.17.5.pom (19 kB at 537 kB/s)
2026-04-19T23:18:34.8211370Z [INFO] Downloading from central: https://repo.maven.apache.org/maven2/net/bytebuddy/byte-buddy-parent/1.17.5/byte-buddy-parent-1.17.5.pom
2026-04-19T23:18:34.8496990Z [INFO] Downloaded from central: https://repo.maven.apache.org/maven2/net/bytebuddy/byte-buddy-parent/1.17.5/byte-buddy-parent-1.17.5.pom (65 kB at 2.2 MB/s)
2026-04-19T23:18:34.8537150Z [INFO] Downloading from central: https://repo.maven.apache.org/maven2/net/bytebuddy/byte-buddy-agent/1.17.5/byte-buddy-agent-1.17.5.pom
2026-04-19T23:18:34.8817660Z [INFO] Downloaded from central: https://repo.maven.apache.org/maven2/net/bytebuddy/byte-buddy-agent/1.17.5/byte-buddy-agent-1.17.5.pom (12 kB at 432 kB/s)
2026-04-19T23:18:34.8849970Z [INFO] Downloading from central: https://repo.maven.apache.org/maven2/org/objenesis/objenesis/3.3/objenesis-3.3.pom
2026-04-19T23:18:34.9130500Z [INFO] Downloaded from central: https://repo.maven.apache.org/maven2/org/objenesis/objenesis/3.3/objenesis-3.3.pom (3.0 kB at 107 kB/s)
2026-04-19T23:18:34.9145780Z [INFO] Downloading from central: https://repo.maven.apache.org/maven2/org/objenesis/objenesis-parent/3.3/objenesis-parent-3.3.pom
2026-04-19T23:18:34.9395610Z [INFO] Downloaded from central: https://repo.maven.apache.org/maven2/org/objenesis/objenesis-parent/3.3/objenesis-parent-3.3.pom (19 kB at 766 kB/s)
2026-04-19T23:18:34.9423200Z [INFO] Downloading from central: https://repo.maven.apache.org/maven2/org/verapdf/validation-model/1.28.2/validation-model-1.28.2.pom
2026-04-19T23:18:34.9734040Z [INFO] Downloaded from central: https://repo.maven.apache.org/maven2/org/verapdf/validation-model/1.28.2/validation-model-1.28.2.pom (2.5 kB at 91 kB/s)
2026-04-19T23:18:34.9884370Z [INFO] Downloading from central: https://repo.maven.apache.org/maven2/org/verapdf/validation/1.28.2/validation-1.28.2.pom
2026-04-19T23:18:35.0071200Z [INFO] Downloaded from central: https://repo.maven.apache.org/maven2/org/verapdf/validation/1.28.2/validation-1.28.2.pom (6.1 kB at 225 kB/s)
2026-04-19T23:18:35.0072330Z [INFO] Downloading from central: https://repo.maven.apache.org/maven2/org/verapdf/verapdf-parent/1.28.2/verapdf-parent-1.28.2.pom
2026-04-19T23:18:35.0299830Z [INFO] Downloaded from central: https://repo.maven.apache.org/maven2/org/verapdf/verapdf-parent/1.28.2/verapdf-parent-1.28.2.pom (16 kB at 547 kB/s)
2026-04-19T23:18:35.0317870Z [INFO] Downloading from central: https://repo.maven.apache.org/maven2/org/verapdf/parser/1.28.2/parser-1.28.2.pom
2026-04-19T23:18:35.0590960Z [INFO] Downloaded from central: https://repo.maven.apache.org/maven2/org/verapdf/parser/1.28.2/parser-1.28.2.pom (5.6 kB at 208 kB/s)
2026-04-19T23:18:35.0607410Z [INFO] Downloading from central: https://repo.maven.apache.org/maven2/org/verapdf/pdf-model/1.28.2/pdf-model-1.28.2.pom
2026-04-19T23:18:35.0860840Z [INFO] Downloaded from central: https://repo.maven.apache.org/maven2/org/verapdf/pdf-model/1.28.2/pdf-model-1.28.2.pom (6.8 kB at 272 kB/s)
2026-04-19T23:18:35.0877670Z [INFO] Downloading from central: https://repo.maven.apache.org/maven2/org/verapdf/core/1.28.2/core-1.28.2.pom
2026-04-19T23:18:35.1131110Z [INFO] Downloaded from central: https://repo.maven.apache.org/maven2/org/verapdf/core/1.28.2/core-1.28.2.pom (3.4 kB at 137 kB/s)
2026-04-19T23:18:35.1141790Z [INFO] Downloading from central: https://repo.maven.apache.org/maven2/org/verapdf/verapdf-library/1.28.2/verapdf-library-1.28.2.pom
2026-04-19T23:18:35.1425830Z [INFO] Downloaded from central: https://repo.maven.apache.org/maven2/org/verapdf/verapdf-library/1.28.2/verapdf-library-1.28.2.pom (7.5 kB at 268 kB/s)
2026-04-19T23:18:35.1444220Z [INFO] Downloading from central: https://repo.maven.apache.org/maven2/org/verapdf/verapdf-xmp-core/1.28.2/verapdf-xmp-core-1.28.2.pom
2026-04-19T23:18:35.1723060Z [INFO] Downloaded from central: https://repo.maven.apache.org/maven2/org/verapdf/verapdf-xmp-core/1.28.2/verapdf-xmp-core-1.28.2.pom (1.7 kB at 62 kB/s)
2026-04-19T23:18:35.1741940Z [INFO] Downloading from central: https://repo.maven.apache.org/maven2/org/mozilla/rhino/1.7.13/rhino-1.7.13.pom
2026-04-19T23:18:35.2005250Z [INFO] Downloaded from central: https://repo.maven.apache.org/maven2/org/mozilla/rhino/1.7.13/rhino-1.7.13.pom (1.6 kB at 63 kB/s)
2026-04-19T23:18:35.2028100Z [INFO] Downloading from central: https://repo.maven.apache.org/maven2/javax/xml/bind/jaxb-api/2.4.0-b180830.0359/jaxb-api-2.4.0-b180830.0359.pom
2026-04-19T23:18:35.2293610Z [INFO] Downloaded from central: https://repo.maven.apache.org/maven2/javax/xml/bind/jaxb-api/2.4.0-b180830.0359/jaxb-api-2.4.0-b180830.0359.pom (20 kB at 704 kB/s)
2026-04-19T23:18:35.2313040Z [INFO] Downloading from central: https://repo.maven.apache.org/maven2/javax/xml/bind/jaxb-api-parent/2.4.0-b180830.0359/jaxb-api-parent-2.4.0-b180830.0359.pom
2026-04-19T23:18:35.2571850Z [INFO] Downloaded from central: https://repo.maven.apache.org/maven2/javax/xml/bind/jaxb-api-parent/2.4.0-b180830.0359/jaxb-api-parent-2.4.0-b180830.0359.pom (8.1 kB at 312 kB/s)
2026-04-19T23:18:35.2625300Z [INFO] Downloading from central: https://repo.maven.apache.org/maven2/net/java/jvnet-parent/5/jvnet-parent-5.pom
2026-04-19T23:18:35.2877230Z [INFO] Downloaded from central: https://repo.maven.apache.org/maven2/net/java/jvnet-parent/5/jvnet-parent-5.pom (8.9 kB at 355 kB/s)
2026-04-19T23:18:35.2898700Z [INFO] Downloading from central: https://repo.maven.apache.org/maven2/javax/activation/javax.activation-api/1.2.0/javax.activation-api-1.2.0.pom
2026-04-19T23:18:35.3193520Z [INFO] Downloaded from central: https://repo.maven.apache.org/maven2/javax/activation/javax.activation-api/1.2.0/javax.activation-api-1.2.0.pom (4.9 kB at 189 kB/s)
2026-04-19T23:18:35.3202580Z [INFO] Downloading from central: https://repo.maven.apache.org/maven2/com/sun/activation/all/1.2.0/all-1.2.0.pom
2026-04-19T23:18:35.3460070Z [INFO] Downloaded from central: https://repo.maven.apache.org/maven2/com/sun/activation/all/1.2.0/all-1.2.0.pom (18 kB at 619 kB/s)
2026-04-19T23:18:35.3476330Z [INFO] Downloading from central: https://repo.maven.apache.org/maven2/net/java/jvnet-parent/1/jvnet-parent-1.pom
2026-04-19T23:18:35.3724340Z [INFO] Downloaded from central: https://repo.maven.apache.org/maven2/net/java/jvnet-parent/1/jvnet-parent-1.pom (4.7 kB at 188 kB/s)
2026-04-19T23:18:35.3745990Z [INFO] Downloading from central: https://repo.maven.apache.org/maven2/com/sun/xml/bind/jaxb-impl/2.3.2/jaxb-impl-2.3.2.pom
2026-04-19T23:18:35.4015510Z [INFO] Downloaded from central: https://repo.maven.apache.org/maven2/com/sun/xml/bind/jaxb-impl/2.3.2/jaxb-impl-2.3.2.pom (13 kB at 477 kB/s)
2026-04-19T23:18:35.4032560Z [INFO] Downloading from central: https://repo.maven.apache.org/maven2/com/sun/xml/bind/mvn/jaxb-bundles/2.3.2/jaxb-bundles-2.3.2.pom
2026-04-19T23:18:35.4290740Z [INFO] Downloaded from central: https://repo.maven.apache.org/maven2/com/sun/xml/bind/mvn/jaxb-bundles/2.3.2/jaxb-bundles-2.3.2.pom (1.3 kB at 50 kB/s)
2026-04-19T23:18:35.4353180Z [INFO] Downloading from central: https://repo.maven.apache.org/maven2/com/sun/xml/bind/mvn/jaxb-parent/2.3.2/jaxb-parent-2.3.2.pom
2026-04-19T23:18:35.4628880Z [INFO] Downloaded from central: https://repo.maven.apache.org/maven2/com/sun/xml/bind/mvn/jaxb-parent/2.3.2/jaxb-parent-2.3.2.pom (30 kB at 1.1 MB/s)
2026-04-19T23:18:35.4641690Z [INFO] Downloading from central: https://repo.maven.apache.org/maven2/com/sun/xml/bind/jaxb-bom-ext/2.3.2/jaxb-bom-ext-2.3.2.pom
2026-04-19T23:18:35.4926300Z [INFO] Downloaded from central: https://repo.maven.apache.org/maven2/com/sun/xml/bind/jaxb-bom-ext/2.3.2/jaxb-bom-ext-2.3.2.pom (3.1 kB at 112 kB/s)
2026-04-19T23:18:35.4942450Z [INFO] Downloading from central: https://repo.maven.apache.org/maven2/org/glassfish/jaxb/jaxb-bom/2.3.2/jaxb-bom-2.3.2.pom
2026-04-19T23:18:35.5239850Z [INFO] Downloaded from central: https://repo.maven.apache.org/maven2/org/glassfish/jaxb/jaxb-bom/2.3.2/jaxb-bom-2.3.2.pom (8.0 kB at 276 kB/s)
2026-04-19T23:18:35.5250550Z [INFO] Downloading from central: https://repo.maven.apache.org/maven2/org/eclipse/ee4j/project/1.0.5/project-1.0.5.pom
2026-04-19T23:18:35.5523230Z [INFO] Downloaded from central: https://repo.maven.apache.org/maven2/org/eclipse/ee4j/project/1.0.5/project-1.0.5.pom (13 kB at 470 kB/s)
2026-04-19T23:18:35.5551550Z [INFO] Downloading from central: https://repo.maven.apache.org/maven2/com/sun/xml/bind/jaxb-core/2.3.0.1/jaxb-core-2.3.0.1.pom
2026-04-19T23:18:35.5808750Z [INFO] Downloaded from central: https://repo.maven.apache.org/maven2/com/sun/xml/bind/jaxb-core/2.3.0.1/jaxb-core-2.3.0.1.pom (16 kB at 622 kB/s)
2026-04-19T23:18:35.5822900Z [INFO] Downloading from central: https://repo.maven.apache.org/maven2/com/sun/xml/bind/mvn/jaxb-bundles/2.3.0.1/jaxb-bundles-2.3.0.1.pom
2026-04-19T23:18:35.6070650Z [INFO] Downloaded from central: https://repo.maven.apache.org/maven2/com/sun/xml/bind/mvn/jaxb-bundles/2.3.0.1/jaxb-bundles-2.3.0.1.pom (2.9 kB at 122 kB/s)
2026-04-19T23:18:35.6089680Z [INFO] Downloading from central: https://repo.maven.apache.org/maven2/com/sun/xml/bind/mvn/jaxb-parent/2.3.0.1/jaxb-parent-2.3.0.1.pom
2026-04-19T23:18:35.6454580Z [INFO] Downloaded from central: https://repo.maven.apache.org/maven2/com/sun/xml/bind/mvn/jaxb-parent/2.3.0.1/jaxb-parent-2.3.0.1.pom (43 kB at 1.2 MB/s)
2026-04-19T23:18:35.6492900Z [INFO] Downloading from central: https://repo.maven.apache.org/maven2/com/sun/xml/bind/jaxb-bom-ext/2.3.0.1/jaxb-bom-ext-2.3.0.1.pom
2026-04-19T23:18:35.6821110Z [INFO] Downloaded from central: https://repo.maven.apache.org/maven2/com/sun/xml/bind/jaxb-bom-ext/2.3.0.1/jaxb-bom-ext-2.3.0.1.pom (5.4 kB at 180 kB/s)
2026-04-19T23:18:35.6823920Z [INFO] Downloading from central: https://repo.maven.apache.org/maven2/org/glassfish/jaxb/jaxb-bom/2.3.0.1/jaxb-bom-2.3.0.1.pom
2026-04-19T23:18:35.7265900Z [INFO] Downloaded from central: https://repo.maven.apache.org/maven2/org/glassfish/jaxb/jaxb-bom/2.3.0.1/jaxb-bom-2.3.0.1.pom (11 kB at 232 kB/s)
2026-04-19T23:18:35.7298450Z [INFO] Downloading from central: https://repo.maven.apache.org/maven2/com/fasterxml/jackson/core/jackson-databind/2.15.0/jackson-databind-2.15.0.pom
2026-04-19T23:18:35.7612020Z [INFO] Downloaded from central: https://repo.maven.apache.org/maven2/com/fasterxml/jackson/core/jackson-databind/2.15.0/jackson-databind-2.15.0.pom (19 kB at 607 kB/s)
2026-04-19T23:18:35.7633940Z [INFO] Downloading from central: https://repo.maven.apache.org/maven2/com/fasterxml/jackson/jackson-base/2.15.0/jackson-base-2.15.0.pom
2026-04-19T23:18:35.7897980Z [INFO] Downloaded from central: https://repo.maven.apache.org/maven2/com/fasterxml/jackson/jackson-base/2.15.0/jackson-base-2.15.0.pom (11 kB at 428 kB/s)
2026-04-19T23:18:35.7920530Z [INFO] Downloading from central: https://repo.maven.apache.org/maven2/com/fasterxml/jackson/jackson-bom/2.15.0/jackson-bom-2.15.0.pom
2026-04-19T23:18:35.8184000Z [INFO] Downloaded from central: https://repo.maven.apache.org/maven2/com/fasterxml/jackson/jackson-bom/2.15.0/jackson-bom-2.15.0.pom (18 kB at 666 kB/s)
2026-04-19T23:18:35.8206580Z [INFO] Downloading from central: https://repo.maven.apache.org/maven2/com/fasterxml/jackson/jackson-parent/2.15/jackson-parent-2.15.pom
2026-04-19T23:18:35.8454640Z [INFO] Downloaded from central: https://repo.maven.apache.org/maven2/com/fasterxml/jackson/jackson-parent/2.15/jackson-parent-2.15.pom (6.5 kB at 261 kB/s)
2026-04-19T23:18:35.8471490Z [INFO] Downloading from central: https://repo.maven.apache.org/maven2/com/fasterxml/oss-parent/50/oss-parent-50.pom
2026-04-19T23:18:35.8708870Z [INFO] Downloaded from central: https://repo.maven.apache.org/maven2/com/fasterxml/oss-parent/50/oss-parent-50.pom (24 kB at 984 kB/s)
2026-04-19T23:18:35.8744730Z [INFO] Downloading from central: https://repo.maven.apache.org/maven2/com/fasterxml/jackson/core/jackson-annotations/2.15.0/jackson-annotations-2.15.0.pom
2026-04-19T23:18:35.9008190Z [INFO] Downloaded from central: https://repo.maven.apache.org/maven2/com/fasterxml/jackson/core/jackson-annotations/2.15.0/jackson-annotations-2.15.0.pom (7.1 kB at 271 kB/s)
2026-04-19T23:18:35.9049550Z [INFO] Downloading from central: https://repo.maven.apache.org/maven2/com/fasterxml/jackson/core/jackson-core/2.15.0/jackson-core-2.15.0.pom
2026-04-19T23:18:35.9278340Z [INFO] Downloaded from central: https://repo.maven.apache.org/maven2/com/fasterxml/jackson/core/jackson-core/2.15.0/jackson-core-2.15.0.pom (8.6 kB at 359 kB/s)
2026-04-19T23:18:35.9304810Z [INFO] Downloading from central: https://repo.maven.apache.org/maven2/org/junit/junit-bom/5.9.2/junit-bom-5.9.2.pom
2026-04-19T23:18:35.9538000Z [INFO] Downloaded from central: https://repo.maven.apache.org/maven2/org/junit/junit-bom/5.9.2/junit-bom-5.9.2.pom (5.6 kB at 235 kB/s)
2026-04-19T23:18:35.9553590Z [INFO] Downloading from central: https://repo.maven.apache.org/maven2/net/java/dev/stax-utils/stax-utils/20070216/stax-utils-20070216.pom
2026-04-19T23:18:35.9789100Z [INFO] Downloaded from central: https://repo.maven.apache.org/maven2/net/java/dev/stax-utils/stax-utils/20070216/stax-utils-20070216.pom (1.2 kB at 51 kB/s)
2026-04-19T23:18:35.9804180Z [INFO] Downloading from central: https://repo.maven.apache.org/maven2/org/verapdf/feature-reporting/1.28.2/feature-reporting-1.28.2.pom
2026-04-19T23:18:36.0054200Z [INFO] Downloaded from central: https://repo.maven.apache.org/maven2/org/verapdf/feature-reporting/1.28.2/feature-reporting-1.28.2.pom (2.6 kB at 103 kB/s)
2026-04-19T23:18:36.0078990Z [INFO] Downloading from central: https://repo.maven.apache.org/maven2/javax/xml/bind/jaxb-api/2.3.1/jaxb-api-2.3.1.pom
2026-04-19T23:18:36.0320260Z [INFO] Downloaded from central: https://repo.maven.apache.org/maven2/javax/xml/bind/jaxb-api/2.3.1/jaxb-api-2.3.1.pom (20 kB at 840 kB/s)
2026-04-19T23:18:36.0339250Z [INFO] Downloading from central: https://repo.maven.apache.org/maven2/javax/xml/bind/jaxb-api-parent/2.3.1/jaxb-api-parent-2.3.1.pom
2026-04-19T23:18:36.0573380Z [INFO] Downloaded from central: https://repo.maven.apache.org/maven2/javax/xml/bind/jaxb-api-parent/2.3.1/jaxb-api-parent-2.3.1.pom (8.1 kB at 338 kB/s)
2026-04-19T23:18:36.0601790Z [INFO] Downloading from central: https://repo.maven.apache.org/maven2/org/verapdf/metadata-fixer/1.28.2/metadata-fixer-1.28.2.pom
2026-04-19T23:18:36.0847590Z [INFO] Downloaded from central: https://repo.maven.apache.org/maven2/org/verapdf/metadata-fixer/1.28.2/metadata-fixer-1.28.2.pom (2.2 kB at 87 kB/s)
2026-04-19T23:18:36.0911260Z [INFO] Downloading from central: https://repo.maven.apache.org/maven2/com/ibm/icu/icu4j/78.2/icu4j-78.2.jar
2026-04-19T23:18:36.1783010Z [INFO] Downloaded from central: https://repo.maven.apache.org/maven2/com/ibm/icu/icu4j/78.2/icu4j-78.2.jar (15 MB at 174 MB/s)
2026-04-19T23:18:36.1794750Z [INFO] Downloading from central: https://repo.maven.apache.org/maven2/org/bouncycastle/bcprov-jdk18on/1.83/bcprov-jdk18on-1.83.jar
2026-04-19T23:18:36.1799860Z [INFO] Downloading from central: https://repo.maven.apache.org/maven2/org/bouncycastle/bcpkix-jdk18on/1.83/bcpkix-jdk18on-1.83.jar
2026-04-19T23:18:36.1800620Z [INFO] Downloading from central: https://repo.maven.apache.org/maven2/org/bouncycastle/bcutil-jdk18on/1.83/bcutil-jdk18on-1.83.jar
2026-04-19T23:18:36.1801270Z [INFO] Downloading from central: https://repo.maven.apache.org/maven2/org/apache/xmlgraphics/fop/2.11/fop-2.11.jar
2026-04-19T23:18:36.1801890Z [INFO] Downloading from central: https://repo.maven.apache.org/maven2/org/apache/xmlgraphics/fop-util/2.11/fop-util-2.11.jar
2026-04-19T23:18:36.2077190Z [INFO] Downloaded from central: https://repo.maven.apache.org/maven2/org/apache/xmlgraphics/fop/2.11/fop-2.11.jar (2.5 kB at 92 kB/s)
2026-04-19T23:18:36.2097710Z [INFO] Downloading from central: https://repo.maven.apache.org/maven2/org/apache/xmlgraphics/xmlgraphics-commons/2.11/xmlgraphics-commons-2.11.jar
2026-04-19T23:18:36.2098820Z [INFO] Downloaded from central: https://repo.maven.apache.org/maven2/org/bouncycastle/bcutil-jdk18on/1.83/bcutil-jdk18on-1.83.jar (707 kB at 23 MB/s)
2026-04-19T23:18:36.2100120Z [INFO] Downloading from central: https://repo.maven.apache.org/maven2/org/apache/xmlgraphics/fop-events/2.11/fop-events-2.11.jar
2026-04-19T23:18:36.2174820Z [INFO] Downloaded from central: https://repo.maven.apache.org/maven2/org/apache/xmlgraphics/fop-util/2.11/fop-util-2.11.jar (26 kB at 761 kB/s)
2026-04-19T23:18:36.2181580Z [INFO] Downloading from central: https://repo.maven.apache.org/maven2/com/thoughtworks/qdox/qdox/1.12/qdox-1.12.jar
2026-04-19T23:18:36.2310600Z [INFO] Downloaded from central: https://repo.maven.apache.org/maven2/org/bouncycastle/bcpkix-jdk18on/1.83/bcpkix-jdk18on-1.83.jar (1.2 MB at 22 MB/s)
2026-04-19T23:18:36.2412020Z [INFO] Downloading from central: https://repo.maven.apache.org/maven2/org/apache/xmlgraphics/fop-core/2.11/fop-core-2.11.jar
2026-04-19T23:18:36.2413980Z [INFO] Downloaded from central: https://repo.maven.apache.org/maven2/org/apache/xmlgraphics/fop-events/2.11/fop-events-2.11.jar (45 kB at 762 kB/s)
2026-04-19T23:18:36.2416430Z [INFO] Downloading from central: https://repo.maven.apache.org/maven2/org/apache/xmlgraphics/batik-anim/1.19/batik-anim-1.19.jar
2026-04-19T23:18:36.2417370Z [INFO] Downloaded from central: https://repo.maven.apache.org/maven2/org/apache/xmlgraphics/xmlgraphics-commons/2.11/xmlgraphics-commons-2.11.jar (686 kB at 12 MB/s)
2026-04-19T23:18:36.2418230Z [INFO] Downloading from central: https://repo.maven.apache.org/maven2/org/apache/xmlgraphics/batik-css/1.19/batik-css-1.19.jar
2026-04-19T23:18:36.2756580Z [INFO] Downloaded from central: https://repo.maven.apache.org/maven2/org/bouncycastle/bcprov-jdk18on/1.83/bcprov-jdk18on-1.83.jar (8.5 MB at 94 MB/s)
2026-04-19T23:18:36.2759550Z [INFO] Downloading from central: https://repo.maven.apache.org/maven2/org/apache/xmlgraphics/batik-dom/1.19/batik-dom-1.19.jar
2026-04-19T23:18:36.2764270Z [INFO] Downloaded from central: https://repo.maven.apache.org/maven2/org/apache/xmlgraphics/batik-anim/1.19/batik-anim-1.19.jar (486 kB at 5.1 MB/s)
2026-04-19T23:18:36.2766160Z [INFO] Downloading from central: https://repo.maven.apache.org/maven2/xml-apis/xml-apis/1.4.01/xml-apis-1.4.01.jar
2026-04-19T23:18:36.2767860Z [INFO] Downloaded from central: https://repo.maven.apache.org/maven2/org/apache/xmlgraphics/batik-css/1.19/batik-css-1.19.jar (331 kB at 3.4 MB/s)
2026-04-19T23:18:36.2774730Z [INFO] Downloading from central: https://repo.maven.apache.org/maven2/org/apache/xmlgraphics/batik-ext/1.19/batik-ext-1.19.jar
2026-04-19T23:18:36.2775540Z [INFO] Downloaded from central: https://repo.maven.apache.org/maven2/com/thoughtworks/qdox/qdox/1.12/qdox-1.12.jar (180 kB at 1.9 MB/s)
2026-04-19T23:18:36.2777640Z [INFO] Downloading from central: https://repo.maven.apache.org/maven2/org/apache/xmlgraphics/batik-parser/1.19/batik-parser-1.19.jar
2026-04-19T23:18:36.2936030Z [INFO] Downloaded from central: https://repo.maven.apache.org/maven2/org/apache/xmlgraphics/fop-core/2.11/fop-core-2.11.jar (4.5 MB at 39 MB/s)
2026-04-19T23:18:36.2951810Z [INFO] Downloading from central: https://repo.maven.apache.org/maven2/org/apache/xmlgraphics/batik-shared-resources/1.19/batik-shared-resources-1.19.jar
2026-04-19T23:18:36.2952830Z [INFO] Downloaded from central: https://repo.maven.apache.org/maven2/org/apache/xmlgraphics/batik-dom/1.19/batik-dom-1.19.jar (184 kB at 1.6 MB/s)
2026-04-19T23:18:36.2955660Z [INFO] Downloading from central: https://repo.maven.apache.org/maven2/org/apache/xmlgraphics/batik-svg-dom/1.19/batik-svg-dom-1.19.jar
2026-04-19T23:18:36.3014530Z [INFO] Downloaded from central: https://repo.maven.apache.org/maven2/xml-apis/xml-apis/1.4.01/xml-apis-1.4.01.jar (221 kB at 1.8 MB/s)
2026-04-19T23:18:36.3015770Z [INFO] Downloading from central: https://repo.maven.apache.org/maven2/org/apache/xmlgraphics/batik-util/1.19/batik-util-1.19.jar
2026-04-19T23:18:36.3038320Z [INFO] Downloaded from central: https://repo.maven.apache.org/maven2/org/apache/xmlgraphics/batik-ext/1.19/batik-ext-1.19.jar (10 kB at 84 kB/s)
2026-04-19T23:18:36.3039190Z [INFO] Downloading from central: https://repo.maven.apache.org/maven2/org/apache/xmlgraphics/batik-constants/1.19/batik-constants-1.19.jar
2026-04-19T23:18:36.3060230Z [INFO] Downloaded from central: https://repo.maven.apache.org/maven2/org/apache/xmlgraphics/batik-parser/1.19/batik-parser-1.19.jar (77 kB at 611 kB/s)
2026-04-19T23:18:36.3061110Z [INFO] Downloading from central: https://repo.maven.apache.org/maven2/org/apache/xmlgraphics/batik-i18n/1.19/batik-i18n-1.19.jar
2026-04-19T23:18:36.3164200Z [INFO] Downloaded from central: https://repo.maven.apache.org/maven2/org/apache/xmlgraphics/batik-svg-dom/1.19/batik-svg-dom-1.19.jar (231 kB at 1.7 MB/s)
2026-04-19T23:18:36.3164980Z [INFO] Downloading from central: https://repo.maven.apache.org/maven2/xml-apis/xml-apis-ext/1.3.04/xml-apis-ext-1.3.04.jar
2026-04-19T23:18:36.3204200Z [INFO] Downloaded from central: https://repo.maven.apache.org/maven2/org/apache/xmlgraphics/batik-shared-resources/1.19/batik-shared-resources-1.19.jar (6.7 kB at 47 kB/s)
2026-04-19T23:18:36.3205200Z [INFO] Downloading from central: https://repo.maven.apache.org/maven2/org/apache/xmlgraphics/batik-awt-util/1.19/batik-awt-util-1.19.jar
2026-04-19T23:18:36.3271520Z [INFO] Downloaded from central: https://repo.maven.apache.org/maven2/org/apache/xmlgraphics/batik-util/1.19/batik-util-1.19.jar (127 kB at 866 kB/s)
2026-04-19T23:18:36.3272350Z [INFO] Downloading from central: https://repo.maven.apache.org/maven2/org/apache/xmlgraphics/batik-bridge/1.19/batik-bridge-1.19.jar
2026-04-19T23:18:36.3296360Z [INFO] Downloaded from central: https://repo.maven.apache.org/maven2/org/apache/xmlgraphics/batik-constants/1.19/batik-constants-1.19.jar (8.6 kB at 57 kB/s)
2026-04-19T23:18:36.3298370Z [INFO] Downloading from central: https://repo.maven.apache.org/maven2/org/apache/xmlgraphics/batik-script/1.19/batik-script-1.19.jar
2026-04-19T23:18:36.3380750Z [INFO] Downloaded from central: https://repo.maven.apache.org/maven2/org/apache/xmlgraphics/batik-i18n/1.19/batik-i18n-1.19.jar (12 kB at 73 kB/s)
2026-04-19T23:18:36.3383320Z [INFO] Downloading from central: https://repo.maven.apache.org/maven2/org/apache/xmlgraphics/batik-xml/1.19/batik-xml-1.19.jar
2026-04-19T23:18:36.3385850Z [INFO] Downloaded from central: https://repo.maven.apache.org/maven2/xml-apis/xml-apis-ext/1.3.04/xml-apis-ext-1.3.04.jar (86 kB at 539 kB/s)
2026-04-19T23:18:36.3386910Z [INFO] Downloading from central: https://repo.maven.apache.org/maven2/org/apache/xmlgraphics/batik-extension/1.19/batik-extension-1.19.jar
2026-04-19T23:18:36.3509670Z [INFO] Downloaded from central: https://repo.maven.apache.org/maven2/org/apache/xmlgraphics/batik-awt-util/1.19/batik-awt-util-1.19.jar (425 kB at 2.5 MB/s)
2026-04-19T23:18:36.3510590Z [INFO] Downloading from central: https://repo.maven.apache.org/maven2/org/apache/xmlgraphics/batik-gvt/1.19/batik-gvt-1.19.jar
2026-04-19T23:18:36.3558280Z [INFO] Downloaded from central: https://repo.maven.apache.org/maven2/org/apache/xmlgraphics/batik-bridge/1.19/batik-bridge-1.19.jar (705 kB at 4.0 MB/s)
2026-04-19T23:18:36.3561570Z [INFO] Downloading from central: https://repo.maven.apache.org/maven2/org/apache/xmlgraphics/batik-transcoder/1.19/batik-transcoder-1.19.jar
2026-04-19T23:18:36.3578940Z [INFO] Downloaded from central: https://repo.maven.apache.org/maven2/org/apache/xmlgraphics/batik-script/1.19/batik-script-1.19.jar (25 kB at 139 kB/s)
2026-04-19T23:18:36.3579740Z [INFO] Downloading from central: https://repo.maven.apache.org/maven2/org/apache/xmlgraphics/batik-svggen/1.19/batik-svggen-1.19.jar
2026-04-19T23:18:36.3616090Z [INFO] Downloaded from central: https://repo.maven.apache.org/maven2/org/apache/xmlgraphics/batik-xml/1.19/batik-xml-1.19.jar (34 kB at 187 kB/s)
2026-04-19T23:18:36.3616950Z [INFO] Downloading from central: https://repo.maven.apache.org/maven2/org/apache/xmlgraphics/batik-codec/1.19/batik-codec-1.19.jar
2026-04-19T23:18:36.3668940Z [INFO] Downloaded from central: https://repo.maven.apache.org/maven2/org/apache/xmlgraphics/batik-extension/1.19/batik-extension-1.19.jar (73 kB at 389 kB/s)
2026-04-19T23:18:36.3669850Z [INFO] Downloading from central: https://repo.maven.apache.org/maven2/commons-logging/commons-logging/1.3.0/commons-logging-1.3.0.jar
2026-04-19T23:18:36.3786150Z [INFO] Downloaded from central: https://repo.maven.apache.org/maven2/org/apache/xmlgraphics/batik-gvt/1.19/batik-gvt-1.19.jar (192 kB at 966 kB/s)
2026-04-19T23:18:36.3786900Z [INFO] Downloading from central: https://repo.maven.apache.org/maven2/org/apache/pdfbox/fontbox/3.0.3/fontbox-3.0.3.jar
2026-04-19T23:18:36.3834050Z [INFO] Downloaded from central: https://repo.maven.apache.org/maven2/org/apache/xmlgraphics/batik-transcoder/1.19/batik-transcoder-1.19.jar (129 kB at 634 kB/s)
2026-04-19T23:18:36.3835050Z [INFO] Downloading from central: https://repo.maven.apache.org/maven2/org/apache/pdfbox/pdfbox-io/3.0.3/pdfbox-io-3.0.3.jar
2026-04-19T23:18:36.3835810Z [INFO] Downloaded from central: https://repo.maven.apache.org/maven2/org/apache/xmlgraphics/batik-codec/1.19/batik-codec-1.19.jar (112 kB at 551 kB/s)
2026-04-19T23:18:36.3836580Z [INFO] Downloading from central: https://repo.maven.apache.org/maven2/org/junit/jupiter/junit-jupiter-api/6.0.3/junit-jupiter-api-6.0.3.jar
2026-04-19T23:18:36.3861860Z [INFO] Downloaded from central: https://repo.maven.apache.org/maven2/org/apache/xmlgraphics/batik-svggen/1.19/batik-svggen-1.19.jar (228 kB at 1.1 MB/s)
2026-04-19T23:18:36.3862730Z [INFO] Downloading from central: https://repo.maven.apache.org/maven2/org/opentest4j/opentest4j/1.3.0/opentest4j-1.3.0.jar
2026-04-19T23:18:36.4010070Z [INFO] Downloaded from central: https://repo.maven.apache.org/maven2/commons-logging/commons-logging/1.3.0/commons-logging-1.3.0.jar (71 kB at 320 kB/s)
2026-04-19T23:18:36.4011050Z [INFO] Downloading from central: https://repo.maven.apache.org/maven2/org/junit/platform/junit-platform-commons/6.0.3/junit-platform-commons-6.0.3.jar
2026-04-19T23:18:36.4059660Z [INFO] Downloaded from central: https://repo.maven.apache.org/maven2/org/apache/pdfbox/pdfbox-io/3.0.3/pdfbox-io-3.0.3.jar (48 kB at 211 kB/s)
2026-04-19T23:18:36.4060550Z [INFO] Downloading from central: https://repo.maven.apache.org/maven2/org/apiguardian/apiguardian-api/1.1.2/apiguardian-api-1.1.2.jar
2026-04-19T23:18:36.4111490Z [INFO] Downloaded from central: https://repo.maven.apache.org/maven2/org/junit/jupiter/junit-jupiter-api/6.0.3/junit-jupiter-api-6.0.3.jar (251 kB at 1.1 MB/s)
2026-04-19T23:18:36.4112480Z [INFO] Downloading from central: https://repo.maven.apache.org/maven2/org/jspecify/jspecify/1.0.0/jspecify-1.0.0.jar
2026-04-19T23:18:36.4113210Z [INFO] Downloaded from central: https://repo.maven.apache.org/maven2/org/opentest4j/opentest4j/1.3.0/opentest4j-1.3.0.jar (14 kB at 62 kB/s)
2026-04-19T23:18:36.4114030Z [INFO] Downloading from central: https://repo.maven.apache.org/maven2/org/junit/jupiter/junit-jupiter-params/6.0.3/junit-jupiter-params-6.0.3.jar
2026-04-19T23:18:36.4128840Z [INFO] Downloaded from central: https://repo.maven.apache.org/maven2/org/apache/pdfbox/fontbox/3.0.3/fontbox-3.0.3.jar (1.6 MB at 7.0 MB/s)
2026-04-19T23:18:36.4129670Z [INFO] Downloading from central: https://repo.maven.apache.org/maven2/org/assertj/assertj-core/3.27.7/assertj-core-3.27.7.jar
2026-04-19T23:18:36.4278050Z [INFO] Downloaded from central: https://repo.maven.apache.org/maven2/org/apiguardian/apiguardian-api/1.1.2/apiguardian-api-1.1.2.jar (6.8 kB at 27 kB/s)
2026-04-19T23:18:36.4278840Z [INFO] Downloading from central: https://repo.maven.apache.org/maven2/net/bytebuddy/byte-buddy/1.18.3/byte-buddy-1.18.3.jar
2026-04-19T23:18:36.4348160Z [INFO] Downloaded from central: https://repo.maven.apache.org/maven2/org/jspecify/jspecify/1.0.0/jspecify-1.0.0.jar (3.8 kB at 15 kB/s)
2026-04-19T23:18:36.4349730Z [INFO] Downloading from central: https://repo.maven.apache.org/maven2/org/mockito/mockito-core/5.18.0/mockito-core-5.18.0.jar
2026-04-19T23:18:36.4380820Z [INFO] Downloaded from central: https://repo.maven.apache.org/maven2/org/junit/platform/junit-platform-commons/6.0.3/junit-platform-commons-6.0.3.jar (171 kB at 664 kB/s)
2026-04-19T23:18:36.4381940Z [INFO] Downloading from central: https://repo.maven.apache.org/maven2/net/bytebuddy/byte-buddy-agent/1.17.5/byte-buddy-agent-1.17.5.jar
2026-04-19T23:18:36.4453260Z [INFO] Downloaded from central: https://repo.maven.apache.org/maven2/org/junit/jupiter/junit-jupiter-params/6.0.3/junit-jupiter-params-6.0.3.jar (297 kB at 1.1 MB/s)
2026-04-19T23:18:36.4454190Z [INFO] Downloading from central: https://repo.maven.apache.org/maven2/org/objenesis/objenesis/3.3/objenesis-3.3.jar
2026-04-19T23:18:36.4478030Z [INFO] Downloaded from central: https://repo.maven.apache.org/maven2/org/assertj/assertj-core/3.27.7/assertj-core-3.27.7.jar (1.4 MB at 5.2 MB/s)
2026-04-19T23:18:36.4478890Z [INFO] Downloading from central: https://repo.maven.apache.org/maven2/commons-io/commons-io/2.21.0/commons-io-2.21.0.jar
2026-04-19T23:18:36.4644260Z [INFO] Downloaded from central: https://repo.maven.apache.org/maven2/org/mockito/mockito-core/5.18.0/mockito-core-5.18.0.jar (710 kB at 2.5 MB/s)
2026-04-19T23:18:36.4646190Z [INFO] Downloading from central: https://repo.maven.apache.org/maven2/org/verapdf/validation-model/1.28.2/validation-model-1.28.2.jar
2026-04-19T23:18:36.4750510Z [INFO] Downloaded from central: https://repo.maven.apache.org/maven2/org/objenesis/objenesis/3.3/objenesis-3.3.jar (49 kB at 168 kB/s)
2026-04-19T23:18:36.4762970Z [INFO] Downloading from central: https://repo.maven.apache.org/maven2/org/verapdf/parser/1.28.2/parser-1.28.2.jar
2026-04-19T23:18:36.4845970Z [INFO] Downloaded from central: https://repo.maven.apache.org/maven2/commons-io/commons-io/2.21.0/commons-io-2.21.0.jar (585 kB at 1.9 MB/s)
2026-04-19T23:18:36.4859170Z [INFO] Downloading from central: https://repo.maven.apache.org/maven2/org/verapdf/pdf-model/1.28.2/pdf-model-1.28.2.jar
2026-04-19T23:18:36.4861770Z [INFO] Downloaded from central: https://repo.maven.apache.org/maven2/net/bytebuddy/byte-buddy-agent/1.17.5/byte-buddy-agent-1.17.5.jar (366 kB at 1.2 MB/s)
2026-04-19T23:18:36.4862800Z [INFO] Downloading from central: https://repo.maven.apache.org/maven2/org/verapdf/core/1.28.2/core-1.28.2.jar
2026-04-19T23:18:36.4938050Z [INFO] Downloaded from central: https://repo.maven.apache.org/maven2/org/verapdf/validation-model/1.28.2/validation-model-1.28.2.jar (438 kB at 1.4 MB/s)
2026-04-19T23:18:36.4938860Z [INFO] Downloading from central: https://repo.maven.apache.org/maven2/org/verapdf/verapdf-xmp-core/1.28.2/verapdf-xmp-core-1.28.2.jar
2026-04-19T23:18:36.4949230Z [INFO] Downloaded from central: https://repo.maven.apache.org/maven2/net/bytebuddy/byte-buddy/1.18.3/byte-buddy-1.18.3.jar (9.2 MB at 29 MB/s)
2026-04-19T23:18:36.4950030Z [INFO] Downloading from central: https://repo.maven.apache.org/maven2/org/mozilla/rhino/1.7.13/rhino-1.7.13.jar
2026-04-19T23:18:36.5091900Z [INFO] Downloaded from central: https://repo.maven.apache.org/maven2/org/verapdf/pdf-model/1.28.2/pdf-model-1.28.2.jar (171 kB at 518 kB/s)
2026-04-19T23:18:36.5093180Z [INFO] Downloading from central: https://repo.maven.apache.org/maven2/javax/xml/bind/jaxb-api/2.4.0-b180830.0359/jaxb-api-2.4.0-b180830.0359.jar
2026-04-19T23:18:36.5200440Z [INFO] Downloaded from central: https://repo.maven.apache.org/maven2/org/verapdf/verapdf-xmp-core/1.28.2/verapdf-xmp-core-1.28.2.jar (142 kB at 418 kB/s)
2026-04-19T23:18:36.5208280Z [INFO] Downloading from central: https://repo.maven.apache.org/maven2/javax/activation/javax.activation-api/1.2.0/javax.activation-api-1.2.0.jar
2026-04-19T23:18:36.5265710Z [INFO] Downloaded from central: https://repo.maven.apache.org/maven2/org/verapdf/parser/1.28.2/parser-1.28.2.jar (2.4 MB at 6.9 MB/s)
2026-04-19T23:18:36.5280790Z [INFO] Downloading from central: https://repo.maven.apache.org/maven2/com/sun/xml/bind/jaxb-impl/2.3.2/jaxb-impl-2.3.2.jar
2026-04-19T23:18:36.5326720Z [INFO] Downloaded from central: https://repo.maven.apache.org/maven2/org/mozilla/rhino/1.7.13/rhino-1.7.13.jar (1.3 MB at 3.7 MB/s)
2026-04-19T23:18:36.5332080Z [INFO] Downloading from central: https://repo.maven.apache.org/maven2/com/sun/xml/bind/jaxb-core/2.3.0.1/jaxb-core-2.3.0.1.jar
2026-04-19T23:18:36.5333390Z [INFO] Downloaded from central: https://repo.maven.apache.org/maven2/org/verapdf/core/1.28.2/core-1.28.2.jar (916 kB at 2.6 MB/s)
2026-04-19T23:18:36.5334360Z [INFO] Downloading from central: https://repo.maven.apache.org/maven2/com/fasterxml/jackson/core/jackson-databind/2.15.0/jackson-databind-2.15.0.jar
2026-04-19T23:18:36.5379740Z [INFO] Downloaded from central: https://repo.maven.apache.org/maven2/javax/xml/bind/jaxb-api/2.4.0-b180830.0359/jaxb-api-2.4.0-b180830.0359.jar (128 kB at 358 kB/s)
2026-04-19T23:18:36.5380900Z [INFO] Downloading from central: https://repo.maven.apache.org/maven2/com/fasterxml/jackson/core/jackson-annotations/2.15.0/jackson-annotations-2.15.0.jar
2026-04-19T23:18:36.5450280Z [INFO] Downloaded from central: https://repo.maven.apache.org/maven2/javax/activation/javax.activation-api/1.2.0/javax.activation-api-1.2.0.jar (57 kB at 155 kB/s)
2026-04-19T23:18:36.5451360Z [INFO] Downloading from central: https://repo.maven.apache.org/maven2/com/fasterxml/jackson/core/jackson-core/2.15.0/jackson-core-2.15.0.jar
2026-04-19T23:18:36.5596690Z [INFO] Downloaded from central: https://repo.maven.apache.org/maven2/com/sun/xml/bind/jaxb-impl/2.3.2/jaxb-impl-2.3.2.jar (1.0 MB at 2.7 MB/s)
2026-04-19T23:18:36.5597630Z [INFO] Downloading from central: https://repo.maven.apache.org/maven2/net/java/dev/stax-utils/stax-utils/20070216/stax-utils-20070216.jar
2026-04-19T23:18:36.5664080Z [INFO] Downloaded from central: https://repo.maven.apache.org/maven2/com/sun/xml/bind/jaxb-core/2.3.0.1/jaxb-core-2.3.0.1.jar (255 kB at 660 kB/s)
2026-04-19T23:18:36.5700130Z [INFO] Downloading from central: https://repo.maven.apache.org/maven2/org/verapdf/feature-reporting/1.28.2/feature-reporting-1.28.2.jar
2026-04-19T23:18:36.5721470Z [INFO] Downloaded from central: https://repo.maven.apache.org/maven2/com/fasterxml/jackson/core/jackson-core/2.15.0/jackson-core-2.15.0.jar (543 kB at 1.4 MB/s)
2026-04-19T23:18:36.5739510Z [INFO] Downloading from central: https://repo.maven.apache.org/maven2/org/verapdf/metadata-fixer/1.28.2/metadata-fixer-1.28.2.jar
2026-04-19T23:18:36.5747740Z [INFO] Downloaded from central: https://repo.maven.apache.org/maven2/com/fasterxml/jackson/core/jackson-annotations/2.15.0/jackson-annotations-2.15.0.jar (76 kB at 192 kB/s)
2026-04-19T23:18:36.5782880Z [INFO] Downloaded from central: https://repo.maven.apache.org/maven2/com/fasterxml/jackson/core/jackson-databind/2.15.0/jackson-databind-2.15.0.jar (1.6 MB at 4.1 MB/s)
2026-04-19T23:18:36.5892010Z [INFO] Downloaded from central: https://repo.maven.apache.org/maven2/net/java/dev/stax-utils/stax-utils/20070216/stax-utils-20070216.jar (129 kB at 314 kB/s)
2026-04-19T23:18:36.5934200Z [INFO] Downloaded from central: https://repo.maven.apache.org/maven2/org/verapdf/feature-reporting/1.28.2/feature-reporting-1.28.2.jar (71 kB at 172 kB/s)
2026-04-19T23:18:36.5990690Z [INFO] Downloaded from central: https://repo.maven.apache.org/maven2/org/verapdf/metadata-fixer/1.28.2/metadata-fixer-1.28.2.jar (32 kB at 76 kB/s)
2026-04-19T23:18:36.6292440Z [INFO] 
2026-04-19T23:18:36.6307220Z [INFO] --- jacoco:0.8.14:prepare-agent (default) @ openpdf ---
2026-04-19T23:18:36.6324570Z [INFO] argLine set to -javaagent:/Users/runner/.m2/repository/org/jacoco/org.jacoco.agent/0.8.14/org.jacoco.agent-0.8.14-runtime.jar=destfile=/Users/runner/work/OpenPDF/OpenPDF/openpdf-core/target/jacoco.exec
2026-04-19T23:18:36.6325450Z [INFO] 
2026-04-19T23:18:36.6325710Z [INFO] --- resources:3.4.0:resources (default-resources) @ openpdf ---
2026-04-19T23:18:36.6326340Z [INFO] Downloading from central: https://repo.maven.apache.org/maven2/org/apache/maven/shared/maven-filtering/3.4.0/maven-filtering-3.4.0.pom
2026-04-19T23:18:36.6584480Z [INFO] Downloaded from central: https://repo.maven.apache.org/maven2/org/apache/maven/shared/maven-filtering/3.4.0/maven-filtering-3.4.0.pom (6.5 kB at 240 kB/s)
2026-04-19T23:18:36.6596190Z [INFO] Downloading from central: https://repo.maven.apache.org/maven2/org/apache/maven/shared/maven-shared-components/43/maven-shared-components-43.pom
2026-04-19T23:18:36.6925170Z [INFO] Downloaded from central: https://repo.maven.apache.org/maven2/org/apache/maven/shared/maven-shared-components/43/maven-shared-components-43.pom (3.8 kB at 114 kB/s)
2026-04-19T23:18:36.6950180Z [INFO] Downloading from central: https://repo.maven.apache.org/maven2/org/codehaus/plexus/plexus-interpolation/1.27/plexus-interpolation-1.27.pom
2026-04-19T23:18:36.7223570Z [INFO] Downloaded from central: https://repo.maven.apache.org/maven2/org/codehaus/plexus/plexus-interpolation/1.27/plexus-interpolation-1.27.pom (3.0 kB at 112 kB/s)
2026-04-19T23:18:36.7232580Z [INFO] Downloading from central: https://repo.maven.apache.org/maven2/org/codehaus/plexus/plexus/16/plexus-16.pom
2026-04-19T23:18:36.7499340Z [INFO] Downloaded from central: https://repo.maven.apache.org/maven2/org/codehaus/plexus/plexus/16/plexus-16.pom (28 kB at 1.0 MB/s)
2026-04-19T23:18:36.7515230Z [INFO] Downloading from central: https://repo.maven.apache.org/maven2/commons-io/commons-io/2.16.1/commons-io-2.16.1.pom
2026-04-19T23:18:36.7767800Z [INFO] Downloaded from central: https://repo.maven.apache.org/maven2/commons-io/commons-io/2.16.1/commons-io-2.16.1.pom (20 kB at 785 kB/s)
2026-04-19T23:18:36.7781990Z [INFO] Downloading from central: https://repo.maven.apache.org/maven2/org/apache/commons/commons-parent/69/commons-parent-69.pom
2026-04-19T23:18:36.8068300Z [INFO] Downloaded from central: https://repo.maven.apache.org/maven2/org/apache/commons/commons-parent/69/commons-parent-69.pom (77 kB at 2.8 MB/s)
2026-04-19T23:18:36.8098230Z [INFO] Downloading from central: https://repo.maven.apache.org/maven2/org/apache/commons/commons-lang3/3.16.0/commons-lang3-3.16.0.pom
2026-04-19T23:18:36.8561520Z [INFO] Downloaded from central: https://repo.maven.apache.org/maven2/org/apache/commons/commons-lang3/3.16.0/commons-lang3-3.16.0.pom (31 kB at 680 kB/s)
2026-04-19T23:18:36.8760700Z [INFO] Downloading from central: https://repo.maven.apache.org/maven2/org/apache/commons/commons-parent/72/commons-parent-72.pom
2026-04-19T23:18:36.9071440Z [INFO] Downloaded from central: https://repo.maven.apache.org/maven2/org/apache/commons/commons-parent/72/commons-parent-72.pom (78 kB at 2.5 MB/s)
2026-04-19T23:18:36.9103240Z [INFO] Downloading from central: https://repo.maven.apache.org/maven2/org/apache/commons/commons-lang3/3.20.0/commons-lang3-3.20.0.pom
2026-04-19T23:18:36.9391850Z [INFO] Downloaded from central: https://repo.maven.apache.org/maven2/org/apache/commons/commons-lang3/3.20.0/commons-lang3-3.20.0.pom (33 kB at 1.1 MB/s)
2026-04-19T23:18:36.9407230Z [INFO] Downloading from central: https://repo.maven.apache.org/maven2/org/apache/commons/commons-parent/92/commons-parent-92.pom
2026-04-19T23:18:36.9723550Z [INFO] Downloaded from central: https://repo.maven.apache.org/maven2/org/apache/commons/commons-parent/92/commons-parent-92.pom (80 kB at 2.5 MB/s)
2026-04-19T23:18:36.9793750Z [INFO] Downloading from central: https://repo.maven.apache.org/maven2/org/apache/maven/shared/maven-filtering/3.4.0/maven-filtering-3.4.0.jar
2026-04-19T23:18:37.0015280Z [INFO] Downloaded from central: https://repo.maven.apache.org/maven2/org/apache/maven/shared/maven-filtering/3.4.0/maven-filtering-3.4.0.jar (56 kB at 2.2 MB/s)
2026-04-19T23:18:37.0024150Z [INFO] Downloading from central: https://repo.maven.apache.org/maven2/org/codehaus/plexus/plexus-utils/4.0.2/plexus-utils-4.0.2.jar
2026-04-19T23:18:37.0025020Z [INFO] Downloading from central: https://repo.maven.apache.org/maven2/org/codehaus/plexus/plexus-interpolation/1.27/plexus-interpolation-1.27.jar
2026-04-19T23:18:37.0026030Z [INFO] Downloading from central: https://repo.maven.apache.org/maven2/commons-io/commons-io/2.16.1/commons-io-2.16.1.jar
2026-04-19T23:18:37.0027090Z [INFO] Downloading from central: https://repo.maven.apache.org/maven2/org/apache/commons/commons-lang3/3.20.0/commons-lang3-3.20.0.jar
2026-04-19T23:18:37.0289480Z [INFO] Downloaded from central: https://repo.maven.apache.org/maven2/org/codehaus/plexus/plexus-interpolation/1.27/plexus-interpolation-1.27.jar (86 kB at 3.2 MB/s)
2026-04-19T23:18:37.0290520Z [INFO] Downloaded from central: https://repo.maven.apache.org/maven2/org/codehaus/plexus/plexus-utils/4.0.2/plexus-utils-4.0.2.jar (193 kB at 7.1 MB/s)
2026-04-19T23:18:37.0299260Z [INFO] Downloaded from central: https://repo.maven.apache.org/maven2/commons-io/commons-io/2.16.1/commons-io-2.16.1.jar (509 kB at 18 MB/s)
2026-04-19T23:18:37.0405290Z [INFO] Downloaded from central: https://repo.maven.apache.org/maven2/org/apache/commons/commons-lang3/3.20.0/commons-lang3-3.20.0.jar (714 kB at 19 MB/s)
2026-04-19T23:18:37.0640060Z [INFO] Copying 53 resources from src/main/resources to target/classes
2026-04-19T23:18:37.0961350Z [INFO] Copying 1 resource from src/main/resources-filtered to target/classes
2026-04-19T23:18:37.0996380Z [INFO] The encoding used to copy filtered properties files has not been set. This means that the same encoding will be used to copy filtered properties files as when copying other filtered resources. This might not be what you want! Run your build with --debug to see which files might be affected. Read more at https://maven.apache.org/plugins/maven-resources-plugin/examples/filtering-properties-files.html
2026-04-19T23:18:37.1025550Z [INFO] 
2026-04-19T23:18:37.1030030Z [INFO] --- compiler:3.15.0:compile (default-compile) @ openpdf ---
2026-04-19T23:18:37.1030580Z [INFO] Downloading from central: https://repo.maven.apache.org/maven2/org/ow2/asm/asm/9.9.1/asm-9.9.1.pom
2026-04-19T23:18:37.1380420Z [INFO] Downloaded from central: https://repo.maven.apache.org/maven2/org/ow2/asm/asm/9.9.1/asm-9.9.1.pom (2.4 kB at 66 kB/s)
2026-04-19T23:18:37.1396050Z [INFO] Downloading from central: https://repo.maven.apache.org/maven2/org/apache/maven/shared/maven-shared-utils/3.4.2/maven-shared-utils-3.4.2.pom
2026-04-19T23:18:37.1741230Z [INFO] Downloaded from central: https://repo.maven.apache.org/maven2/org/apache/maven/shared/maven-shared-utils/3.4.2/maven-shared-utils-3.4.2.pom (5.9 kB at 174 kB/s)
2026-04-19T23:18:37.1754500Z [INFO] Downloading from central: https://repo.maven.apache.org/maven2/org/apache/maven/shared/maven-shared-components/39/maven-shared-components-39.pom
2026-04-19T23:18:37.2067370Z [INFO] Downloaded from central: https://repo.maven.apache.org/maven2/org/apache/maven/shared/maven-shared-components/39/maven-shared-components-39.pom (3.2 kB at 104 kB/s)
2026-04-19T23:18:37.2079200Z [INFO] Downloading from central: https://repo.maven.apache.org/maven2/org/apache/maven/maven-parent/39/maven-parent-39.pom
2026-04-19T23:18:37.2428620Z [INFO] Downloaded from central: https://repo.maven.apache.org/maven2/org/apache/maven/maven-parent/39/maven-parent-39.pom (48 kB at 1.4 MB/s)
2026-04-19T23:18:37.2446940Z [INFO] Downloading from central: https://repo.maven.apache.org/maven2/org/apache/apache/29/apache-29.pom
2026-04-19T23:18:37.2781090Z [INFO] Downloaded from central: https://repo.maven.apache.org/maven2/org/apache/apache/29/apache-29.pom (21 kB at 628 kB/s)
2026-04-19T23:18:37.2807140Z [INFO] Downloading from central: https://repo.maven.apache.org/maven2/commons-io/commons-io/2.11.0/commons-io-2.11.0.pom
2026-04-19T23:18:37.3127710Z [INFO] Downloaded from central: https://repo.maven.apache.org/maven2/commons-io/commons-io/2.11.0/commons-io-2.11.0.pom (20 kB at 617 kB/s)
2026-04-19T23:18:37.3149770Z [INFO] Downloading from central: https://repo.maven.apache.org/maven2/org/junit/junit-bom/5.7.2/junit-bom-5.7.2.pom
2026-04-19T23:18:37.3467020Z [INFO] Downloaded from central: https://repo.maven.apache.org/maven2/org/junit/junit-bom/5.7.2/junit-bom-5.7.2.pom (5.1 kB at 159 kB/s)
2026-04-19T23:18:37.3480930Z [INFO] Downloading from central: https://repo.maven.apache.org/maven2/org/apache/maven/shared/maven-shared-incremental/1.1/maven-shared-incremental-1.1.pom
2026-04-19T23:18:37.3850300Z [INFO] Downloaded from central: https://repo.maven.apache.org/maven2/org/apache/maven/shared/maven-shared-incremental/1.1/maven-shared-incremental-1.1.pom (4.7 kB at 128 kB/s)
2026-04-19T23:18:37.3867040Z [INFO] Downloading from central: https://repo.maven.apache.org/maven2/org/apache/maven/shared/maven-shared-components/19/maven-shared-components-19.pom
2026-04-19T23:18:37.4158340Z [INFO] Downloaded from central: https://repo.maven.apache.org/maven2/org/apache/maven/shared/maven-shared-components/19/maven-shared-components-19.pom (6.4 kB at 219 kB/s)
2026-04-19T23:18:37.4175920Z [INFO] Downloading from central: https://repo.maven.apache.org/maven2/org/codehaus/plexus/plexus-java/1.5.2/plexus-java-1.5.2.pom
2026-04-19T23:18:37.4514410Z [INFO] Downloaded from central: https://repo.maven.apache.org/maven2/org/codehaus/plexus/plexus-java/1.5.2/plexus-java-1.5.2.pom (4.1 kB at 120 kB/s)
2026-04-19T23:18:37.4527850Z [INFO] Downloading from central: https://repo.maven.apache.org/maven2/org/codehaus/plexus/plexus-languages/1.5.2/plexus-languages-1.5.2.pom
2026-04-19T23:18:37.4841200Z [INFO] Downloaded from central: https://repo.maven.apache.org/maven2/org/codehaus/plexus/plexus-languages/1.5.2/plexus-languages-1.5.2.pom (3.9 kB at 124 kB/s)
2026-04-19T23:18:37.4852820Z [INFO] Downloading from central: https://repo.maven.apache.org/maven2/org/codehaus/plexus/plexus/24/plexus-24.pom
2026-04-19T23:18:37.5197300Z [INFO] Downloaded from central: https://repo.maven.apache.org/maven2/org/codehaus/plexus/plexus/24/plexus-24.pom (31 kB at 923 kB/s)
2026-04-19T23:18:37.5226610Z [INFO] Downloading from central: https://repo.maven.apache.org/maven2/com/thoughtworks/qdox/qdox/2.2.0/qdox-2.2.0.pom
2026-04-19T23:18:37.5543540Z [INFO] Downloaded from central: https://repo.maven.apache.org/maven2/com/thoughtworks/qdox/qdox/2.2.0/qdox-2.2.0.pom (18 kB at 552 kB/s)
2026-04-19T23:18:37.5561340Z [INFO] Downloading from central: https://repo.maven.apache.org/maven2/org/sonatype/oss/oss-parent/9/oss-parent-9.pom
2026-04-19T23:18:37.5883420Z [INFO] Downloaded from central: https://repo.maven.apache.org/maven2/org/sonatype/oss/oss-parent/9/oss-parent-9.pom (6.6 kB at 199 kB/s)
2026-04-19T23:18:37.5904180Z [INFO] Downloading from central: https://repo.maven.apache.org/maven2/org/codehaus/plexus/plexus-compiler-api/2.16.2/plexus-compiler-api-2.16.2.pom
2026-04-19T23:18:37.6209350Z [INFO] Downloaded from central: https://repo.maven.apache.org/maven2/org/codehaus/plexus/plexus-compiler-api/2.16.2/plexus-compiler-api-2.16.2.pom (1.4 kB at 45 kB/s)
2026-04-19T23:18:37.6225940Z [INFO] Downloading from central: https://repo.maven.apache.org/maven2/org/codehaus/plexus/plexus-compiler/2.16.2/plexus-compiler-2.16.2.pom
2026-04-19T23:18:37.6558820Z [INFO] Downloaded from central: https://repo.maven.apache.org/maven2/org/codehaus/plexus/plexus-compiler/2.16.2/plexus-compiler-2.16.2.pom (7.5 kB at 229 kB/s)
2026-04-19T23:18:37.6573040Z [INFO] Downloading from central: https://repo.maven.apache.org/maven2/org/codehaus/plexus/plexus/25/plexus-25.pom
2026-04-19T23:18:37.6895990Z [INFO] Downloaded from central: https://repo.maven.apache.org/maven2/org/codehaus/plexus/plexus/25/plexus-25.pom (31 kB at 981 kB/s)
2026-04-19T23:18:37.6925740Z [INFO] Downloading from central: https://repo.maven.apache.org/maven2/org/junit/junit-bom/5.14.1/junit-bom-5.14.1.pom
2026-04-19T23:18:37.7226410Z [INFO] Downloaded from central: https://repo.maven.apache.org/maven2/org/junit/junit-bom/5.14.1/junit-bom-5.14.1.pom (5.7 kB at 189 kB/s)
2026-04-19T23:18:37.7243700Z [INFO] Downloading from central: https://repo.maven.apache.org/maven2/org/codehaus/plexus/plexus-compiler-manager/2.16.2/plexus-compiler-manager-2.16.2.pom
2026-04-19T23:18:37.7535930Z [INFO] Downloaded from central: https://repo.maven.apache.org/maven2/org/codehaus/plexus/plexus-compiler-manager/2.16.2/plexus-compiler-manager-2.16.2.pom (1.3 kB at 46 kB/s)
2026-04-19T23:18:37.7557610Z [INFO] Downloading from central: https://repo.maven.apache.org/maven2/org/codehaus/plexus/plexus-compiler-javac/2.16.2/plexus-compiler-javac-2.16.2.pom
2026-04-19T23:18:37.7855000Z [INFO] Downloaded from central: https://repo.maven.apache.org/maven2/org/codehaus/plexus/plexus-compiler-javac/2.16.2/plexus-compiler-javac-2.16.2.pom (1.3 kB at 43 kB/s)
2026-04-19T23:18:37.7872800Z [INFO] Downloading from central: https://repo.maven.apache.org/maven2/org/codehaus/plexus/plexus-compilers/2.16.2/plexus-compilers-2.16.2.pom
2026-04-19T23:18:37.8170930Z [INFO] Downloaded from central: https://repo.maven.apache.org/maven2/org/codehaus/plexus/plexus-compilers/2.16.2/plexus-compilers-2.16.2.pom (1.6 kB at 52 kB/s)
2026-04-19T23:18:37.8197240Z [INFO] Downloading from central: https://repo.maven.apache.org/maven2/org/ow2/asm/asm/9.9.1/asm-9.9.1.jar
2026-04-19T23:18:37.8500170Z [INFO] Downloaded from central: https://repo.maven.apache.org/maven2/org/ow2/asm/asm/9.9.1/asm-9.9.1.jar (126 kB at 4.2 MB/s)
2026-04-19T23:18:37.8501390Z [INFO] Downloading from central: https://repo.maven.apache.org/maven2/org/apache/maven/shared/maven-shared-utils/3.4.2/maven-shared-utils-3.4.2.jar
2026-04-19T23:18:37.8505290Z [INFO] Downloading from central: https://repo.maven.apache.org/maven2/commons-io/commons-io/2.11.0/commons-io-2.11.0.jar
2026-04-19T23:18:37.8507280Z [INFO] Downloading from central: https://repo.maven.apache.org/maven2/org/apache/maven/shared/maven-shared-incremental/1.1/maven-shared-incremental-1.1.jar
2026-04-19T23:18:37.8508520Z [INFO] Downloading from central: https://repo.maven.apache.org/maven2/org/codehaus/plexus/plexus-java/1.5.2/plexus-java-1.5.2.jar
2026-04-19T23:18:37.8509180Z [INFO] Downloading from central: https://repo.maven.apache.org/maven2/com/thoughtworks/qdox/qdox/2.2.0/qdox-2.2.0.jar
2026-04-19T23:18:37.8775740Z [INFO] Downloaded from central: https://repo.maven.apache.org/maven2/org/codehaus/plexus/plexus-java/1.5.2/plexus-java-1.5.2.jar (57 kB at 2.2 MB/s)
2026-04-19T23:18:37.8776620Z [INFO] Downloaded from central: https://repo.maven.apache.org/maven2/commons-io/commons-io/2.11.0/commons-io-2.11.0.jar (327 kB at 13 MB/s)
2026-04-19T23:18:37.8777440Z [INFO] Downloading from central: https://repo.maven.apache.org/maven2/org/codehaus/plexus/plexus-compiler-api/2.16.2/plexus-compiler-api-2.16.2.jar
2026-04-19T23:18:37.8778550Z [INFO] Downloading from central: https://repo.maven.apache.org/maven2/org/codehaus/plexus/plexus-compiler-manager/2.16.2/plexus-compiler-manager-2.16.2.jar
2026-04-19T23:18:37.8779540Z [INFO] Downloaded from central: https://repo.maven.apache.org/maven2/org/apache/maven/shared/maven-shared-incremental/1.1/maven-shared-incremental-1.1.jar (14 kB at 501 kB/s)
2026-04-19T23:18:37.8780700Z [INFO] Downloading from central: https://repo.maven.apache.org/maven2/org/codehaus/plexus/plexus-compiler-javac/2.16.2/plexus-compiler-javac-2.16.2.jar
2026-04-19T23:18:37.8796950Z [INFO] Downloaded from central: https://repo.maven.apache.org/maven2/org/apache/maven/shared/maven-shared-utils/3.4.2/maven-shared-utils-3.4.2.jar (151 kB at 5.0 MB/s)
2026-04-19T23:18:37.8836920Z [INFO] Downloaded from central: https://repo.maven.apache.org/maven2/com/thoughtworks/qdox/qdox/2.2.0/qdox-2.2.0.jar (353 kB at 11 MB/s)
2026-04-19T23:18:37.9052600Z [INFO] Downloaded from central: https://repo.maven.apache.org/maven2/org/codehaus/plexus/plexus-compiler-manager/2.16.2/plexus-compiler-manager-2.16.2.jar (5.2 kB at 97 kB/s)
2026-04-19T23:18:37.9053670Z [INFO] Downloaded from central: https://repo.maven.apache.org/maven2/org/codehaus/plexus/plexus-compiler-javac/2.16.2/plexus-compiler-javac-2.16.2.jar (30 kB at 544 kB/s)
2026-04-19T23:18:37.9056860Z [INFO] Downloaded from central: https://repo.maven.apache.org/maven2/org/codehaus/plexus/plexus-compiler-api/2.16.2/plexus-compiler-api-2.16.2.jar (29 kB at 529 kB/s)
2026-04-19T23:18:37.9549010Z [INFO] Recompiling the module because of changed source code.
2026-04-19T23:18:37.9609230Z [INFO] Compiling 384 source files with javac [debug release 21] to target/classes
2026-04-19T23:18:41.0600600Z [WARNING] /Users/runner/work/OpenPDF/OpenPDF/openpdf-core/src/main/java/org/openpdf/text/pdf/PdfWriter.java:[1455,55] unchecked method invocation: method iterateOutlines in class org.openpdf.text.pdf.SimpleBookmark is applied to given types
2026-04-19T23:18:41.0636880Z   required: org.openpdf.text.pdf.PdfWriter,org.openpdf.text.pdf.PdfIndirectReference,java.util.List<java.util.Map<java.lang.String,java.lang.Object>>,boolean
2026-04-19T23:18:41.0648410Z   found:    org.openpdf.text.pdf.PdfWriter,org.openpdf.text.pdf.PdfIndirectReference,java.util.List,boolean
2026-04-19T23:18:41.0649720Z [WARNING] /Users/runner/work/OpenPDF/OpenPDF/openpdf-core/src/main/java/org/openpdf/text/pdf/PdfWriter.java:[1455,70] unchecked conversion
2026-04-19T23:18:41.0650310Z   required: java.util.List<java.util.Map<java.lang.String,java.lang.Object>>
2026-04-19T23:18:41.0650620Z   found:    java.util.List
2026-04-19T23:18:41.0651260Z [WARNING] /Users/runner/work/OpenPDF/OpenPDF/openpdf-core/src/main/java/org/openpdf/text/pdf/PdfReader.java:[3061,21] unchecked method invocation: method putAll in class java.util.HashMap is applied to given types
2026-04-19T23:18:41.0651960Z   required: java.util.Map<? extends K,? extends V>
2026-04-19T23:18:41.0652180Z   found:    java.util.HashMap
2026-04-19T23:18:41.0652630Z [WARNING] /Users/runner/work/OpenPDF/OpenPDF/openpdf-core/src/main/java/org/openpdf/text/pdf/PdfReader.java:[3061,52] unchecked conversion
2026-04-19T23:18:41.0653140Z   required: java.util.Map<? extends K,? extends V>
2026-04-19T23:18:41.0653590Z   found:    java.util.HashMap
2026-04-19T23:18:41.0654060Z [WARNING] /Users/runner/work/OpenPDF/OpenPDF/openpdf-core/src/main/java/org/openpdf/text/pdf/FopGlyphProcessor.java:[67,75] unchecked conversion
2026-04-19T23:18:41.0654650Z   required: java.util.List<org.apache.fop.complexscripts.util.CharAssociation>
2026-04-19T23:18:41.0654950Z   found:    java.util.List
2026-04-19T23:18:41.0655500Z [INFO] /Users/runner/work/OpenPDF/OpenPDF/openpdf-core/src/main/java/org/openpdf/text/html/simpleparser/FactoryProperties.java: Some input files use or override a deprecated API.
2026-04-19T23:18:41.0656480Z [INFO] /Users/runner/work/OpenPDF/OpenPDF/openpdf-core/src/main/java/org/openpdf/text/html/simpleparser/FactoryProperties.java: Recompile with -Xlint:deprecation for details.
2026-04-19T23:18:41.0657050Z [INFO] 
2026-04-19T23:18:41.0657390Z [INFO] --- bundle:6.0.2:manifest (bundle-manifest) @ openpdf ---
2026-04-19T23:18:41.0657690Z [INFO] No MANIFEST.MF file found, generating manifest.
2026-04-19T23:18:41.7121650Z [WARNING] Manifest com.github.librepdf:openpdf:jar:3.0.4-SNAPSHOT : Export org.openpdf.text.pdf,  has 1,  private references [org.openpdf.text.pdf.internal]
2026-04-19T23:18:41.7139500Z [INFO] Writing manifest: /Users/runner/work/OpenPDF/OpenPDF/openpdf-core/target/classes/META-INF/MANIFEST.MF
2026-04-19T23:18:41.7164950Z [INFO] 
2026-04-19T23:18:41.7166600Z [INFO] --- resources:3.4.0:testResources (default-testResources) @ openpdf ---
2026-04-19T23:18:41.7199500Z [INFO] Copying 86 resources from src/test/resources to target/test-classes
2026-04-19T23:18:41.7645960Z [INFO] 
2026-04-19T23:18:41.7646950Z [INFO] --- compiler:3.15.0:testCompile (default-testCompile) @ openpdf ---
2026-04-19T23:18:41.7735480Z [INFO] Recompiling the module because of changed dependency.
2026-04-19T23:18:41.7745480Z [INFO] Compiling 93 source files with javac [debug release 21] to target/test-classes
2026-04-19T23:18:42.3609020Z [INFO] /Users/runner/work/OpenPDF/OpenPDF/openpdf-core/src/test/java/org/openpdf/text/html/EmbeddedImageTest.java: Some input files use or override a deprecated API.
2026-04-19T23:18:42.3613050Z [INFO] /Users/runner/work/OpenPDF/OpenPDF/openpdf-core/src/test/java/org/openpdf/text/html/EmbeddedImageTest.java: Recompile with -Xlint:deprecation for details.
2026-04-19T23:18:42.3617390Z [INFO] 
2026-04-19T23:18:42.3617720Z [INFO] --- surefire:3.5.5:test (default-test) @ openpdf ---
2026-04-19T23:18:42.3674540Z [INFO] Downloading from central: https://repo.maven.apache.org/maven2/org/apache/maven/surefire/surefire-api/3.5.5/surefire-api-3.5.5.pom
2026-04-19T23:18:42.3986800Z [INFO] Downloaded from central: https://repo.maven.apache.org/maven2/org/apache/maven/surefire/surefire-api/3.5.5/surefire-api-3.5.5.pom (3.7 kB at 123 kB/s)
2026-04-19T23:18:42.4012550Z [INFO] Downloading from central: https://repo.maven.apache.org/maven2/org/apache/maven/surefire/surefire-logger-api/3.5.5/surefire-logger-api-3.5.5.pom
2026-04-19T23:18:42.4295740Z [INFO] Downloaded from central: https://repo.maven.apache.org/maven2/org/apache/maven/surefire/surefire-logger-api/3.5.5/surefire-logger-api-3.5.5.pom (3.5 kB at 129 kB/s)
2026-04-19T23:18:42.4312290Z [INFO] Downloading from central: https://repo.maven.apache.org/maven2/org/apache/maven/surefire/surefire-shared-utils/3.5.5/surefire-shared-utils-3.5.5.pom
2026-04-19T23:18:42.4587660Z [INFO] Downloaded from central: https://repo.maven.apache.org/maven2/org/apache/maven/surefire/surefire-shared-utils/3.5.5/surefire-shared-utils-3.5.5.pom (4.0 kB at 141 kB/s)
2026-04-19T23:18:42.4618240Z [INFO] Downloading from central: https://repo.maven.apache.org/maven2/org/apache/maven/surefire/surefire-extensions-api/3.5.5/surefire-extensions-api-3.5.5.pom
2026-04-19T23:18:42.4895070Z [INFO] Downloaded from central: https://repo.maven.apache.org/maven2/org/apache/maven/surefire/surefire-extensions-api/3.5.5/surefire-extensions-api-3.5.5.pom (3.6 kB at 137 kB/s)
2026-04-19T23:18:42.4914670Z [INFO] Downloading from central: https://repo.maven.apache.org/maven2/org/apache/maven/surefire/maven-surefire-common/3.5.5/maven-surefire-common-3.5.5.pom
2026-04-19T23:18:42.5271360Z [INFO] Downloaded from central: https://repo.maven.apache.org/maven2/org/apache/maven/surefire/maven-surefire-common/3.5.5/maven-surefire-common-3.5.5.pom (7.3 kB at 208 kB/s)
2026-04-19T23:18:42.5335420Z [INFO] Downloading from central: https://repo.maven.apache.org/maven2/org/apache/maven/surefire/surefire-booter/3.5.5/surefire-booter-3.5.5.pom
2026-04-19T23:18:42.5603370Z [INFO] Downloaded from central: https://repo.maven.apache.org/maven2/org/apache/maven/surefire/surefire-booter/3.5.5/surefire-booter-3.5.5.pom (5.1 kB at 165 kB/s)
2026-04-19T23:18:42.5641620Z [INFO] Downloading from central: https://repo.maven.apache.org/maven2/org/apache/maven/surefire/surefire-extensions-spi/3.5.5/surefire-extensions-spi-3.5.5.pom
2026-04-19T23:18:42.5930690Z [INFO] Downloaded from central: https://repo.maven.apache.org/maven2/org/apache/maven/surefire/surefire-extensions-spi/3.5.5/surefire-extensions-spi-3.5.5.pom (1.7 kB at 66 kB/s)
2026-04-19T23:18:42.5936550Z [INFO] Downloading from central: https://repo.maven.apache.org/maven2/org/apache/maven/resolver/maven-resolver-util/1.4.1/maven-resolver-util-1.4.1.pom
2026-04-19T23:18:42.6208770Z [INFO] Downloaded from central: https://repo.maven.apache.org/maven2/org/apache/maven/resolver/maven-resolver-util/1.4.1/maven-resolver-util-1.4.1.pom (2.8 kB at 100 kB/s)
2026-04-19T23:18:42.6225710Z [INFO] Downloading from central: https://repo.maven.apache.org/maven2/org/apache/maven/resolver/maven-resolver/1.4.1/maven-resolver-1.4.1.pom
2026-04-19T23:18:42.6504740Z [INFO] Downloaded from central: https://repo.maven.apache.org/maven2/org/apache/maven/resolver/maven-resolver/1.4.1/maven-resolver-1.4.1.pom (18 kB at 649 kB/s)
2026-04-19T23:18:42.6519180Z [INFO] Downloading from central: https://repo.maven.apache.org/maven2/org/apache/maven/maven-parent/33/maven-parent-33.pom
2026-04-19T23:18:42.6786620Z [INFO] Downloaded from central: https://repo.maven.apache.org/maven2/org/apache/maven/maven-parent/33/maven-parent-33.pom (44 kB at 1.6 MB/s)
2026-04-19T23:18:42.6819850Z [INFO] Downloading from central: https://repo.maven.apache.org/maven2/org/apache/maven/resolver/maven-resolver-api/1.4.1/maven-resolver-api-1.4.1.pom
2026-04-19T23:18:42.7076320Z [INFO] Downloaded from central: https://repo.maven.apache.org/maven2/org/apache/maven/resolver/maven-resolver-api/1.4.1/maven-resolver-api-1.4.1.pom (2.6 kB at 101 kB/s)
2026-04-19T23:18:42.7107330Z [INFO] Downloading from central: https://repo.maven.apache.org/maven2/org/apache/maven/shared/maven-common-artifact-filters/3.4.0/maven-common-artifact-filters-3.4.0.pom
2026-04-19T23:18:42.7354370Z [INFO] Downloaded from central: https://repo.maven.apache.org/maven2/org/apache/maven/shared/maven-common-artifact-filters/3.4.0/maven-common-artifact-filters-3.4.0.pom (5.4 kB at 215 kB/s)
2026-04-19T23:18:42.7375330Z [INFO] Downloading from central: https://repo.maven.apache.org/maven2/org/apache/maven/shared/maven-shared-components/42/maven-shared-components-42.pom
2026-04-19T23:18:42.7607890Z [INFO] Downloaded from central: https://repo.maven.apache.org/maven2/org/apache/maven/shared/maven-shared-components/42/maven-shared-components-42.pom (3.8 kB at 157 kB/s)
2026-04-19T23:18:42.7667100Z [INFO] Downloading from central: https://repo.maven.apache.org/maven2/org/apache/maven/surefire/surefire-api/3.5.5/surefire-api-3.5.5.jar
2026-04-19T23:18:42.7950950Z [INFO] Downloaded from central: https://repo.maven.apache.org/maven2/org/apache/maven/surefire/surefire-api/3.5.5/surefire-api-3.5.5.jar (174 kB at 6.0 MB/s)
2026-04-19T23:18:42.7968300Z [INFO] Downloading from central: https://repo.maven.apache.org/maven2/org/apache/maven/surefire/surefire-logger-api/3.5.5/surefire-logger-api-3.5.5.jar
2026-04-19T23:18:42.7969560Z [INFO] Downloading from central: https://repo.maven.apache.org/maven2/org/apache/maven/surefire/surefire-shared-utils/3.5.5/surefire-shared-utils-3.5.5.jar
2026-04-19T23:18:42.7977910Z [INFO] Downloading from central: https://repo.maven.apache.org/maven2/org/apache/maven/surefire/surefire-extensions-api/3.5.5/surefire-extensions-api-3.5.5.jar
2026-04-19T23:18:42.8006310Z [INFO] Downloading from central: https://repo.maven.apache.org/maven2/org/apache/maven/surefire/maven-surefire-common/3.5.5/maven-surefire-common-3.5.5.jar
2026-04-19T23:18:42.8008320Z [INFO] Downloading from central: https://repo.maven.apache.org/maven2/org/apache/maven/surefire/surefire-booter/3.5.5/surefire-booter-3.5.5.jar
2026-04-19T23:18:42.8271530Z [INFO] Downloaded from central: https://repo.maven.apache.org/maven2/org/apache/maven/surefire/surefire-extensions-api/3.5.5/surefire-extensions-api-3.5.5.jar (26 kB at 887 kB/s)
2026-04-19T23:18:42.8320340Z [INFO] Downloading from central: https://repo.maven.apache.org/maven2/org/apache/maven/surefire/surefire-extensions-spi/3.5.5/surefire-extensions-spi-3.5.5.jar
2026-04-19T23:18:42.8325260Z [INFO] Downloaded from central: https://repo.maven.apache.org/maven2/org/apache/maven/surefire/maven-surefire-common/3.5.5/maven-surefire-common-3.5.5.jar (316 kB at 9.6 MB/s)
2026-04-19T23:18:42.8371080Z [INFO] Downloading from central: https://repo.maven.apache.org/maven2/org/apache/maven/resolver/maven-resolver-util/1.4.1/maven-resolver-util-1.4.1.jar
2026-04-19T23:18:42.8372110Z [INFO] Downloaded from central: https://repo.maven.apache.org/maven2/org/apache/maven/surefire/surefire-logger-api/3.5.5/surefire-logger-api-3.5.5.jar (14 kB at 387 kB/s)
2026-04-19T23:18:42.8373660Z [INFO] Downloading from central: https://repo.maven.apache.org/maven2/org/apache/maven/resolver/maven-resolver-api/1.4.1/maven-resolver-api-1.4.1.jar
2026-04-19T23:18:42.8374680Z [INFO] Downloaded from central: https://repo.maven.apache.org/maven2/org/apache/maven/surefire/surefire-booter/3.5.5/surefire-booter-3.5.5.jar (123 kB at 3.1 MB/s)
2026-04-19T23:18:42.8375710Z [INFO] Downloading from central: https://repo.maven.apache.org/maven2/org/apache/maven/shared/maven-common-artifact-filters/3.4.0/maven-common-artifact-filters-3.4.0.jar
2026-04-19T23:18:42.8603590Z [INFO] Downloaded from central: https://repo.maven.apache.org/maven2/org/apache/maven/surefire/surefire-extensions-spi/3.5.5/surefire-extensions-spi-3.5.5.jar (8.2 kB at 146 kB/s)
2026-04-19T23:18:42.8722900Z [INFO] Downloaded from central: https://repo.maven.apache.org/maven2/org/apache/maven/resolver/maven-resolver-util/1.4.1/maven-resolver-util-1.4.1.jar (168 kB at 2.8 MB/s)
2026-04-19T23:18:42.8730400Z [INFO] Downloaded from central: https://repo.maven.apache.org/maven2/org/apache/maven/resolver/maven-resolver-api/1.4.1/maven-resolver-api-1.4.1.jar (149 kB at 2.1 MB/s)
2026-04-19T23:18:42.8731510Z [INFO] Downloaded from central: https://repo.maven.apache.org/maven2/org/apache/maven/shared/maven-common-artifact-filters/3.4.0/maven-common-artifact-filters-3.4.0.jar (58 kB at 790 kB/s)
2026-04-19T23:18:42.8786930Z [INFO] Downloaded from central: https://repo.maven.apache.org/maven2/org/apache/maven/surefire/surefire-shared-utils/3.5.5/surefire-shared-utils-3.5.5.jar (3.0 MB at 36 MB/s)
2026-04-19T23:18:42.9342220Z [INFO] Using auto detected provider org.apache.maven.surefire.junitplatform.JUnitPlatformProvider
2026-04-19T23:18:42.9444330Z [INFO] Downloading from central: https://repo.maven.apache.org/maven2/org/apache/maven/surefire/surefire-junit-platform/3.5.5/surefire-junit-platform-3.5.5.pom
2026-04-19T23:18:42.9731320Z [INFO] Downloaded from central: https://repo.maven.apache.org/maven2/org/apache/maven/surefire/surefire-junit-platform/3.5.5/surefire-junit-platform-3.5.5.pom (5.2 kB at 185 kB/s)
2026-04-19T23:18:42.9744860Z [INFO] Downloading from central: https://repo.maven.apache.org/maven2/org/apache/maven/surefire/surefire-providers/3.5.5/surefire-providers-3.5.5.pom
2026-04-19T23:18:43.0013960Z [INFO] Downloaded from central: https://repo.maven.apache.org/maven2/org/apache/maven/surefire/surefire-providers/3.5.5/surefire-providers-3.5.5.pom (2.5 kB at 94 kB/s)
2026-04-19T23:18:43.0040960Z [INFO] Downloading from central: https://repo.maven.apache.org/maven2/org/apache/maven/surefire/common-java5/3.5.5/common-java5-3.5.5.pom
2026-04-19T23:18:43.0301300Z [INFO] Downloaded from central: https://repo.maven.apache.org/maven2/org/apache/maven/surefire/common-java5/3.5.5/common-java5-3.5.5.pom (3.1 kB at 118 kB/s)
2026-04-19T23:18:43.0325100Z [INFO] Downloading from central: https://repo.maven.apache.org/maven2/org/junit/platform/junit-platform-engine/1.12.2/junit-platform-engine-1.12.2.pom
2026-04-19T23:18:43.0586680Z [INFO] Downloaded from central: https://repo.maven.apache.org/maven2/org/junit/platform/junit-platform-engine/1.12.2/junit-platform-engine-1.12.2.pom (3.2 kB at 123 kB/s)
2026-04-19T23:18:43.0602350Z [INFO] Downloading from central: https://repo.maven.apache.org/maven2/org/junit/platform/junit-platform-commons/1.12.2/junit-platform-commons-1.12.2.pom
2026-04-19T23:18:43.0865420Z [INFO] Downloaded from central: https://repo.maven.apache.org/maven2/org/junit/platform/junit-platform-commons/1.12.2/junit-platform-commons-1.12.2.pom (2.8 kB at 109 kB/s)
2026-04-19T23:18:43.0880080Z [INFO] Downloading from central: https://repo.maven.apache.org/maven2/org/junit/platform/junit-platform-launcher/1.12.2/junit-platform-launcher-1.12.2.pom
2026-04-19T23:18:43.1172190Z [INFO] Downloaded from central: https://repo.maven.apache.org/maven2/org/junit/platform/junit-platform-launcher/1.12.2/junit-platform-launcher-1.12.2.pom (3.0 kB at 101 kB/s)
2026-04-19T23:18:43.1202100Z [INFO] Downloading from central: https://repo.maven.apache.org/maven2/org/apache/maven/surefire/surefire-junit-platform/3.5.5/surefire-junit-platform-3.5.5.jar
2026-04-19T23:18:43.1438800Z [INFO] Downloaded from central: https://repo.maven.apache.org/maven2/org/apache/maven/surefire/surefire-junit-platform/3.5.5/surefire-junit-platform-3.5.5.jar (35 kB at 1.5 MB/s)
2026-04-19T23:18:43.1443300Z [INFO] Downloading from central: https://repo.maven.apache.org/maven2/org/apache/maven/surefire/common-java5/3.5.5/common-java5-3.5.5.jar
2026-04-19T23:18:43.1446690Z [INFO] Downloading from central: https://repo.maven.apache.org/maven2/org/junit/platform/junit-platform-engine/1.12.2/junit-platform-engine-1.12.2.jar
2026-04-19T23:18:43.1449050Z [INFO] Downloading from central: https://repo.maven.apache.org/maven2/org/junit/platform/junit-platform-commons/1.12.2/junit-platform-commons-1.12.2.jar
2026-04-19T23:18:43.1450750Z [INFO] Downloading from central: https://repo.maven.apache.org/maven2/org/junit/platform/junit-platform-launcher/1.12.2/junit-platform-launcher-1.12.2.jar
2026-04-19T23:18:43.1698520Z [INFO] Downloaded from central: https://repo.maven.apache.org/maven2/org/apache/maven/surefire/common-java5/3.5.5/common-java5-3.5.5.jar (18 kB at 678 kB/s)
2026-04-19T23:18:43.1726290Z [INFO] Downloaded from central: https://repo.maven.apache.org/maven2/org/junit/platform/junit-platform-launcher/1.12.2/junit-platform-launcher-1.12.2.jar (208 kB at 7.4 MB/s)
2026-04-19T23:18:43.1737400Z [INFO] Downloaded from central: https://repo.maven.apache.org/maven2/org/junit/platform/junit-platform-commons/1.12.2/junit-platform-commons-1.12.2.jar (152 kB at 5.1 MB/s)
2026-04-19T23:18:43.1984640Z [INFO] Downloaded from central: https://repo.maven.apache.org/maven2/org/junit/platform/junit-platform-engine/1.12.2/junit-platform-engine-1.12.2.jar (256 kB at 4.7 MB/s)
2026-04-19T23:18:43.2015280Z [INFO] Downloading from central: https://repo.maven.apache.org/maven2/org/junit/jupiter/junit-jupiter-engine/6.0.3/junit-jupiter-engine-6.0.3.pom
2026-04-19T23:18:43.2335270Z [INFO] Downloaded from central: https://repo.maven.apache.org/maven2/org/junit/jupiter/junit-jupiter-engine/6.0.3/junit-jupiter-engine-6.0.3.pom (3.4 kB at 106 kB/s)
2026-04-19T23:18:43.2353150Z [INFO] Downloading from central: https://repo.maven.apache.org/maven2/org/junit/platform/junit-platform-engine/6.0.3/junit-platform-engine-6.0.3.pom
2026-04-19T23:18:43.2659200Z [INFO] Downloaded from central: https://repo.maven.apache.org/maven2/org/junit/platform/junit-platform-engine/6.0.3/junit-platform-engine-6.0.3.pom (3.4 kB at 109 kB/s)
2026-04-19T23:18:43.2685170Z [INFO] Downloading from central: https://repo.maven.apache.org/maven2/org/junit/jupiter/junit-jupiter-engine/6.0.3/junit-jupiter-engine-6.0.3.jar
2026-04-19T23:18:43.2983040Z [INFO] Downloaded from central: https://repo.maven.apache.org/maven2/org/junit/jupiter/junit-jupiter-engine/6.0.3/junit-jupiter-engine-6.0.3.jar (356 kB at 12 MB/s)
2026-04-19T23:18:43.2984230Z [INFO] Downloading from central: https://repo.maven.apache.org/maven2/org/junit/platform/junit-platform-engine/6.0.3/junit-platform-engine-6.0.3.jar
2026-04-19T23:18:43.3299420Z [INFO] Downloaded from central: https://repo.maven.apache.org/maven2/org/junit/platform/junit-platform-engine/6.0.3/junit-platform-engine-6.0.3.jar (280 kB at 9.0 MB/s)
2026-04-19T23:18:43.3346160Z [INFO] Downloading from central: https://repo.maven.apache.org/maven2/org/junit/platform/junit-platform-launcher/6.0.3/junit-platform-launcher-6.0.3.pom
2026-04-19T23:18:43.3655820Z [INFO] Downloaded from central: https://repo.maven.apache.org/maven2/org/junit/platform/junit-platform-launcher/6.0.3/junit-platform-launcher-6.0.3.pom (3.2 kB at 100 kB/s)
2026-04-19T23:18:43.3687070Z [INFO] Downloading from central: https://repo.maven.apache.org/maven2/org/junit/platform/junit-platform-launcher/6.0.3/junit-platform-launcher-6.0.3.jar
2026-04-19T23:18:43.4026360Z [INFO] Downloaded from central: https://repo.maven.apache.org/maven2/org/junit/platform/junit-platform-launcher/6.0.3/junit-platform-launcher-6.0.3.jar (246 kB at 6.8 MB/s)
2026-04-19T23:18:43.4069060Z [INFO] 
2026-04-19T23:18:43.4069650Z [INFO] -------------------------------------------------------
2026-04-19T23:18:43.4069870Z [INFO]  T E S T S
2026-04-19T23:18:43.4070060Z [INFO] -------------------------------------------------------
2026-04-19T23:18:44.1984170Z [INFO] Running org.openpdf.text.Pdf20ComplianceTest
2026-04-19T23:18:44.3307720Z [INFO] Tests run: 1, Failures: 0, Errors: 0, Skipped: 0, Time elapsed: 0.118 s -- in org.openpdf.text.Pdf20ComplianceTest
2026-04-19T23:18:44.3410370Z [INFO] Running org.openpdf.text.HeaderFooterTest
2026-04-19T23:18:44.3918190Z [INFO] Tests run: 17, Failures: 0, Errors: 0, Skipped: 0, Time elapsed: 0.069 s -- in org.openpdf.text.HeaderFooterTest
2026-04-19T23:18:44.3919060Z [INFO] Running org.openpdf.text.pdf.LayoutProcessorTest
2026-04-19T23:18:44.4209170Z [INFO] Tests run: 1, Failures: 0, Errors: 0, Skipped: 0, Time elapsed: 0.035 s -- in org.openpdf.text.pdf.LayoutProcessorTest
2026-04-19T23:18:44.4218950Z [INFO] Running org.openpdf.text.pdf.encryption.DecryptAES256R6Test
2026-04-19T23:18:44.6921390Z [INFO] Tests run: 24, Failures: 0, Errors: 0, Skipped: 0, Time elapsed: 0.272 s -- in org.openpdf.text.pdf.encryption.DecryptAES256R6Test
2026-04-19T23:18:44.7021830Z [INFO] Running org.openpdf.text.pdf.encryption.StandardDecryptionTest
2026-04-19T23:18:44.7123130Z [INFO] Tests run: 1, Failures: 0, Errors: 0, Skipped: 0, Time elapsed: 0.001 s -- in org.openpdf.text.pdf.encryption.StandardDecryptionTest
2026-04-19T23:18:44.7207600Z [INFO] Running org.openpdf.text.pdf.encryption.EncryptAES256R6Test
2026-04-19T23:18:44.7777740Z [INFO] Tests run: 2, Failures: 0, Errors: 0, Skipped: 0, Time elapsed: 0.068 s -- in org.openpdf.text.pdf.encryption.EncryptAES256R6Test
2026-04-19T23:18:44.7778650Z [INFO] Running org.openpdf.text.pdf.encryption.PdfEncryptionTest
2026-04-19T23:18:44.7880000Z [INFO] Tests run: 1, Failures: 0, Errors: 0, Skipped: 0, Time elapsed: 0.002 s -- in org.openpdf.text.pdf.encryption.PdfEncryptionTest
2026-04-19T23:18:44.7981190Z [INFO] Running org.openpdf.text.pdf.LayoutProcessor534Test
2026-04-19T23:18:44.9776340Z WARNING: A terminally deprecated method in sun.misc.Unsafe has been called
2026-04-19T23:18:44.9810220Z WARNING: sun.misc.Unsafe::objectFieldOffset has been called by net.bytebuddy.dynamic.loading.ClassInjector$UsingUnsafe$Dispatcher$CreationAction (file:/Users/runner/.m2/repository/net/bytebuddy/byte-buddy/1.18.3/byte-buddy-1.18.3.jar)
2026-04-19T23:18:44.9830050Z WARNING: Please consider reporting this to the maintainers of class net.bytebuddy.dynamic.loading.ClassInjector$UsingUnsafe$Dispatcher$CreationAction
2026-04-19T23:18:44.9844020Z WARNING: sun.misc.Unsafe::objectFieldOffset will be removed in a future release
2026-04-19T23:18:45.2660950Z Apr 19, 2026 11:18:45 PM org.apache.fop.fonts.apps.AbstractFontReader loadTTF
2026-04-19T23:18:45.2676920Z INFO: Reading font-fallback/LiberationSans-Regular.ttf...
2026-04-19T23:18:45.2744450Z [INFO] Tests run: 2, Failures: 0, Errors: 0, Skipped: 0, Time elapsed: 0.505 s -- in org.openpdf.text.pdf.LayoutProcessor534Test
2026-04-19T23:18:45.2880580Z [INFO] Running org.openpdf.text.pdf.BarcodeMacroPDF417Test
2026-04-19T23:18:45.2936180Z [INFO] Tests run: 1, Failures: 0, Errors: 0, Skipped: 0, Time elapsed: 0.008 s -- in org.openpdf.text.pdf.BarcodeMacroPDF417Test
2026-04-19T23:18:45.2936790Z [INFO] Running org.openpdf.text.pdf.SimpleBookmarkTest
2026-04-19T23:18:45.2938140Z [INFO] Tests run: 2, Failures: 0, Errors: 0, Skipped: 0, Time elapsed: 0.003 s -- in org.openpdf.text.pdf.SimpleBookmarkTest
2026-04-19T23:18:45.2970730Z [INFO] Running org.openpdf.text.pdf.BaseFontTest
2026-04-19T23:18:45.2971360Z [INFO] Tests run: 3, Failures: 0, Errors: 0, Skipped: 0, Time elapsed: 0.009 s -- in org.openpdf.text.pdf.BaseFontTest
2026-04-19T23:18:45.2971900Z [INFO] Running org.openpdf.text.pdf.BarcodeDatamatrixTest
2026-04-19T23:18:45.3051200Z [INFO] Tests run: 1, Failures: 0, Errors: 0, Skipped: 0, Time elapsed: 0.006 s -- in org.openpdf.text.pdf.BarcodeDatamatrixTest
2026-04-19T23:18:45.3053870Z [INFO] Running org.openpdf.text.pdf.PdfTestBaseTest
2026-04-19T23:18:45.3054420Z [INFO] Tests run: 1, Failures: 0, Errors: 0, Skipped: 0, Time elapsed: 0.002 s -- in org.openpdf.text.pdf.PdfTestBaseTest
2026-04-19T23:18:45.3054970Z [INFO] Running org.openpdf.text.pdf.core.document.PdfCrossReferenceTest
2026-04-19T23:18:45.6206380Z OpenJDK 64-Bit Server VM warning: Sharing is only supported for boot loader classes because bootstrap classpath has been appended
2026-04-19T23:18:45.6870350Z Mockito is currently self-attaching to enable the inline-mock-maker. This will no longer work in future releases of the JDK. Please add Mockito as an agent to your build as described in Mockito's documentation: https://javadoc.io/doc/org.mockito/mockito-core/latest/org.mockito/org/mockito/Mockito.html#0.3
2026-04-19T23:18:45.6872940Z WARNING: A Java agent has been loaded dynamically (/Users/runner/.m2/repository/net/bytebuddy/byte-buddy-agent/1.17.5/byte-buddy-agent-1.17.5.jar)
2026-04-19T23:18:45.6873810Z WARNING: If a serviceability tool is in use, please run with -XX:+EnableDynamicAgentLoading to hide this warning
2026-04-19T23:18:45.6874510Z WARNING: If a serviceability tool is not in use, please run with -Djdk.instrument.traceUsage for more information
2026-04-19T23:18:45.6875100Z WARNING: Dynamic loading of agents will be disallowed by default in a future release
2026-04-19T23:18:45.7942360Z [INFO] Tests run: 16, Failures: 0, Errors: 0, Skipped: 0, Time elapsed: 0.487 s -- in org.openpdf.text.pdf.core.document.PdfCrossReferenceTest
2026-04-19T23:18:45.7945150Z [INFO] Running org.openpdf.text.pdf.TrueTypeFontTest
2026-04-19T23:18:45.8005280Z [INFO] Tests run: 3, Failures: 0, Errors: 0, Skipped: 0, Time elapsed: 0.004 s -- in org.openpdf.text.pdf.TrueTypeFontTest
2026-04-19T23:18:45.8114520Z [INFO] Running org.openpdf.text.pdf.PdfStamperImpTest
2026-04-19T23:18:45.8154320Z [INFO] Tests run: 2, Failures: 0, Errors: 0, Skipped: 0, Time elapsed: 0.011 s -- in org.openpdf.text.pdf.PdfStamperImpTest
2026-04-19T23:18:45.8155000Z [INFO] Running org.openpdf.text.pdf.ColumnTextTableTest
2026-04-19T23:18:45.8266590Z [INFO] Tests run: 2, Failures: 0, Errors: 0, Skipped: 0, Time elapsed: 0.008 s -- in org.openpdf.text.pdf.ColumnTextTableTest
2026-04-19T23:18:45.8273690Z [INFO] Running org.openpdf.text.pdf.LargePdfTest
2026-04-19T23:18:45.8276670Z [WARNING] Tests run: 1, Failures: 0, Errors: 0, Skipped: 1, Time elapsed: 0.002 s -- in org.openpdf.text.pdf.LargePdfTest
2026-04-19T23:18:45.8277240Z [INFO] Running org.openpdf.text.pdf.PdfSignatureAppearanceTest
2026-04-19T23:18:45.9081020Z [INFO] Tests run: 2, Failures: 0, Errors: 0, Skipped: 0, Time elapsed: 0.079 s -- in org.openpdf.text.pdf.PdfSignatureAppearanceTest
2026-04-19T23:18:45.9098830Z [INFO] Running org.openpdf.text.pdf.TextExtractTest
2026-04-19T23:18:46.0191280Z [INFO] Tests run: 3, Failures: 0, Errors: 0, Skipped: 0, Time elapsed: 0.114 s -- in org.openpdf.text.pdf.TextExtractTest
2026-04-19T23:18:46.0193460Z [INFO] Running org.openpdf.text.pdf.PdfDocument620Test
2026-04-19T23:18:46.0310400Z [INFO] Tests run: 2, Failures: 0, Errors: 0, Skipped: 0, Time elapsed: 0.009 s -- in org.openpdf.text.pdf.PdfDocument620Test
2026-04-19T23:18:46.0353000Z [INFO] Running org.openpdf.text.pdf.TabTest
2026-04-19T23:18:46.0359290Z [INFO] Tests run: 1, Failures: 0, Errors: 0, Skipped: 0, Time elapsed: 0.001 s -- in org.openpdf.text.pdf.TabTest
2026-04-19T23:18:46.0359800Z [INFO] Running org.openpdf.text.pdf.TrueTypeFontUnicodeTest
2026-04-19T23:18:46.0362200Z [INFO] Tests run: 1, Failures: 0, Errors: 0, Skipped: 0, Time elapsed: 0.004 s -- in org.openpdf.text.pdf.TrueTypeFontUnicodeTest
2026-04-19T23:18:46.0366550Z [INFO] Running org.openpdf.text.pdf.AcroFieldsTest
2026-04-19T23:18:46.2855720Z [INFO] Tests run: 2, Failures: 0, Errors: 0, Skipped: 0, Time elapsed: 0.250 s -- in org.openpdf.text.pdf.AcroFieldsTest
2026-04-19T23:18:46.2966520Z [INFO] Running org.openpdf.text.pdf.FontSelectorTest
2026-04-19T23:18:46.3068880Z [INFO] Tests run: 1, Failures: 0, Errors: 0, Skipped: 0, Time elapsed: 0.005 s -- in org.openpdf.text.pdf.FontSelectorTest
2026-04-19T23:18:46.3114840Z [INFO] Running org.openpdf.text.pdf.SimplePdfTest
2026-04-19T23:18:46.3218080Z [INFO] Tests run: 4, Failures: 0, Errors: 0, Skipped: 0, Time elapsed: 0.010 s -- in org.openpdf.text.pdf.SimplePdfTest
2026-04-19T23:18:46.3325670Z Apr 19, 2026 11:18:46 PM org.apache.fop.fonts.apps.AbstractFontReader loadTTF
2026-04-19T23:18:46.3326070Z [INFO] Running org.openpdf.text.pdf.FontDetailsTest
2026-04-19T23:18:46.3435840Z INFO: Reading src/test/resources/fonts/font-awesome/fa-v4compatibility.ttf...
2026-04-19T23:18:46.3436420Z [INFO] Tests run: 5, Failures: 0, Errors: 0, Skipped: 0, Time elapsed: 0.022 s -- in org.openpdf.text.pdf.FontDetailsTest
2026-04-19T23:18:46.3546300Z Apr 19, 2026 11:18:46 PM org.apache.fop.fonts.apps.AbstractFontReader loadTTF
2026-04-19T23:18:46.3546720Z [INFO] Running org.openpdf.text.pdf.FopGlyphProcessorTest
2026-04-19T23:18:46.3658070Z INFO: Font Family: [Font Awesome v4 Compatibility Regular, Font Awesome v4 Compatibility]
2026-04-19T23:18:46.3658680Z [INFO] Tests run: 1, Failures: 0, Errors: 0, Skipped: 0, Time elapsed: 0.013 s -- in org.openpdf.text.pdf.FopGlyphProcessorTest
2026-04-19T23:18:46.3785070Z Apr 19, 2026 11:18:46 PM org.openpdf.text.pdf.FopGlyphProcessorTest textCreateDocument
2026-04-19T23:18:46.3785550Z [INFO] Running org.openpdf.text.pdf.CrossReferenceTableEncodingTest
2026-04-19T23:18:46.3886810Z INFO: Save to: /var/folders/tb/y368xp_x10s3ty1b_mtl5mxr0000gn/T/ThaiFopTest6945456423480459976.pdf
2026-04-19T23:18:46.3887460Z [WARNING] Tests run: 1, Failures: 0, Errors: 0, Skipped: 1, Time elapsed: 0 s -- in org.openpdf.text.pdf.CrossReferenceTableEncodingTest
2026-04-19T23:18:46.3988660Z Apr 19, 2026 11:18:46 PM org.apache.fop.fonts.apps.AbstractFontReader loadTTF
2026-04-19T23:18:46.3989060Z [INFO] Running org.openpdf.text.pdf.PRAcroFormTest
2026-04-19T23:18:46.4090280Z INFO: Reading file:/Users/runner/work/OpenPDF/OpenPDF/openpdf-core/target/test-classes/fonts/Sarabun/Sarabun-Regular.ttf...
2026-04-19T23:18:46.4090970Z [INFO] Tests run: 1, Failures: 0, Errors: 0, Skipped: 0, Time elapsed: 0.008 s -- in org.openpdf.text.pdf.PRAcroFormTest
2026-04-19T23:18:46.4152400Z [INFO] Running org.openpdf.text.pdf.Barcode128Test
2026-04-19T23:18:46.4253450Z [INFO] Tests run: 2, Failures: 0, Errors: 0, Skipped: 0, Time elapsed: 0.003 s -- in org.openpdf.text.pdf.Barcode128Test
2026-04-19T23:18:46.4354770Z [INFO] Running org.openpdf.text.pdf.parser.PdfTextExtractorTest
2026-04-19T23:18:46.4355440Z [INFO] Tests run: 13, Failures: 0, Errors: 0, Skipped: 0, Time elapsed: 0.040 s -- in org.openpdf.text.pdf.parser.PdfTextExtractorTest
2026-04-19T23:18:46.4457000Z [INFO] Running org.openpdf.text.pdf.PdfStructureTreeRootTest
2026-04-19T23:18:46.5497700Z [INFO] Tests run: 8, Failures: 0, Errors: 0, Skipped: 0, Time elapsed: 0.154 s -- in org.openpdf.text.pdf.PdfStructureTreeRootTest
2026-04-19T23:18:46.5614470Z [INFO] Running org.openpdf.text.pdf.PdfSignatureRangeTest
2026-04-19T23:18:46.6203940Z [INFO] Tests run: 2, Failures: 0, Errors: 0, Skipped: 0, Time elapsed: 0.067 s -- in org.openpdf.text.pdf.PdfSignatureRangeTest
2026-04-19T23:18:46.6231550Z [INFO] Running org.openpdf.text.pdf.TablePdfTest
2026-04-19T23:18:46.6232200Z [INFO] Tests run: 3, Failures: 0, Errors: 0, Skipped: 0, Time elapsed: 0.008 s -- in org.openpdf.text.pdf.TablePdfTest
2026-04-19T23:18:46.6232680Z [INFO] Running org.openpdf.text.pdf.PdfCopyTest
2026-04-19T23:18:46.6322400Z [INFO] Tests run: 1, Failures: 0, Errors: 0, Skipped: 0, Time elapsed: 0.010 s -- in org.openpdf.text.pdf.PdfCopyTest
2026-04-19T23:18:46.6323110Z [INFO] Running org.openpdf.text.pdf.PdfWriterTest
2026-04-19T23:18:46.6351150Z [INFO] Tests run: 2, Failures: 0, Errors: 0, Skipped: 0, Time elapsed: 0.003 s -- in org.openpdf.text.pdf.PdfWriterTest
2026-04-19T23:18:46.6351790Z [INFO] Running org.openpdf.text.pdf.PdfProtectedDocumentTest
2026-04-19T23:18:46.7917230Z [INFO] Tests run: 2, Failures: 0, Errors: 0, Skipped: 0, Time elapsed: 0.150 s -- in org.openpdf.text.pdf.PdfProtectedDocumentTest
2026-04-19T23:18:46.8018740Z [INFO] Running org.openpdf.text.pdf.table.TableEndlessTest
2026-04-19T23:18:46.8065940Z [INFO] Tests run: 2, Failures: 0, Errors: 0, Skipped: 0, Time elapsed: 0.009 s -- in org.openpdf.text.pdf.table.TableEndlessTest
2026-04-19T23:18:46.8075150Z [INFO] Running org.openpdf.text.pdf.table.TableElementsAlignmentTest
2026-04-19T23:18:46.8076990Z [INFO] Tests run: 8, Failures: 0, Errors: 0, Skipped: 0, Time elapsed: 0.003 s -- in org.openpdf.text.pdf.table.TableElementsAlignmentTest
2026-04-19T23:18:46.8085600Z [INFO] Running org.openpdf.text.pdf.PdfPrinterGraphics2DTest
2026-04-19T23:18:48.3237220Z [INFO] Tests run: 1, Failures: 0, Errors: 0, Skipped: 0, Time elapsed: 1.518 s -- in org.openpdf.text.pdf.PdfPrinterGraphics2DTest
2026-04-19T23:18:48.3336020Z [INFO] Running org.openpdf.text.pdf.Issue1430Test
2026-04-19T23:18:48.3439970Z Comparison PDF created: /Users/runner/work/OpenPDF/OpenPDF/openpdf-core/target/issue-1430-comparison.pdf
2026-04-19T23:18:48.3447900Z Issue #1430 solution PDF created: /Users/runner/work/OpenPDF/OpenPDF/openpdf-core/target/issue-1430-solution.pdf
2026-04-19T23:18:48.3448710Z [INFO] Tests run: 2, Failures: 0, Errors: 0, Skipped: 0, Time elapsed: 0.005 s -- in org.openpdf.text.pdf.Issue1430Test
2026-04-19T23:18:48.3449250Z [INFO] Running org.openpdf.text.pdf.PdfDocument536Test
2026-04-19T23:18:48.3449850Z [INFO] Tests run: 1, Failures: 0, Errors: 0, Skipped: 0, Time elapsed: 0.016 s -- in org.openpdf.text.pdf.PdfDocument536Test
2026-04-19T23:18:48.3450450Z [INFO] Running org.openpdf.text.pdf.NonBreakingSpaceJustificationTest
2026-04-19T23:18:48.3451100Z [INFO] Tests run: 3, Failures: 0, Errors: 0, Skipped: 0, Time elapsed: 0.005 s -- in org.openpdf.text.pdf.NonBreakingSpaceJustificationTest
2026-04-19T23:18:48.3451820Z [INFO] Running org.openpdf.text.pdf.PdfSmartCopyTest
2026-04-19T23:18:53.6773500Z [INFO] Tests run: 3, Failures: 0, Errors: 0, Skipped: 0, Time elapsed: 5.331 s -- in org.openpdf.text.pdf.PdfSmartCopyTest
2026-04-19T23:18:53.6825850Z [INFO] Running org.openpdf.text.pdf.SmallPdfReadTest
2026-04-19T23:18:53.9849450Z [INFO] Tests run: 1, Failures: 0, Errors: 0, Skipped: 0, Time elapsed: 0.307 s -- in org.openpdf.text.pdf.SmallPdfReadTest
2026-04-19T23:18:53.9864330Z [INFO] Running org.openpdf.text.pdf.PdfBatchUtilsTest
2026-04-19T23:18:53.9968330Z [INFO] Tests run: 2, Failures: 0, Errors: 0, Skipped: 0, Time elapsed: 0.012 s -- in org.openpdf.text.pdf.PdfBatchUtilsTest
2026-04-19T23:18:54.0067960Z [INFO] Running org.openpdf.text.pdf.FontSubsetTest
2026-04-19T23:18:54.0110730Z Apr 19, 2026 11:18:53 PM org.apache.fop.fonts.apps.AbstractFontReader loadTTF
2026-04-19T23:18:54.0117070Z INFO: Reading LiberationSerif-Regular.ttf...
2026-04-19T23:18:54.0159700Z [INFO] Tests run: 2, Failures: 0, Errors: 0, Skipped: 0, Time elapsed: 0.018 s -- in org.openpdf.text.pdf.FontSubsetTest
2026-04-19T23:18:54.0204140Z [INFO] Running org.openpdf.text.pdf.TableRowSpanEvenSplitTest
2026-04-19T23:18:54.2277650Z COLS
2026-04-19T23:18:54.2278410Z 11.0, 1
2026-04-19T23:18:54.2309400Z 11.0, 2
2026-04-19T23:18:54.2309750Z 11.0, 3
2026-04-19T23:18:54.2309940Z 11.0, 4
2026-04-19T23:18:54.2310140Z 11.0, 5
2026-04-19T23:18:54.2310680Z [INFO] Tests run: 7, Failures: 0, Errors: 0, Skipped: 0, Time elapsed: 0.216 s -- in org.openpdf.text.pdf.TableRowSpanEvenSplitTest
2026-04-19T23:18:54.2311240Z [INFO] Running org.openpdf.text.pdf.PdfPTableTest
2026-04-19T23:18:54.2363170Z [INFO] Tests run: 2, Failures: 0, Errors: 0, Skipped: 0, Time elapsed: 0.004 s -- in org.openpdf.text.pdf.PdfPTableTest
2026-04-19T23:18:54.2363680Z [INFO] Running org.openpdf.text.pdf.PdfNameTreeTest
2026-04-19T23:18:54.2364120Z [INFO] Tests run: 1, Failures: 0, Errors: 0, Skipped: 0, Time elapsed: 0 s -- in org.openpdf.text.pdf.PdfNameTreeTest
2026-04-19T23:18:54.2364540Z [INFO] Running org.openpdf.text.pdf.fonts.FontTest
2026-04-19T23:18:55.4223800Z [ERROR] Tests run: 22, Failures: 0, Errors: 3, Skipped: 0, Time elapsed: 1.180 s <<< FAILURE! -- in org.openpdf.text.pdf.fonts.FontTest
2026-04-19T23:18:55.4363470Z Apr 19, 2026 11:18:55 PM org.apache.fop.fonts.apps.AbstractFontReader loadTTF
2026-04-19T23:18:55.4364050Z [ERROR] org.openpdf.text.pdf.fonts.FontTest.testFontStyleOfStyledFont(int)[2] -- Time elapsed: 0.003 s <<< ERROR!
2026-04-19T23:18:55.4398480Z INFO: Reading fonts/Viaoda_Libre/ViaodaLibre-Regular.ttf...
2026-04-19T23:18:55.4467840Z org.openpdf.text.DocumentException: Table 'OS/2' does not exist in /System/Library/Fonts/Courier.ttc
2026-04-19T23:18:55.4468820Z Apr 19, 2026 11:18:55 PM org.apache.fop.fonts.apps.AbstractFontReader loadTTF
2026-04-19T23:18:55.4570180Z 	at org.openpdf.text.pdf.TrueTypeFont.fillTables(TrueTypeFont.java:396)
2026-04-19T23:18:55.4570760Z INFO: Reading Viaoda Libre...
2026-04-19T23:18:55.4607780Z 	at org.openpdf.text.pdf.TrueTypeFont.process(TrueTypeFont.java:651)
2026-04-19T23:18:55.4608450Z 	at org.openpdf.text.pdf.TrueTypeFont.<init>(TrueTypeFont.java:290)
2026-04-19T23:18:55.4608920Z 	at org.openpdf.text.pdf.BaseFont.createFont(BaseFont.java:744)
2026-04-19T23:18:55.4609420Z 	at org.openpdf.text.pdf.BaseFont.createFont(BaseFont.java:650)
2026-04-19T23:18:55.4609860Z 	at org.openpdf.text.pdf.BaseFont.createFont(BaseFont.java:593)
2026-04-19T23:18:55.4610310Z 	at org.openpdf.text.FontFactoryImp.getFont(FontFactoryImp.java:229)
2026-04-19T23:18:55.4610770Z 	at org.openpdf.text.FontFactoryImp.getFont(FontFactoryImp.java:167)
2026-04-19T23:18:55.4611230Z 	at org.openpdf.text.FontFactory.getFont(FontFactory.java:172)
2026-04-19T23:18:55.4611750Z 	at org.openpdf.text.FontFactory.getFont(FontFactory.java:341)
2026-04-19T23:18:55.4612250Z 	at org.openpdf.text.pdf.fonts.FontTest.testFontStyleOfStyledFont(FontTest.java:87)
2026-04-19T23:18:55.4612910Z 	at java.base/jdk.internal.reflect.DirectMethodHandleAccessor.invoke(DirectMethodHandleAccessor.java:104)
2026-04-19T23:18:55.4613480Z 	at java.base/java.lang.reflect.Method.invoke(Method.java:565)
2026-04-19T23:18:55.4614000Z 	at org.junit.platform.commons.util.ReflectionUtils.invokeMethod(ReflectionUtils.java:701)
2026-04-19T23:18:55.4614650Z 	at org.junit.platform.commons.support.ReflectionSupport.invokeMethod(ReflectionSupport.java:502)
2026-04-19T23:18:55.4615360Z 	at org.junit.jupiter.engine.support.MethodReflectionUtils.invoke(MethodReflectionUtils.java:45)
2026-04-19T23:18:55.4615990Z 	at org.junit.jupiter.engine.execution.MethodInvocation.proceed(MethodInvocation.java:61)
2026-04-19T23:18:55.4616780Z 	at org.junit.jupiter.engine.execution.InvocationInterceptorChain$ValidatingInvocation.proceed(InvocationInterceptorChain.java:124)
2026-04-19T23:18:55.4617580Z 	at org.junit.jupiter.engine.extension.TimeoutExtension.intercept(TimeoutExtension.java:163)
2026-04-19T23:18:55.4622140Z 	at org.junit.jupiter.engine.extension.TimeoutExtension.interceptTestableMethod(TimeoutExtension.java:148)
2026-04-19T23:18:55.4622970Z 	at org.junit.jupiter.engine.extension.TimeoutExtension.interceptTestTemplateMethod(TimeoutExtension.java:94)
2026-04-19T23:18:55.4624010Z 	at org.junit.jupiter.engine.execution.InterceptingExecutableInvoker$ReflectiveInterceptorCall.lambda$ofVoidMethod$0(InterceptingExecutableInvoker.java:123)
2026-04-19T23:18:55.4625950Z 	at org.junit.jupiter.engine.execution.InterceptingExecutableInvoker.lambda$invoke$0(InterceptingExecutableInvoker.java:105)
2026-04-19T23:18:55.4626850Z 	at org.junit.jupiter.engine.execution.InvocationInterceptorChain$InterceptedInvocation.proceed(InvocationInterceptorChain.java:99)
2026-04-19T23:18:55.4628110Z 	at org.junit.jupiter.engine.execution.InvocationInterceptorChain.proceed(InvocationInterceptorChain.java:66)
2026-04-19T23:18:55.4628950Z 	at org.junit.jupiter.engine.execution.InvocationInterceptorChain.chainAndInvoke(InvocationInterceptorChain.java:47)
2026-04-19T23:18:55.4629650Z 	at org.junit.jupiter.engine.execution.InvocationInterceptorChain.invoke(InvocationInterceptorChain.java:39)
2026-04-19T23:18:55.4630400Z 	at org.junit.jupiter.engine.execution.InterceptingExecutableInvoker.invoke(InterceptingExecutableInvoker.java:104)
2026-04-19T23:18:55.4631130Z 	at org.junit.jupiter.engine.execution.InterceptingExecutableInvoker.invoke(InterceptingExecutableInvoker.java:98)
2026-04-19T23:18:55.4631850Z 	at org.junit.jupiter.engine.execution.InterceptingExecutableInvoker.invokeVoid(InterceptingExecutableInvoker.java:71)
2026-04-19T23:18:55.4632590Z 	at org.junit.jupiter.engine.descriptor.TestMethodTestDescriptor.lambda$invokeTestMethod$0(TestMethodTestDescriptor.java:219)
2026-04-19T23:18:55.4633280Z 	at org.junit.platform.engine.support.hierarchical.ThrowableCollector.execute(ThrowableCollector.java:74)
2026-04-19T23:18:55.4633970Z 	at org.junit.jupiter.engine.descriptor.TestMethodTestDescriptor.invokeTestMethod(TestMethodTestDescriptor.java:215)
2026-04-19T23:18:55.4634650Z 	at org.junit.jupiter.engine.descriptor.TestMethodTestDescriptor.execute(TestMethodTestDescriptor.java:157)
2026-04-19T23:18:55.4635280Z 	at org.junit.jupiter.engine.descriptor.TestMethodTestDescriptor.execute(TestMethodTestDescriptor.java:70)
2026-04-19T23:18:55.4635990Z 	at org.junit.platform.engine.support.hierarchical.NodeTestTask.lambda$executeRecursively$2(NodeTestTask.java:176)
2026-04-19T23:18:55.4636640Z 	at org.junit.platform.engine.support.hierarchical.ThrowableCollector.execute(ThrowableCollector.java:74)
2026-04-19T23:18:55.4637320Z 	at org.junit.platform.engine.support.hierarchical.NodeTestTask.lambda$executeRecursively$1(NodeTestTask.java:166)
2026-04-19T23:18:55.4637870Z 	at org.junit.platform.engine.support.hierarchical.Node.around(Node.java:138)
2026-04-19T23:18:55.4638410Z 	at org.junit.platform.engine.support.hierarchical.NodeTestTask.lambda$executeRecursively$0(NodeTestTask.java:164)
2026-04-19T23:18:55.4639070Z 	at org.junit.platform.engine.support.hierarchical.ThrowableCollector.execute(ThrowableCollector.java:74)
2026-04-19T23:18:55.4639710Z 	at org.junit.platform.engine.support.hierarchical.NodeTestTask.executeRecursively(NodeTestTask.java:163)
2026-04-19T23:18:55.4640300Z 	at org.junit.platform.engine.support.hierarchical.NodeTestTask.execute(NodeTestTask.java:116)
2026-04-19T23:18:55.4641050Z 	at org.junit.platform.engine.support.hierarchical.SameThreadHierarchicalTestExecutorService.submit(SameThreadHierarchicalTestExecutorService.java:36)
2026-04-19T23:18:55.4641900Z 	at org.junit.platform.engine.support.hierarchical.NodeTestTask$DefaultDynamicTestExecutor.execute(NodeTestTask.java:268)
2026-04-19T23:18:55.4642600Z 	at org.junit.platform.engine.support.hierarchical.NodeTestTask$DefaultDynamicTestExecutor.execute(NodeTestTask.java:246)
2026-04-19T23:18:55.4643200Z 	at org.junit.jupiter.engine.descriptor.TemplateExecutor.execute(TemplateExecutor.java:96)
2026-04-19T23:18:55.4644070Z 	at org.junit.jupiter.engine.descriptor.TemplateExecutor.lambda$executeForProvider$1(TemplateExecutor.java:59)
2026-04-19T23:18:55.4644900Z 	at java.base/java.util.Optional.ifPresent(Optional.java:182)
2026-04-19T23:18:55.4645440Z 	at org.junit.jupiter.engine.descriptor.TemplateExecutor.lambda$executeForProvider$0(TemplateExecutor.java:59)
2026-04-19T23:18:55.4646080Z 	at java.base/java.util.stream.ForEachOps$ForEachOp$OfRef.accept(ForEachOps.java:186)
2026-04-19T23:18:55.4646560Z 	at java.base/java.util.stream.ReferencePipeline$3$1.accept(ReferencePipeline.java:214)
2026-04-19T23:18:55.4647080Z 	at java.base/java.util.stream.ForEachOps$ForEachOp$OfRef.accept(ForEachOps.java:186)
2026-04-19T23:18:55.4647670Z 	at java.base/java.util.stream.ForEachOps$ForEachOp$OfRef.accept(ForEachOps.java:186)
2026-04-19T23:18:55.4648120Z 	at java.base/java.util.stream.ReferencePipeline$3$1.accept(ReferencePipeline.java:214)
2026-04-19T23:18:55.4648730Z 	at java.base/java.util.HashMap$KeySpliterator.forEachRemaining(HashMap.java:1716)
2026-04-19T23:18:55.4649270Z 	at java.base/java.util.stream.ReferencePipeline$Head.forEach(ReferencePipeline.java:803)
2026-04-19T23:18:55.4649820Z 	at java.base/java.util.stream.ReferencePipeline$7$1FlatMap.accept(ReferencePipeline.java:293)
2026-04-19T23:18:55.4650390Z 	at java.base/java.util.stream.ReferencePipeline$3$1.accept(ReferencePipeline.java:214)
2026-04-19T23:18:55.4650880Z 	at java.base/java.util.stream.ReferencePipeline$3$1.accept(ReferencePipeline.java:214)
2026-04-19T23:18:55.4651540Z 	at java.base/java.util.stream.ReferencePipeline$3$1.accept(ReferencePipeline.java:214)
2026-04-19T23:18:55.4652020Z 	at java.base/java.util.Spliterators$ArraySpliterator.forEachRemaining(Spliterators.java:1024)
2026-04-19T23:18:55.4652500Z 	at java.base/java.util.stream.AbstractPipeline.copyInto(AbstractPipeline.java:570)
2026-04-19T23:18:55.4652980Z 	at java.base/java.util.stream.AbstractPipeline.wrapAndCopyInto(AbstractPipeline.java:560)
2026-04-19T23:18:55.4653470Z 	at java.base/java.util.stream.ForEachOps$ForEachOp.evaluateSequential(ForEachOps.java:153)
2026-04-19T23:18:55.4653970Z 	at java.base/java.util.stream.ForEachOps$ForEachOp$OfRef.evaluateSequential(ForEachOps.java:176)
2026-04-19T23:18:55.4654450Z 	at java.base/java.util.stream.AbstractPipeline.evaluate(AbstractPipeline.java:265)
2026-04-19T23:18:55.4654900Z 	at java.base/java.util.stream.ReferencePipeline.forEach(ReferencePipeline.java:632)
2026-04-19T23:18:55.4655370Z 	at java.base/java.util.stream.ReferencePipeline$7$1FlatMap.accept(ReferencePipeline.java:293)
2026-04-19T23:18:55.4655860Z 	at java.base/java.util.ArrayList$ArrayListSpliterator.forEachRemaining(ArrayList.java:1724)
2026-04-19T23:18:55.4656360Z 	at java.base/java.util.stream.AbstractPipeline.copyInto(AbstractPipeline.java:570)
2026-04-19T23:18:55.4656840Z 	at java.base/java.util.stream.AbstractPipeline.wrapAndCopyInto(AbstractPipeline.java:560)
2026-04-19T23:18:55.4657440Z 	at java.base/java.util.stream.ForEachOps$ForEachOp.evaluateSequential(ForEachOps.java:153)
2026-04-19T23:18:55.4657940Z 	at java.base/java.util.stream.ForEachOps$ForEachOp$OfRef.evaluateSequential(ForEachOps.java:176)
2026-04-19T23:18:55.4658470Z 	at java.base/java.util.stream.AbstractPipeline.evaluate(AbstractPipeline.java:265)
2026-04-19T23:18:55.4658930Z 	at java.base/java.util.stream.ReferencePipeline.forEach(ReferencePipeline.java:632)
2026-04-19T23:18:55.4659440Z 	at java.base/java.util.stream.ReferencePipeline$7$1FlatMap.accept(ReferencePipeline.java:293)
2026-04-19T23:18:55.4659920Z 	at java.base/java.util.stream.ReferencePipeline$3$1.accept(ReferencePipeline.java:214)
2026-04-19T23:18:55.4660460Z 	at java.base/java.util.stream.ReferencePipeline$3$1.accept(ReferencePipeline.java:214)
2026-04-19T23:18:55.4660910Z 	at java.base/java.util.stream.ReferencePipeline$3$1.accept(ReferencePipeline.java:214)
2026-04-19T23:18:55.4661320Z 	at java.base/java.util.Collections$2.tryAdvance(Collections.java:5189)
2026-04-19T23:18:55.4661890Z 	at java.base/java.util.Collections$2.forEachRemaining(Collections.java:5197)
2026-04-19T23:18:55.4662560Z 	at java.base/java.util.stream.AbstractPipeline.copyInto(AbstractPipeline.java:570)
2026-04-19T23:18:55.4663320Z 	at java.base/java.util.stream.AbstractPipeline.wrapAndCopyInto(AbstractPipeline.java:560)
2026-04-19T23:18:55.4663910Z 	at java.base/java.util.stream.ForEachOps$ForEachOp.evaluateSequential(ForEachOps.java:153)
2026-04-19T23:18:55.4664420Z 	at java.base/java.util.stream.ForEachOps$ForEachOp$OfRef.evaluateSequential(ForEachOps.java:176)
2026-04-19T23:18:55.4665000Z 	at java.base/java.util.stream.AbstractPipeline.evaluate(AbstractPipeline.java:265)
2026-04-19T23:18:55.4665530Z 	at java.base/java.util.stream.ReferencePipeline.forEach(ReferencePipeline.java:632)
2026-04-19T23:18:55.4666190Z 	at org.junit.jupiter.engine.descriptor.TemplateExecutor.executeForProvider(TemplateExecutor.java:57)
2026-04-19T23:18:55.4666910Z 	at org.junit.jupiter.engine.descriptor.TemplateExecutor.execute(TemplateExecutor.java:46)
2026-04-19T23:18:55.4667640Z 	at org.junit.jupiter.engine.descriptor.TestTemplateTestDescriptor.execute(TestTemplateTestDescriptor.java:112)
2026-04-19T23:18:55.4668390Z 	at org.junit.jupiter.engine.descriptor.TestTemplateTestDescriptor.execute(TestTemplateTestDescriptor.java:40)
2026-04-19T23:18:55.4669060Z 	at org.junit.platform.engine.support.hierarchical.NodeTestTask.lambda$executeRecursively$2(NodeTestTask.java:176)
2026-04-19T23:18:55.4669700Z 	at org.junit.platform.engine.support.hierarchical.ThrowableCollector.execute(ThrowableCollector.java:74)
2026-04-19T23:18:55.4670350Z 	at org.junit.platform.engine.support.hierarchical.NodeTestTask.lambda$executeRecursively$1(NodeTestTask.java:166)
2026-04-19T23:18:55.4670920Z 	at org.junit.platform.engine.support.hierarchical.Node.around(Node.java:138)
2026-04-19T23:18:55.4671490Z 	at org.junit.platform.engine.support.hierarchical.NodeTestTask.lambda$executeRecursively$0(NodeTestTask.java:164)
2026-04-19T23:18:55.4672190Z 	at org.junit.platform.engine.support.hierarchical.ThrowableCollector.execute(ThrowableCollector.java:74)
2026-04-19T23:18:55.4672840Z 	at org.junit.platform.engine.support.hierarchical.NodeTestTask.executeRecursively(NodeTestTask.java:163)
2026-04-19T23:18:55.4673430Z 	at org.junit.platform.engine.support.hierarchical.NodeTestTask.execute(NodeTestTask.java:116)
2026-04-19T23:18:55.4673870Z 	at java.base/java.util.ArrayList.forEach(ArrayList.java:1612)
2026-04-19T23:18:55.4674530Z 	at org.junit.platform.engine.support.hierarchical.SameThreadHierarchicalTestExecutorService.invokeAll(SameThreadHierarchicalTestExecutorService.java:42)
2026-04-19T23:18:55.4675360Z 	at org.junit.platform.engine.support.hierarchical.NodeTestTask.lambda$executeRecursively$2(NodeTestTask.java:180)
2026-04-19T23:18:55.4676000Z 	at org.junit.platform.engine.support.hierarchical.ThrowableCollector.execute(ThrowableCollector.java:74)
2026-04-19T23:18:55.4676640Z 	at org.junit.platform.engine.support.hierarchical.NodeTestTask.lambda$executeRecursively$1(NodeTestTask.java:166)
2026-04-19T23:18:55.4677180Z 	at org.junit.platform.engine.support.hierarchical.Node.around(Node.java:138)
2026-04-19T23:18:55.4677970Z 	at org.junit.platform.engine.support.hierarchical.NodeTestTask.lambda$executeRecursively$0(NodeTestTask.java:164)
2026-04-19T23:18:55.4678690Z 	at org.junit.platform.engine.support.hierarchical.ThrowableCollector.execute(ThrowableCollector.java:74)
2026-04-19T23:18:55.4679320Z 	at org.junit.platform.engine.support.hierarchical.NodeTestTask.executeRecursively(NodeTestTask.java:163)
2026-04-19T23:18:55.4680010Z 	at org.junit.platform.engine.support.hierarchical.NodeTestTask.execute(NodeTestTask.java:116)
2026-04-19T23:18:55.4680490Z 	at java.base/java.util.ArrayList.forEach(ArrayList.java:1612)
2026-04-19T23:18:55.4681210Z 	at org.junit.platform.engine.support.hierarchical.SameThreadHierarchicalTestExecutorService.invokeAll(SameThreadHierarchicalTestExecutorService.java:42)
2026-04-19T23:18:55.4682050Z 	at org.junit.platform.engine.support.hierarchical.NodeTestTask.lambda$executeRecursively$2(NodeTestTask.java:180)
2026-04-19T23:18:55.4682710Z 	at org.junit.platform.engine.support.hierarchical.ThrowableCollector.execute(ThrowableCollector.java:74)
2026-04-19T23:18:55.4683650Z 	at org.junit.platform.engine.support.hierarchical.NodeTestTask.lambda$executeRecursively$1(NodeTestTask.java:166)
2026-04-19T23:18:55.4684230Z 	at org.junit.platform.engine.support.hierarchical.Node.around(Node.java:138)
2026-04-19T23:18:55.4685350Z 	at org.junit.platform.engine.support.hierarchical.NodeTestTask.lambda$executeRecursively$0(NodeTestTask.java:164)
2026-04-19T23:18:55.4686030Z 	at org.junit.platform.engine.support.hierarchical.ThrowableCollector.execute(ThrowableCollector.java:74)
2026-04-19T23:18:55.4686650Z 	at org.junit.platform.engine.support.hierarchical.NodeTestTask.executeRecursively(NodeTestTask.java:163)
2026-04-19T23:18:55.4687300Z 	at org.junit.platform.engine.support.hierarchical.NodeTestTask.execute(NodeTestTask.java:116)
2026-04-19T23:18:55.4688290Z 	at org.junit.platform.engine.support.hierarchical.SameThreadHierarchicalTestExecutorService.submit(SameThreadHierarchicalTestExecutorService.java:36)
2026-04-19T23:18:55.4689180Z 	at org.junit.platform.engine.support.hierarchical.HierarchicalTestExecutor.execute(HierarchicalTestExecutor.java:52)
2026-04-19T23:18:55.4690290Z 	at org.junit.platform.engine.support.hierarchical.HierarchicalTestEngine.execute(HierarchicalTestEngine.java:58)
2026-04-19T23:18:55.4690990Z 	at org.junit.platform.launcher.core.EngineExecutionOrchestrator.executeEngine(EngineExecutionOrchestrator.java:246)
2026-04-19T23:18:55.4691760Z 	at org.junit.platform.launcher.core.EngineExecutionOrchestrator.failOrExecuteEngine(EngineExecutionOrchestrator.java:218)
2026-04-19T23:18:55.4692460Z 	at org.junit.platform.launcher.core.EngineExecutionOrchestrator.execute(EngineExecutionOrchestrator.java:179)
2026-04-19T23:18:55.4693120Z 	at org.junit.platform.launcher.core.EngineExecutionOrchestrator.execute(EngineExecutionOrchestrator.java:108)
2026-04-19T23:18:55.4693820Z 	at org.junit.platform.launcher.core.EngineExecutionOrchestrator.lambda$execute$0(EngineExecutionOrchestrator.java:66)
2026-04-19T23:18:55.4694570Z 	at org.junit.platform.launcher.core.EngineExecutionOrchestrator.withInterceptedStreams(EngineExecutionOrchestrator.java:157)
2026-04-19T23:18:55.4695310Z 	at org.junit.platform.launcher.core.EngineExecutionOrchestrator.execute(EngineExecutionOrchestrator.java:65)
2026-04-19T23:18:55.4695920Z 	at org.junit.platform.launcher.core.DefaultLauncher.execute(DefaultLauncher.java:125)
2026-04-19T23:18:55.4696460Z 	at org.junit.platform.launcher.core.DefaultLauncher.execute(DefaultLauncher.java:114)
2026-04-19T23:18:55.4697080Z 	at org.junit.platform.launcher.core.DelegatingLauncher.execute(DelegatingLauncher.java:58)
2026-04-19T23:18:55.4697660Z 	at org.junit.platform.launcher.core.InterceptingLauncher.lambda$execute$2(InterceptingLauncher.java:57)
2026-04-19T23:18:55.4698430Z 	at org.junit.platform.launcher.core.ClasspathAlignmentCheckingLauncherInterceptor.intercept(ClasspathAlignmentCheckingLauncherInterceptor.java:25)
2026-04-19T23:18:55.4699240Z 	at org.junit.platform.launcher.core.InterceptingLauncher.execute(InterceptingLauncher.java:56)
2026-04-19T23:18:55.4699790Z 	at org.junit.platform.launcher.core.DelegatingLauncher.execute(DelegatingLauncher.java:58)
2026-04-19T23:18:55.4700370Z 	at java.base/jdk.internal.reflect.DirectMethodHandleAccessor.invoke(DirectMethodHandleAccessor.java:104)
2026-04-19T23:18:55.4700830Z 	at java.base/java.lang.reflect.Method.invoke(Method.java:565)
2026-04-19T23:18:55.4701300Z 	at org.apache.maven.surefire.api.util.ReflectionUtils.invokeMethodWithArray(ReflectionUtils.java:125)
2026-04-19T23:18:55.4701970Z 	at org.apache.maven.surefire.junitplatform.LauncherAdapter.executeWithCancellationToken(LauncherAdapter.java:68)
2026-04-19T23:18:55.4702580Z 	at org.apache.maven.surefire.junitplatform.LauncherAdapter.execute(LauncherAdapter.java:54)
2026-04-19T23:18:55.4703160Z 	at org.apache.maven.surefire.junitplatform.JUnitPlatformProvider.execute(JUnitPlatformProvider.java:203)
2026-04-19T23:18:55.4703810Z 	at org.apache.maven.surefire.junitplatform.JUnitPlatformProvider.invokeAllTests(JUnitPlatformProvider.java:168)
2026-04-19T23:18:55.4704680Z 	at org.apache.maven.surefire.junitplatform.JUnitPlatformProvider.invoke(JUnitPlatformProvider.java:136)
2026-04-19T23:18:55.4705270Z 	at org.apache.maven.surefire.booter.ForkedBooter.runSuitesInProcess(ForkedBooter.java:385)
2026-04-19T23:18:55.4705750Z 	at org.apache.maven.surefire.booter.ForkedBooter.execute(ForkedBooter.java:162)
2026-04-19T23:18:55.4706180Z 	at org.apache.maven.surefire.booter.ForkedBooter.run(ForkedBooter.java:507)
2026-04-19T23:18:55.4706590Z 	at org.apache.maven.surefire.booter.ForkedBooter.main(ForkedBooter.java:495)
2026-04-19T23:18:55.4706840Z 
2026-04-19T23:18:55.4707130Z [ERROR] org.openpdf.text.pdf.fonts.FontTest.testFontStyleOfStyledFont(int)[3] -- Time elapsed: 0.001 s <<< ERROR!
2026-04-19T23:18:55.4707890Z org.openpdf.text.DocumentException: Table 'OS/2' does not exist in /System/Library/Fonts/Courier.ttc
2026-04-19T23:18:55.4708530Z 	at org.openpdf.text.pdf.TrueTypeFont.fillTables(TrueTypeFont.java:396)
2026-04-19T23:18:55.4708920Z 	at org.openpdf.text.pdf.TrueTypeFont.process(TrueTypeFont.java:651)
2026-04-19T23:18:55.4709270Z 	at org.openpdf.text.pdf.TrueTypeFont.<init>(TrueTypeFont.java:290)
2026-04-19T23:18:55.4709690Z 	at org.openpdf.text.pdf.BaseFont.createFont(BaseFont.java:744)
2026-04-19T23:18:55.4710020Z 	at org.openpdf.text.pdf.BaseFont.createFont(BaseFont.java:650)
2026-04-19T23:18:55.4710360Z 	at org.openpdf.text.pdf.BaseFont.createFont(BaseFont.java:593)
2026-04-19T23:18:55.4710720Z 	at org.openpdf.text.FontFactoryImp.getFont(FontFactoryImp.java:229)
2026-04-19T23:18:55.4711100Z 	at org.openpdf.text.FontFactoryImp.getFont(FontFactoryImp.java:167)
2026-04-19T23:18:55.4711440Z 	at org.openpdf.text.FontFactory.getFont(FontFactory.java:172)
2026-04-19T23:18:55.4711760Z 	at org.openpdf.text.FontFactory.getFont(FontFactory.java:341)
2026-04-19T23:18:55.4712240Z 	at org.openpdf.text.pdf.fonts.FontTest.testFontStyleOfStyledFont(FontTest.java:87)
2026-04-19T23:18:55.4712780Z 	at java.base/jdk.internal.reflect.DirectMethodHandleAccessor.invoke(DirectMethodHandleAccessor.java:104)
2026-04-19T23:18:55.4713290Z 	at java.base/java.lang.reflect.Method.invoke(Method.java:565)
2026-04-19T23:18:55.4713720Z 	at org.junit.platform.commons.util.ReflectionUtils.invokeMethod(ReflectionUtils.java:701)
2026-04-19T23:18:55.4714310Z 	at org.junit.platform.commons.support.ReflectionSupport.invokeMethod(ReflectionSupport.java:502)
2026-04-19T23:18:55.4714870Z 	at org.junit.jupiter.engine.support.MethodReflectionUtils.invoke(MethodReflectionUtils.java:45)
2026-04-19T23:18:55.4715400Z 	at org.junit.jupiter.engine.execution.MethodInvocation.proceed(MethodInvocation.java:61)
2026-04-19T23:18:55.4716030Z 	at org.junit.jupiter.engine.execution.InvocationInterceptorChain$ValidatingInvocation.proceed(InvocationInterceptorChain.java:124)
2026-04-19T23:18:55.4716710Z 	at org.junit.jupiter.engine.extension.TimeoutExtension.intercept(TimeoutExtension.java:163)
2026-04-19T23:18:55.4717290Z 	at org.junit.jupiter.engine.extension.TimeoutExtension.interceptTestableMethod(TimeoutExtension.java:148)
2026-04-19T23:18:55.4717950Z 	at org.junit.jupiter.engine.extension.TimeoutExtension.interceptTestTemplateMethod(TimeoutExtension.java:94)
2026-04-19T23:18:55.4718750Z 	at org.junit.jupiter.engine.execution.InterceptingExecutableInvoker$ReflectiveInterceptorCall.lambda$ofVoidMethod$0(InterceptingExecutableInvoker.java:123)
2026-04-19T23:18:55.4719610Z 	at org.junit.jupiter.engine.execution.InterceptingExecutableInvoker.lambda$invoke$0(InterceptingExecutableInvoker.java:105)
2026-04-19T23:18:55.4720360Z 	at org.junit.jupiter.engine.execution.InvocationInterceptorChain$InterceptedInvocation.proceed(InvocationInterceptorChain.java:99)
2026-04-19T23:18:55.4721090Z 	at org.junit.jupiter.engine.execution.InvocationInterceptorChain.proceed(InvocationInterceptorChain.java:66)
2026-04-19T23:18:55.4721830Z 	at org.junit.jupiter.engine.execution.InvocationInterceptorChain.chainAndInvoke(InvocationInterceptorChain.java:47)
2026-04-19T23:18:55.4722780Z 	at org.junit.jupiter.engine.execution.InvocationInterceptorChain.invoke(InvocationInterceptorChain.java:39)
2026-04-19T23:18:55.4723570Z 	at org.junit.jupiter.engine.execution.InterceptingExecutableInvoker.invoke(InterceptingExecutableInvoker.java:104)
2026-04-19T23:18:55.4724400Z 	at org.junit.jupiter.engine.execution.InterceptingExecutableInvoker.invoke(InterceptingExecutableInvoker.java:98)
2026-04-19T23:18:55.4725100Z 	at org.junit.jupiter.engine.execution.InterceptingExecutableInvoker.invokeVoid(InterceptingExecutableInvoker.java:71)
2026-04-19T23:18:55.4728210Z 	at org.junit.jupiter.engine.descriptor.TestMethodTestDescriptor.lambda$invokeTestMethod$0(TestMethodTestDescriptor.java:219)
2026-04-19T23:18:55.4728940Z 	at org.junit.platform.engine.support.hierarchical.ThrowableCollector.execute(ThrowableCollector.java:74)
2026-04-19T23:18:55.4730020Z 	at org.junit.jupiter.engine.descriptor.TestMethodTestDescriptor.invokeTestMethod(TestMethodTestDescriptor.java:215)
2026-04-19T23:18:55.4730730Z 	at org.junit.jupiter.engine.descriptor.TestMethodTestDescriptor.execute(TestMethodTestDescriptor.java:157)
2026-04-19T23:18:55.4731450Z 	at org.junit.jupiter.engine.descriptor.TestMethodTestDescriptor.execute(TestMethodTestDescriptor.java:70)
2026-04-19T23:18:55.4732260Z 	at org.junit.platform.engine.support.hierarchical.NodeTestTask.lambda$executeRecursively$2(NodeTestTask.java:176)
2026-04-19T23:18:55.4733020Z 	at org.junit.platform.engine.support.hierarchical.ThrowableCollector.execute(ThrowableCollector.java:74)
2026-04-19T23:18:55.4742030Z 	at org.junit.platform.engine.support.hierarchical.NodeTestTask.lambda$executeRecursively$1(NodeTestTask.java:166)
2026-04-19T23:18:55.4742610Z 	at org.junit.platform.engine.support.hierarchical.Node.around(Node.java:138)
2026-04-19T23:18:55.4743250Z 	at org.junit.platform.engine.support.hierarchical.NodeTestTask.lambda$executeRecursively$0(NodeTestTask.java:164)
2026-04-19T23:18:55.4743910Z 	at org.junit.platform.engine.support.hierarchical.ThrowableCollector.execute(ThrowableCollector.java:74)
2026-04-19T23:18:55.4744540Z 	at org.junit.platform.engine.support.hierarchical.NodeTestTask.executeRecursively(NodeTestTask.java:163)
2026-04-19T23:18:55.4745140Z 	at org.junit.platform.engine.support.hierarchical.NodeTestTask.execute(NodeTestTask.java:116)
2026-04-19T23:18:55.4745930Z 	at org.junit.platform.engine.support.hierarchical.SameThreadHierarchicalTestExecutorService.submit(SameThreadHierarchicalTestExecutorService.java:36)
2026-04-19T23:18:55.4746800Z 	at org.junit.platform.engine.support.hierarchical.NodeTestTask$DefaultDynamicTestExecutor.execute(NodeTestTask.java:268)
2026-04-19T23:18:55.4747590Z 	at org.junit.platform.engine.support.hierarchical.NodeTestTask$DefaultDynamicTestExecutor.execute(NodeTestTask.java:246)
2026-04-19T23:18:55.4748260Z 	at org.junit.jupiter.engine.descriptor.TemplateExecutor.execute(TemplateExecutor.java:96)
2026-04-19T23:18:55.4748850Z 	at org.junit.jupiter.engine.descriptor.TemplateExecutor.lambda$executeForProvider$1(TemplateExecutor.java:59)
2026-04-19T23:18:55.4749340Z 	at java.base/java.util.Optional.ifPresent(Optional.java:182)
2026-04-19T23:18:55.4749820Z 	at org.junit.jupiter.engine.descriptor.TemplateExecutor.lambda$executeForProvider$0(TemplateExecutor.java:59)
2026-04-19T23:18:55.4750360Z 	at java.base/java.util.stream.ForEachOps$ForEachOp$OfRef.accept(ForEachOps.java:186)
2026-04-19T23:18:55.4750830Z 	at java.base/java.util.stream.ReferencePipeline$3$1.accept(ReferencePipeline.java:214)
2026-04-19T23:18:55.4751290Z 	at java.base/java.util.stream.ForEachOps$ForEachOp$OfRef.accept(ForEachOps.java:186)
2026-04-19T23:18:55.4751750Z 	at java.base/java.util.stream.ForEachOps$ForEachOp$OfRef.accept(ForEachOps.java:186)
2026-04-19T23:18:55.4752220Z 	at java.base/java.util.stream.ReferencePipeline$3$1.accept(ReferencePipeline.java:214)
2026-04-19T23:18:55.4752680Z 	at java.base/java.util.HashMap$KeySpliterator.forEachRemaining(HashMap.java:1716)
2026-04-19T23:18:55.4753140Z 	at java.base/java.util.stream.ReferencePipeline$Head.forEach(ReferencePipeline.java:803)
2026-04-19T23:18:55.4753820Z 	at java.base/java.util.stream.ReferencePipeline$7$1FlatMap.accept(ReferencePipeline.java:293)
2026-04-19T23:18:55.4754290Z 	at java.base/java.util.stream.ReferencePipeline$3$1.accept(ReferencePipeline.java:214)
2026-04-19T23:18:55.4754750Z 	at java.base/java.util.stream.ReferencePipeline$3$1.accept(ReferencePipeline.java:214)
2026-04-19T23:18:55.4755200Z 	at java.base/java.util.stream.ReferencePipeline$3$1.accept(ReferencePipeline.java:214)
2026-04-19T23:18:55.4755700Z 	at java.base/java.util.Spliterators$ArraySpliterator.forEachRemaining(Spliterators.java:1024)
2026-04-19T23:18:55.4756200Z 	at java.base/java.util.stream.AbstractPipeline.copyInto(AbstractPipeline.java:570)
2026-04-19T23:18:55.4756670Z 	at java.base/java.util.stream.AbstractPipeline.wrapAndCopyInto(AbstractPipeline.java:560)
2026-04-19T23:18:55.4757310Z 	at java.base/java.util.stream.ForEachOps$ForEachOp.evaluateSequential(ForEachOps.java:153)
2026-04-19T23:18:55.4757850Z 	at java.base/java.util.stream.ForEachOps$ForEachOp$OfRef.evaluateSequential(ForEachOps.java:176)
2026-04-19T23:18:55.4758350Z 	at java.base/java.util.stream.AbstractPipeline.evaluate(AbstractPipeline.java:265)
2026-04-19T23:18:55.4758820Z 	at java.base/java.util.stream.ReferencePipeline.forEach(ReferencePipeline.java:632)
2026-04-19T23:18:55.4759310Z 	at java.base/java.util.stream.ReferencePipeline$7$1FlatMap.accept(ReferencePipeline.java:293)
2026-04-19T23:18:55.4759800Z 	at java.base/java.util.ArrayList$ArrayListSpliterator.forEachRemaining(ArrayList.java:1724)
2026-04-19T23:18:55.4760260Z 	at java.base/java.util.stream.AbstractPipeline.copyInto(AbstractPipeline.java:570)
2026-04-19T23:18:55.4760720Z 	at java.base/java.util.stream.AbstractPipeline.wrapAndCopyInto(AbstractPipeline.java:560)
2026-04-19T23:18:55.4761220Z 	at java.base/java.util.stream.ForEachOps$ForEachOp.evaluateSequential(ForEachOps.java:153)
2026-04-19T23:18:55.4761740Z 	at java.base/java.util.stream.ForEachOps$ForEachOp$OfRef.evaluateSequential(ForEachOps.java:176)
2026-04-19T23:18:55.4762240Z 	at java.base/java.util.stream.AbstractPipeline.evaluate(AbstractPipeline.java:265)
2026-04-19T23:18:55.4762710Z 	at java.base/java.util.stream.ReferencePipeline.forEach(ReferencePipeline.java:632)
2026-04-19T23:18:55.4764510Z 	at java.base/java.util.stream.ReferencePipeline$7$1FlatMap.accept(ReferencePipeline.java:293)
2026-04-19T23:18:55.4765010Z 	at java.base/java.util.stream.ReferencePipeline$3$1.accept(ReferencePipeline.java:214)
2026-04-19T23:18:55.4765460Z 	at java.base/java.util.stream.ReferencePipeline$3$1.accept(ReferencePipeline.java:214)
2026-04-19T23:18:55.4765940Z 	at java.base/java.util.stream.ReferencePipeline$3$1.accept(ReferencePipeline.java:214)
2026-04-19T23:18:55.4766350Z 	at java.base/java.util.Collections$2.tryAdvance(Collections.java:5189)
2026-04-19T23:18:55.4766740Z 	at java.base/java.util.Collections$2.forEachRemaining(Collections.java:5197)
2026-04-19T23:18:55.4767160Z 	at java.base/java.util.stream.AbstractPipeline.copyInto(AbstractPipeline.java:570)
2026-04-19T23:18:55.4767650Z 	at java.base/java.util.stream.AbstractPipeline.wrapAndCopyInto(AbstractPipeline.java:560)
2026-04-19T23:18:55.4768140Z 	at java.base/java.util.stream.ForEachOps$ForEachOp.evaluateSequential(ForEachOps.java:153)
2026-04-19T23:18:55.4768920Z 	at java.base/java.util.stream.ForEachOps$ForEachOp$OfRef.evaluateSequential(ForEachOps.java:176)
2026-04-19T23:18:55.4769460Z 	at java.base/java.util.stream.AbstractPipeline.evaluate(AbstractPipeline.java:265)
2026-04-19T23:18:55.4769930Z 	at java.base/java.util.stream.ReferencePipeline.forEach(ReferencePipeline.java:632)
2026-04-19T23:18:55.4770480Z 	at org.junit.jupiter.engine.descriptor.TemplateExecutor.executeForProvider(TemplateExecutor.java:57)
2026-04-19T23:18:55.4771060Z 	at org.junit.jupiter.engine.descriptor.TemplateExecutor.execute(TemplateExecutor.java:46)
2026-04-19T23:18:55.4771660Z 	at org.junit.jupiter.engine.descriptor.TestTemplateTestDescriptor.execute(TestTemplateTestDescriptor.java:112)
2026-04-19T23:18:55.4772340Z 	at org.junit.jupiter.engine.descriptor.TestTemplateTestDescriptor.execute(TestTemplateTestDescriptor.java:40)
2026-04-19T23:18:55.4773220Z 	at org.junit.platform.engine.support.hierarchical.NodeTestTask.lambda$executeRecursively$2(NodeTestTask.java:176)
2026-04-19T23:18:55.4773880Z 	at org.junit.platform.engine.support.hierarchical.ThrowableCollector.execute(ThrowableCollector.java:74)
2026-04-19T23:18:55.4774540Z 	at org.junit.platform.engine.support.hierarchical.NodeTestTask.lambda$executeRecursively$1(NodeTestTask.java:166)
2026-04-19T23:18:55.4775070Z 	at org.junit.platform.engine.support.hierarchical.Node.around(Node.java:138)
2026-04-19T23:18:55.4775610Z 	at org.junit.platform.engine.support.hierarchical.NodeTestTask.lambda$executeRecursively$0(NodeTestTask.java:164)
2026-04-19T23:18:55.4776370Z 	at org.junit.platform.engine.support.hierarchical.ThrowableCollector.execute(ThrowableCollector.java:74)
2026-04-19T23:18:55.4777040Z 	at org.junit.platform.engine.support.hierarchical.NodeTestTask.executeRecursively(NodeTestTask.java:163)
2026-04-19T23:18:55.4777620Z 	at org.junit.platform.engine.support.hierarchical.NodeTestTask.execute(NodeTestTask.java:116)
2026-04-19T23:18:55.4778060Z 	at java.base/java.util.ArrayList.forEach(ArrayList.java:1612)
2026-04-19T23:18:55.4778700Z 	at org.junit.platform.engine.support.hierarchical.SameThreadHierarchicalTestExecutorService.invokeAll(SameThreadHierarchicalTestExecutorService.java:42)
2026-04-19T23:18:55.4779540Z 	at org.junit.platform.engine.support.hierarchical.NodeTestTask.lambda$executeRecursively$2(NodeTestTask.java:180)
2026-04-19T23:18:55.4780190Z 	at org.junit.platform.engine.support.hierarchical.ThrowableCollector.execute(ThrowableCollector.java:74)
2026-04-19T23:18:55.4780850Z 	at org.junit.platform.engine.support.hierarchical.NodeTestTask.lambda$executeRecursively$1(NodeTestTask.java:166)
2026-04-19T23:18:55.4781390Z 	at org.junit.platform.engine.support.hierarchical.Node.around(Node.java:138)
2026-04-19T23:18:55.4781940Z 	at org.junit.platform.engine.support.hierarchical.NodeTestTask.lambda$executeRecursively$0(NodeTestTask.java:164)
2026-04-19T23:18:55.4782610Z 	at org.junit.platform.engine.support.hierarchical.ThrowableCollector.execute(ThrowableCollector.java:74)
2026-04-19T23:18:55.4783250Z 	at org.junit.platform.engine.support.hierarchical.NodeTestTask.executeRecursively(NodeTestTask.java:163)
2026-04-19T23:18:55.4783840Z 	at org.junit.platform.engine.support.hierarchical.NodeTestTask.execute(NodeTestTask.java:116)
2026-04-19T23:18:55.4784270Z 	at java.base/java.util.ArrayList.forEach(ArrayList.java:1612)
2026-04-19T23:18:55.4784940Z 	at org.junit.platform.engine.support.hierarchical.SameThreadHierarchicalTestExecutorService.invokeAll(SameThreadHierarchicalTestExecutorService.java:42)
2026-04-19T23:18:55.4785780Z 	at org.junit.platform.engine.support.hierarchical.NodeTestTask.lambda$executeRecursively$2(NodeTestTask.java:180)
2026-04-19T23:18:55.4786440Z 	at org.junit.platform.engine.support.hierarchical.ThrowableCollector.execute(ThrowableCollector.java:74)
2026-04-19T23:18:55.4787110Z 	at org.junit.platform.engine.support.hierarchical.NodeTestTask.lambda$executeRecursively$1(NodeTestTask.java:166)
2026-04-19T23:18:55.4787650Z 	at org.junit.platform.engine.support.hierarchical.Node.around(Node.java:138)
2026-04-19T23:18:55.4788190Z 	at org.junit.platform.engine.support.hierarchical.NodeTestTask.lambda$executeRecursively$0(NodeTestTask.java:164)
2026-04-19T23:18:55.4788820Z 	at org.junit.platform.engine.support.hierarchical.ThrowableCollector.execute(ThrowableCollector.java:74)
2026-04-19T23:18:55.4789430Z 	at org.junit.platform.engine.support.hierarchical.NodeTestTask.executeRecursively(NodeTestTask.java:163)
2026-04-19T23:18:55.4790030Z 	at org.junit.platform.engine.support.hierarchical.NodeTestTask.execute(NodeTestTask.java:116)
2026-04-19T23:18:55.4790800Z 	at org.junit.platform.engine.support.hierarchical.SameThreadHierarchicalTestExecutorService.submit(SameThreadHierarchicalTestExecutorService.java:36)
2026-04-19T23:18:55.4791670Z 	at org.junit.platform.engine.support.hierarchical.HierarchicalTestExecutor.execute(HierarchicalTestExecutor.java:52)
2026-04-19T23:18:55.4792510Z 	at org.junit.platform.engine.support.hierarchical.HierarchicalTestEngine.execute(HierarchicalTestEngine.java:58)
2026-04-19T23:18:55.4793200Z 	at org.junit.platform.launcher.core.EngineExecutionOrchestrator.executeEngine(EngineExecutionOrchestrator.java:246)
2026-04-19T23:18:55.4793910Z 	at org.junit.platform.launcher.core.EngineExecutionOrchestrator.failOrExecuteEngine(EngineExecutionOrchestrator.java:218)
2026-04-19T23:18:55.4794620Z 	at org.junit.platform.launcher.core.EngineExecutionOrchestrator.execute(EngineExecutionOrchestrator.java:179)
2026-04-19T23:18:55.4795270Z 	at org.junit.platform.launcher.core.EngineExecutionOrchestrator.execute(EngineExecutionOrchestrator.java:108)
2026-04-19T23:18:55.4796300Z 	at org.junit.platform.launcher.core.EngineExecutionOrchestrator.lambda$execute$0(EngineExecutionOrchestrator.java:66)
2026-04-19T23:18:55.4797070Z 	at org.junit.platform.launcher.core.EngineExecutionOrchestrator.withInterceptedStreams(EngineExecutionOrchestrator.java:157)
2026-04-19T23:18:55.4797800Z 	at org.junit.platform.launcher.core.EngineExecutionOrchestrator.execute(EngineExecutionOrchestrator.java:65)
2026-04-19T23:18:55.4798380Z 	at org.junit.platform.launcher.core.DefaultLauncher.execute(DefaultLauncher.java:125)
2026-04-19T23:18:55.4798860Z 	at org.junit.platform.launcher.core.DefaultLauncher.execute(DefaultLauncher.java:114)
2026-04-19T23:18:55.4799350Z 	at org.junit.platform.launcher.core.DelegatingLauncher.execute(DelegatingLauncher.java:58)
2026-04-19T23:18:55.4799920Z 	at org.junit.platform.launcher.core.InterceptingLauncher.lambda$execute$2(InterceptingLauncher.java:57)
2026-04-19T23:18:55.4800710Z 	at org.junit.platform.launcher.core.ClasspathAlignmentCheckingLauncherInterceptor.intercept(ClasspathAlignmentCheckingLauncherInterceptor.java:25)
2026-04-19T23:18:55.4801470Z 	at org.junit.platform.launcher.core.InterceptingLauncher.execute(InterceptingLauncher.java:56)
2026-04-19T23:18:55.4802030Z 	at org.junit.platform.launcher.core.DelegatingLauncher.execute(DelegatingLauncher.java:58)
2026-04-19T23:18:55.4802590Z 	at java.base/jdk.internal.reflect.DirectMethodHandleAccessor.invoke(DirectMethodHandleAccessor.java:104)
2026-04-19T23:18:55.4803100Z 	at java.base/java.lang.reflect.Method.invoke(Method.java:565)
2026-04-19T23:18:55.4803560Z 	at org.apache.maven.surefire.api.util.ReflectionUtils.invokeMethodWithArray(ReflectionUtils.java:125)
2026-04-19T23:18:55.4804200Z 	at org.apache.maven.surefire.junitplatform.LauncherAdapter.executeWithCancellationToken(LauncherAdapter.java:68)
2026-04-19T23:18:55.4804810Z 	at org.apache.maven.surefire.junitplatform.LauncherAdapter.execute(LauncherAdapter.java:54)
2026-04-19T23:18:55.4805380Z 	at org.apache.maven.surefire.junitplatform.JUnitPlatformProvider.execute(JUnitPlatformProvider.java:203)
2026-04-19T23:18:55.4806030Z 	at org.apache.maven.surefire.junitplatform.JUnitPlatformProvider.invokeAllTests(JUnitPlatformProvider.java:168)
2026-04-19T23:18:55.4806690Z 	at org.apache.maven.surefire.junitplatform.JUnitPlatformProvider.invoke(JUnitPlatformProvider.java:136)
2026-04-19T23:18:55.4807260Z 	at org.apache.maven.surefire.booter.ForkedBooter.runSuitesInProcess(ForkedBooter.java:385)
2026-04-19T23:18:55.4807740Z 	at org.apache.maven.surefire.booter.ForkedBooter.execute(ForkedBooter.java:162)
2026-04-19T23:18:55.4808160Z 	at org.apache.maven.surefire.booter.ForkedBooter.run(ForkedBooter.java:507)
2026-04-19T23:18:55.4808580Z 	at org.apache.maven.surefire.booter.ForkedBooter.main(ForkedBooter.java:495)
2026-04-19T23:18:55.4808910Z 
2026-04-19T23:18:55.4809180Z [ERROR] org.openpdf.text.pdf.fonts.FontTest.testFontStyleOfStyledFont(int)[6] -- Time elapsed: 0 s <<< ERROR!
2026-04-19T23:18:55.4809750Z org.openpdf.text.DocumentException: Table 'OS/2' does not exist in /System/Library/Fonts/Courier.ttc
2026-04-19T23:18:55.4810210Z 	at org.openpdf.text.pdf.TrueTypeFont.fillTables(TrueTypeFont.java:396)
2026-04-19T23:18:55.4810580Z 	at org.openpdf.text.pdf.TrueTypeFont.process(TrueTypeFont.java:651)
2026-04-19T23:18:55.4811280Z 	at org.openpdf.text.pdf.TrueTypeFont.<init>(TrueTypeFont.java:290)
2026-04-19T23:18:55.4811640Z 	at org.openpdf.text.pdf.BaseFont.createFont(BaseFont.java:744)
2026-04-19T23:18:55.4811970Z 	at org.openpdf.text.pdf.BaseFont.createFont(BaseFont.java:650)
2026-04-19T23:18:55.4812300Z 	at org.openpdf.text.pdf.BaseFont.createFont(BaseFont.java:593)
2026-04-19T23:18:55.4812640Z 	at org.openpdf.text.FontFactoryImp.getFont(FontFactoryImp.java:229)
2026-04-19T23:18:55.4813000Z 	at org.openpdf.text.FontFactoryImp.getFont(FontFactoryImp.java:167)
2026-04-19T23:18:55.4813340Z 	at org.openpdf.text.FontFactory.getFont(FontFactory.java:172)
2026-04-19T23:18:55.4813660Z 	at org.openpdf.text.FontFactory.getFont(FontFactory.java:341)
2026-04-19T23:18:55.4814150Z 	at org.openpdf.text.pdf.fonts.FontTest.testFontStyleOfStyledFont(FontTest.java:87)
2026-04-19T23:18:55.4814700Z 	at java.base/jdk.internal.reflect.DirectMethodHandleAccessor.invoke(DirectMethodHandleAccessor.java:104)
2026-04-19T23:18:55.4815160Z 	at java.base/java.lang.reflect.Method.invoke(Method.java:565)
2026-04-19T23:18:55.4815580Z 	at org.junit.platform.commons.util.ReflectionUtils.invokeMethod(ReflectionUtils.java:701)
2026-04-19T23:18:55.4816120Z 	at org.junit.platform.commons.support.ReflectionSupport.invokeMethod(ReflectionSupport.java:502)
2026-04-19T23:18:55.4816680Z 	at org.junit.jupiter.engine.support.MethodReflectionUtils.invoke(MethodReflectionUtils.java:45)
2026-04-19T23:18:55.4817220Z 	at org.junit.jupiter.engine.execution.MethodInvocation.proceed(MethodInvocation.java:61)
2026-04-19T23:18:55.4817880Z 	at org.junit.jupiter.engine.execution.InvocationInterceptorChain$ValidatingInvocation.proceed(InvocationInterceptorChain.java:124)
2026-04-19T23:18:55.4818560Z 	at org.junit.jupiter.engine.extension.TimeoutExtension.intercept(TimeoutExtension.java:163)
2026-04-19T23:18:55.4819160Z 	at org.junit.jupiter.engine.extension.TimeoutExtension.interceptTestableMethod(TimeoutExtension.java:148)
2026-04-19T23:18:55.4819810Z 	at org.junit.jupiter.engine.extension.TimeoutExtension.interceptTestTemplateMethod(TimeoutExtension.java:94)
2026-04-19T23:18:55.4820600Z 	at org.junit.jupiter.engine.execution.InterceptingExecutableInvoker$ReflectiveInterceptorCall.lambda$ofVoidMethod$0(InterceptingExecutableInvoker.java:123)
2026-04-19T23:18:55.4821460Z 	at org.junit.jupiter.engine.execution.InterceptingExecutableInvoker.lambda$invoke$0(InterceptingExecutableInvoker.java:105)
2026-04-19T23:18:55.4822250Z 	at org.junit.jupiter.engine.execution.InvocationInterceptorChain$InterceptedInvocation.proceed(InvocationInterceptorChain.java:99)
2026-04-19T23:18:55.4822970Z 	at org.junit.jupiter.engine.execution.InvocationInterceptorChain.proceed(InvocationInterceptorChain.java:66)
2026-04-19T23:18:55.4823650Z 	at org.junit.jupiter.engine.execution.InvocationInterceptorChain.chainAndInvoke(InvocationInterceptorChain.java:47)
2026-04-19T23:18:55.4824320Z 	at org.junit.jupiter.engine.execution.InvocationInterceptorChain.invoke(InvocationInterceptorChain.java:39)
2026-04-19T23:18:55.4824990Z 	at org.junit.jupiter.engine.execution.InterceptingExecutableInvoker.invoke(InterceptingExecutableInvoker.java:104)
2026-04-19T23:18:55.4825670Z 	at org.junit.jupiter.engine.execution.InterceptingExecutableInvoker.invoke(InterceptingExecutableInvoker.java:98)
2026-04-19T23:18:55.4826360Z 	at org.junit.jupiter.engine.execution.InterceptingExecutableInvoker.invokeVoid(InterceptingExecutableInvoker.java:71)
2026-04-19T23:18:55.4827080Z 	at org.junit.jupiter.engine.descriptor.TestMethodTestDescriptor.lambda$invokeTestMethod$0(TestMethodTestDescriptor.java:219)
2026-04-19T23:18:55.4827760Z 	at org.junit.platform.engine.support.hierarchical.ThrowableCollector.execute(ThrowableCollector.java:74)
2026-04-19T23:18:55.4828420Z 	at org.junit.jupiter.engine.descriptor.TestMethodTestDescriptor.invokeTestMethod(TestMethodTestDescriptor.java:215)
2026-04-19T23:18:55.4829110Z 	at org.junit.jupiter.engine.descriptor.TestMethodTestDescriptor.execute(TestMethodTestDescriptor.java:157)
2026-04-19T23:18:55.4829850Z 	at org.junit.jupiter.engine.descriptor.TestMethodTestDescriptor.execute(TestMethodTestDescriptor.java:70)
2026-04-19T23:18:55.4830510Z 	at org.junit.platform.engine.support.hierarchical.NodeTestTask.lambda$executeRecursively$2(NodeTestTask.java:176)
2026-04-19T23:18:55.4831150Z 	at org.junit.platform.engine.support.hierarchical.ThrowableCollector.execute(ThrowableCollector.java:74)
2026-04-19T23:18:55.4831800Z 	at org.junit.platform.engine.support.hierarchical.NodeTestTask.lambda$executeRecursively$1(NodeTestTask.java:166)
2026-04-19T23:18:55.4832390Z 	at org.junit.platform.engine.support.hierarchical.Node.around(Node.java:138)
2026-04-19T23:18:55.4832950Z 	at org.junit.platform.engine.support.hierarchical.NodeTestTask.lambda$executeRecursively$0(NodeTestTask.java:164)
2026-04-19T23:18:55.4833700Z 	at org.junit.platform.engine.support.hierarchical.ThrowableCollector.execute(ThrowableCollector.java:74)
2026-04-19T23:18:55.4834350Z 	at org.junit.platform.engine.support.hierarchical.NodeTestTask.executeRecursively(NodeTestTask.java:163)
2026-04-19T23:18:55.4834970Z 	at org.junit.platform.engine.support.hierarchical.NodeTestTask.execute(NodeTestTask.java:116)
2026-04-19T23:18:55.4835750Z 	at org.junit.platform.engine.support.hierarchical.SameThreadHierarchicalTestExecutorService.submit(SameThreadHierarchicalTestExecutorService.java:36)
2026-04-19T23:18:55.4836610Z 	at org.junit.platform.engine.support.hierarchical.NodeTestTask$DefaultDynamicTestExecutor.execute(NodeTestTask.java:268)
2026-04-19T23:18:55.4837310Z 	at org.junit.platform.engine.support.hierarchical.NodeTestTask$DefaultDynamicTestExecutor.execute(NodeTestTask.java:246)
2026-04-19T23:18:55.4837940Z 	at org.junit.jupiter.engine.descriptor.TemplateExecutor.execute(TemplateExecutor.java:96)
2026-04-19T23:18:55.4838520Z 	at org.junit.jupiter.engine.descriptor.TemplateExecutor.lambda$executeForProvider$1(TemplateExecutor.java:59)
2026-04-19T23:18:55.4839020Z 	at java.base/java.util.Optional.ifPresent(Optional.java:182)
2026-04-19T23:18:55.4839500Z 	at org.junit.jupiter.engine.descriptor.TemplateExecutor.lambda$executeForProvider$0(TemplateExecutor.java:59)
2026-04-19T23:18:55.4840070Z 	at java.base/java.util.stream.ForEachOps$ForEachOp$OfRef.accept(ForEachOps.java:186)
2026-04-19T23:18:55.4840520Z 	at java.base/java.util.stream.ReferencePipeline$3$1.accept(ReferencePipeline.java:214)
2026-04-19T23:18:55.4840980Z 	at java.base/java.util.stream.ForEachOps$ForEachOp$OfRef.accept(ForEachOps.java:186)
2026-04-19T23:18:55.4841410Z 	at java.base/java.util.stream.ForEachOps$ForEachOp$OfRef.accept(ForEachOps.java:186)
2026-04-19T23:18:55.4841860Z 	at java.base/java.util.stream.ReferencePipeline$3$1.accept(ReferencePipeline.java:214)
2026-04-19T23:18:55.4842300Z 	at java.base/java.util.HashMap$KeySpliterator.forEachRemaining(HashMap.java:1716)
2026-04-19T23:18:55.4842740Z 	at java.base/java.util.stream.ReferencePipeline$Head.forEach(ReferencePipeline.java:803)
2026-04-19T23:18:55.4843230Z 	at java.base/java.util.stream.ReferencePipeline$7$1FlatMap.accept(ReferencePipeline.java:293)
2026-04-19T23:18:55.4843710Z 	at java.base/java.util.stream.ReferencePipeline$3$1.accept(ReferencePipeline.java:214)
2026-04-19T23:18:55.4844190Z 	at java.base/java.util.stream.ReferencePipeline$3$1.accept(ReferencePipeline.java:214)
2026-04-19T23:18:55.4844660Z 	at java.base/java.util.stream.ReferencePipeline$3$1.accept(ReferencePipeline.java:214)
2026-04-19T23:18:55.4845140Z 	at java.base/java.util.Spliterators$ArraySpliterator.forEachRemaining(Spliterators.java:1024)
2026-04-19T23:18:55.4845620Z 	at java.base/java.util.stream.AbstractPipeline.copyInto(AbstractPipeline.java:570)
2026-04-19T23:18:55.4846080Z 	at java.base/java.util.stream.AbstractPipeline.wrapAndCopyInto(AbstractPipeline.java:560)
2026-04-19T23:18:55.4846580Z 	at java.base/java.util.stream.ForEachOps$ForEachOp.evaluateSequential(ForEachOps.java:153)
2026-04-19T23:18:55.4847080Z 	at java.base/java.util.stream.ForEachOps$ForEachOp$OfRef.evaluateSequential(ForEachOps.java:176)
2026-04-19T23:18:55.4847710Z 	at java.base/java.util.stream.AbstractPipeline.evaluate(AbstractPipeline.java:265)
2026-04-19T23:18:55.4848190Z 	at java.base/java.util.stream.ReferencePipeline.forEach(ReferencePipeline.java:632)
2026-04-19T23:18:55.4848800Z 	at java.base/java.util.stream.ReferencePipeline$7$1FlatMap.accept(ReferencePipeline.java:293)
2026-04-19T23:18:55.4849370Z 	at java.base/java.util.ArrayList$ArrayListSpliterator.forEachRemaining(ArrayList.java:1724)
2026-04-19T23:18:55.4849840Z 	at java.base/java.util.stream.AbstractPipeline.copyInto(AbstractPipeline.java:570)
2026-04-19T23:18:55.4851160Z 	at java.base/java.util.stream.AbstractPipeline.wrapAndCopyInto(AbstractPipeline.java:560)
2026-04-19T23:18:55.4851840Z 	at java.base/java.util.stream.ForEachOps$ForEachOp.evaluateSequential(ForEachOps.java:153)
2026-04-19T23:18:55.4852760Z 	at java.base/java.util.stream.ForEachOps$ForEachOp$OfRef.evaluateSequential(ForEachOps.java:176)
2026-04-19T23:18:55.4853290Z 	at java.base/java.util.stream.AbstractPipeline.evaluate(AbstractPipeline.java:265)
2026-04-19T23:18:55.4853770Z 	at java.base/java.util.stream.ReferencePipeline.forEach(ReferencePipeline.java:632)
2026-04-19T23:18:55.4854360Z 	at java.base/java.util.stream.ReferencePipeline$7$1FlatMap.accept(ReferencePipeline.java:293)
2026-04-19T23:18:55.4854850Z 	at java.base/java.util.stream.ReferencePipeline$3$1.accept(ReferencePipeline.java:214)
2026-04-19T23:18:55.4855310Z 	at java.base/java.util.stream.ReferencePipeline$3$1.accept(ReferencePipeline.java:214)
2026-04-19T23:18:55.4855770Z 	at java.base/java.util.stream.ReferencePipeline$3$1.accept(ReferencePipeline.java:214)
2026-04-19T23:18:55.4856180Z 	at java.base/java.util.Collections$2.tryAdvance(Collections.java:5189)
2026-04-19T23:18:55.4856550Z 	at java.base/java.util.Collections$2.forEachRemaining(Collections.java:5197)
2026-04-19T23:18:55.4856980Z 	at java.base/java.util.stream.AbstractPipeline.copyInto(AbstractPipeline.java:570)
2026-04-19T23:18:55.4857460Z 	at java.base/java.util.stream.AbstractPipeline.wrapAndCopyInto(AbstractPipeline.java:560)
2026-04-19T23:18:55.4857960Z 	at java.base/java.util.stream.ForEachOps$ForEachOp.evaluateSequential(ForEachOps.java:153)
2026-04-19T23:18:55.4858470Z 	at java.base/java.util.stream.ForEachOps$ForEachOp$OfRef.evaluateSequential(ForEachOps.java:176)
2026-04-19T23:18:55.4858950Z 	at java.base/java.util.stream.AbstractPipeline.evaluate(AbstractPipeline.java:265)
2026-04-19T23:18:55.4859410Z 	at java.base/java.util.stream.ReferencePipeline.forEach(ReferencePipeline.java:632)
2026-04-19T23:18:55.4859940Z 	at org.junit.jupiter.engine.descriptor.TemplateExecutor.executeForProvider(TemplateExecutor.java:57)
2026-04-19T23:18:55.4860500Z 	at org.junit.jupiter.engine.descriptor.TemplateExecutor.execute(TemplateExecutor.java:46)
2026-04-19T23:18:55.4861100Z 	at org.junit.jupiter.engine.descriptor.TestTemplateTestDescriptor.execute(TestTemplateTestDescriptor.java:112)
2026-04-19T23:18:55.4861770Z 	at org.junit.jupiter.engine.descriptor.TestTemplateTestDescriptor.execute(TestTemplateTestDescriptor.java:40)
2026-04-19T23:18:55.4862440Z 	at org.junit.platform.engine.support.hierarchical.NodeTestTask.lambda$executeRecursively$2(NodeTestTask.java:176)
2026-04-19T23:18:55.4863120Z 	at org.junit.platform.engine.support.hierarchical.ThrowableCollector.execute(ThrowableCollector.java:74)
2026-04-19T23:18:55.4863780Z 	at org.junit.platform.engine.support.hierarchical.NodeTestTask.lambda$executeRecursively$1(NodeTestTask.java:166)
2026-04-19T23:18:55.4864330Z 	at org.junit.platform.engine.support.hierarchical.Node.around(Node.java:138)
2026-04-19T23:18:55.4864880Z 	at org.junit.platform.engine.support.hierarchical.NodeTestTask.lambda$executeRecursively$0(NodeTestTask.java:164)
2026-04-19T23:18:55.4865530Z 	at org.junit.platform.engine.support.hierarchical.ThrowableCollector.execute(ThrowableCollector.java:74)
2026-04-19T23:18:55.4866160Z 	at org.junit.platform.engine.support.hierarchical.NodeTestTask.executeRecursively(NodeTestTask.java:163)
2026-04-19T23:18:55.4866760Z 	at org.junit.platform.engine.support.hierarchical.NodeTestTask.execute(NodeTestTask.java:116)
2026-04-19T23:18:55.4867340Z 	at java.base/java.util.ArrayList.forEach(ArrayList.java:1612)
2026-04-19T23:18:55.4868010Z 	at org.junit.platform.engine.support.hierarchical.SameThreadHierarchicalTestExecutorService.invokeAll(SameThreadHierarchicalTestExecutorService.java:42)
2026-04-19T23:18:55.4868840Z 	at org.junit.platform.engine.support.hierarchical.NodeTestTask.lambda$executeRecursively$2(NodeTestTask.java:180)
2026-04-19T23:18:55.4869470Z 	at org.junit.platform.engine.support.hierarchical.ThrowableCollector.execute(ThrowableCollector.java:74)
2026-04-19T23:18:55.4870110Z 	at org.junit.platform.engine.support.hierarchical.NodeTestTask.lambda$executeRecursively$1(NodeTestTask.java:166)
2026-04-19T23:18:55.4870670Z 	at org.junit.platform.engine.support.hierarchical.Node.around(Node.java:138)
2026-04-19T23:18:55.4872140Z 	at org.junit.platform.engine.support.hierarchical.NodeTestTask.lambda$executeRecursively$0(NodeTestTask.java:164)
2026-04-19T23:18:55.4872910Z 	at org.junit.platform.engine.support.hierarchical.ThrowableCollector.execute(ThrowableCollector.java:74)
2026-04-19T23:18:55.4873570Z 	at org.junit.platform.engine.support.hierarchical.NodeTestTask.executeRecursively(NodeTestTask.java:163)
2026-04-19T23:18:55.4874180Z 	at org.junit.platform.engine.support.hierarchical.NodeTestTask.execute(NodeTestTask.java:116)
2026-04-19T23:18:55.4874650Z 	at java.base/java.util.ArrayList.forEach(ArrayList.java:1612)
2026-04-19T23:18:55.4875330Z 	at org.junit.platform.engine.support.hierarchical.SameThreadHierarchicalTestExecutorService.invokeAll(SameThreadHierarchicalTestExecutorService.java:42)
2026-04-19T23:18:55.4876180Z 	at org.junit.platform.engine.support.hierarchical.NodeTestTask.lambda$executeRecursively$2(NodeTestTask.java:180)
2026-04-19T23:18:55.4876870Z 	at org.junit.platform.engine.support.hierarchical.ThrowableCollector.execute(ThrowableCollector.java:74)
2026-04-19T23:18:55.4877510Z 	at org.junit.platform.engine.support.hierarchical.NodeTestTask.lambda$executeRecursively$1(NodeTestTask.java:166)
2026-04-19T23:18:55.4878050Z 	at org.junit.platform.engine.support.hierarchical.Node.around(Node.java:138)
2026-04-19T23:18:55.4878600Z 	at org.junit.platform.engine.support.hierarchical.NodeTestTask.lambda$executeRecursively$0(NodeTestTask.java:164)
2026-04-19T23:18:55.4879240Z 	at org.junit.platform.engine.support.hierarchical.ThrowableCollector.execute(ThrowableCollector.java:74)
2026-04-19T23:18:55.4879880Z 	at org.junit.platform.engine.support.hierarchical.NodeTestTask.executeRecursively(NodeTestTask.java:163)
2026-04-19T23:18:55.4880480Z 	at org.junit.platform.engine.support.hierarchical.NodeTestTask.execute(NodeTestTask.java:116)
2026-04-19T23:18:55.4881240Z 	at org.junit.platform.engine.support.hierarchical.SameThreadHierarchicalTestExecutorService.submit(SameThreadHierarchicalTestExecutorService.java:36)
2026-04-19T23:18:55.4882120Z 	at org.junit.platform.engine.support.hierarchical.HierarchicalTestExecutor.execute(HierarchicalTestExecutor.java:52)
2026-04-19T23:18:55.4882860Z 	at org.junit.platform.engine.support.hierarchical.HierarchicalTestEngine.execute(HierarchicalTestEngine.java:58)
2026-04-19T23:18:55.4883580Z 	at org.junit.platform.launcher.core.EngineExecutionOrchestrator.executeEngine(EngineExecutionOrchestrator.java:246)
2026-04-19T23:18:55.4884340Z 	at org.junit.platform.launcher.core.EngineExecutionOrchestrator.failOrExecuteEngine(EngineExecutionOrchestrator.java:218)
2026-04-19T23:18:55.4885060Z 	at org.junit.platform.launcher.core.EngineExecutionOrchestrator.execute(EngineExecutionOrchestrator.java:179)
2026-04-19T23:18:55.4885740Z 	at org.junit.platform.launcher.core.EngineExecutionOrchestrator.execute(EngineExecutionOrchestrator.java:108)
2026-04-19T23:18:55.4886410Z 	at org.junit.platform.launcher.core.EngineExecutionOrchestrator.lambda$execute$0(EngineExecutionOrchestrator.java:66)
2026-04-19T23:18:55.4887180Z 	at org.junit.platform.launcher.core.EngineExecutionOrchestrator.withInterceptedStreams(EngineExecutionOrchestrator.java:157)
2026-04-19T23:18:55.4888480Z 	at org.junit.platform.launcher.core.EngineExecutionOrchestrator.execute(EngineExecutionOrchestrator.java:65)
2026-04-19T23:18:55.4889190Z 	at org.junit.platform.launcher.core.DefaultLauncher.execute(DefaultLauncher.java:125)
2026-04-19T23:18:55.4889710Z 	at org.junit.platform.launcher.core.DefaultLauncher.execute(DefaultLauncher.java:114)
2026-04-19T23:18:55.4890240Z 	at org.junit.platform.launcher.core.DelegatingLauncher.execute(DelegatingLauncher.java:58)
2026-04-19T23:18:55.4890810Z 	at org.junit.platform.launcher.core.InterceptingLauncher.lambda$execute$2(InterceptingLauncher.java:57)
2026-04-19T23:18:55.4891600Z 	at org.junit.platform.launcher.core.ClasspathAlignmentCheckingLauncherInterceptor.intercept(ClasspathAlignmentCheckingLauncherInterceptor.java:25)
2026-04-19T23:18:55.4892600Z 	at org.junit.platform.launcher.core.InterceptingLauncher.execute(InterceptingLauncher.java:56)
2026-04-19T23:18:55.4893150Z 	at org.junit.platform.launcher.core.DelegatingLauncher.execute(DelegatingLauncher.java:58)
2026-04-19T23:18:55.4893730Z 	at java.base/jdk.internal.reflect.DirectMethodHandleAccessor.invoke(DirectMethodHandleAccessor.java:104)
2026-04-19T23:18:55.4894210Z 	at java.base/java.lang.reflect.Method.invoke(Method.java:565)
2026-04-19T23:18:55.4894680Z 	at org.apache.maven.surefire.api.util.ReflectionUtils.invokeMethodWithArray(ReflectionUtils.java:125)
2026-04-19T23:18:55.4895330Z 	at org.apache.maven.surefire.junitplatform.LauncherAdapter.executeWithCancellationToken(LauncherAdapter.java:68)
2026-04-19T23:18:55.4895950Z 	at org.apache.maven.surefire.junitplatform.LauncherAdapter.execute(LauncherAdapter.java:54)
2026-04-19T23:18:55.4896520Z 	at org.apache.maven.surefire.junitplatform.JUnitPlatformProvider.execute(JUnitPlatformProvider.java:203)
2026-04-19T23:18:55.4897180Z 	at org.apache.maven.surefire.junitplatform.JUnitPlatformProvider.invokeAllTests(JUnitPlatformProvider.java:168)
2026-04-19T23:18:55.4897820Z 	at org.apache.maven.surefire.junitplatform.JUnitPlatformProvider.invoke(JUnitPlatformProvider.java:136)
2026-04-19T23:18:55.4898400Z 	at org.apache.maven.surefire.booter.ForkedBooter.runSuitesInProcess(ForkedBooter.java:385)
2026-04-19T23:18:55.4900090Z 	at org.apache.maven.surefire.booter.ForkedBooter.execute(ForkedBooter.java:162)
2026-04-19T23:18:55.4900600Z 	at org.apache.maven.surefire.booter.ForkedBooter.run(ForkedBooter.java:507)
2026-04-19T23:18:55.4901020Z 	at org.apache.maven.surefire.booter.ForkedBooter.main(ForkedBooter.java:495)
2026-04-19T23:18:55.4901300Z 
2026-04-19T23:18:55.4901460Z [INFO] Running org.openpdf.text.pdf.fonts.AdvanceTypographyTest
2026-04-19T23:18:55.4902020Z [WARNING] Tests run: 4, Failures: 0, Errors: 0, Skipped: 1, Time elapsed: 0.015 s -- in org.openpdf.text.pdf.fonts.AdvanceTypographyTest
2026-04-19T23:18:55.4902500Z [INFO] Running org.openpdf.text.pdf.PdfDocumentTest
2026-04-19T23:18:55.4902940Z [INFO] Tests run: 6, Failures: 0, Errors: 0, Skipped: 0, Time elapsed: 0.002 s -- in org.openpdf.text.pdf.PdfDocumentTest
2026-04-19T23:18:55.4903390Z [INFO] Running org.openpdf.text.pdf.PdfAConformanceTest
2026-04-19T23:18:55.4903860Z [INFO] Tests run: 21, Failures: 0, Errors: 0, Skipped: 0, Time elapsed: 0.015 s -- in org.openpdf.text.pdf.PdfAConformanceTest
2026-04-19T23:18:55.4904340Z [INFO] Running org.openpdf.text.pdf.sign.ExtractCertificatesTest
2026-04-19T23:18:55.6658610Z pdf name: src/test/resources/sample_signed-sha1.pdf
2026-04-19T23:18:56.9873450Z Certificates verified against the KeyStore
2026-04-19T23:18:57.1132850Z Certificate failed: Cannot be verified against the KeyStore or the certificate chain
2026-04-19T23:18:57.1133460Z pdf name: src/test/resources/pdf_digital_signature_timestamp.pdf
2026-04-19T23:18:57.1368830Z pdf name: src/test/resources/sample_signed-sha512.pdf
2026-04-19T23:18:57.1469480Z Certificates verified against the KeyStore
2026-04-19T23:18:57.1470260Z [INFO] Tests run: 3, Failures: 0, Errors: 0, Skipped: 0, Time elapsed: 1.688 s -- in org.openpdf.text.pdf.sign.ExtractCertificatesTest
2026-04-19T23:18:57.1471090Z [INFO] Running org.openpdf.text.pdf.metadata.ProducerTest
2026-04-19T23:18:57.1474740Z [INFO] Tests run: 2, Failures: 0, Errors: 0, Skipped: 0, Time elapsed: 0.005 s -- in org.openpdf.text.pdf.metadata.ProducerTest
2026-04-19T23:18:57.1475890Z [INFO] Running org.openpdf.text.pdf.metadata.CleanMetaDataTest
2026-04-19T23:18:57.1599240Z [INFO] Tests run: 11, Failures: 0, Errors: 0, Skipped: 0, Time elapsed: 0.015 s -- in org.openpdf.text.pdf.metadata.CleanMetaDataTest
2026-04-19T23:18:57.1652370Z [INFO] Running org.openpdf.text.pdf.SingleParagraphTest
2026-04-19T23:18:57.1666940Z [INFO] Tests run: 1, Failures: 0, Errors: 0, Skipped: 0, Time elapsed: 0.003 s -- in org.openpdf.text.pdf.SingleParagraphTest
2026-04-19T23:18:57.1668350Z [INFO] Running org.openpdf.text.pdf.ColumnTextFirstLineBaselineTest
2026-04-19T23:18:57.1753280Z [INFO] Tests run: 8, Failures: 0, Errors: 0, Skipped: 0, Time elapsed: 0.009 s -- in org.openpdf.text.pdf.ColumnTextFirstLineBaselineTest
2026-04-19T23:18:57.1760750Z [INFO] Running org.openpdf.text.pdf.GlyphListTest
2026-04-19T23:18:57.1761390Z [INFO] Tests run: 1, Failures: 0, Errors: 0, Skipped: 0, Time elapsed: 0.001 s -- in org.openpdf.text.pdf.GlyphListTest
2026-04-19T23:18:57.1771220Z [INFO] Running org.openpdf.text.pdf.ProcSetTest
2026-04-19T23:18:57.1773180Z [INFO] Tests run: 1, Failures: 0, Errors: 0, Skipped: 0, Time elapsed: 0.001 s -- in org.openpdf.text.pdf.ProcSetTest
2026-04-19T23:18:57.1773750Z [INFO] Running org.openpdf.text.html.EmbeddedImageTest
2026-04-19T23:18:57.1868030Z [INFO] Tests run: 1, Failures: 0, Errors: 0, Skipped: 0, Time elapsed: 0.011 s -- in org.openpdf.text.html.EmbeddedImageTest
2026-04-19T23:18:57.1868750Z [INFO] Running org.openpdf.text.html.SAXmyHtmlHandlerTest
2026-04-19T23:18:57.1993250Z [INFO] Tests run: 2, Failures: 0, Errors: 0, Skipped: 0, Time elapsed: 0.009 s -- in org.openpdf.text.html.SAXmyHtmlHandlerTest
2026-04-19T23:18:57.2132350Z [INFO] Running org.openpdf.text.html.StylesTest
2026-04-19T23:18:57.2241740Z [INFO] Tests run: 4, Failures: 0, Errors: 0, Skipped: 0, Time elapsed: 0.011 s -- in org.openpdf.text.html.StylesTest
2026-04-19T23:18:57.2369920Z [INFO] Running org.openpdf.text.html.simpleparser.FactoryPropertiesTest
2026-04-19T23:18:57.2472430Z [INFO] Tests run: 1, Failures: 0, Errors: 0, Skipped: 0, Time elapsed: 0 s -- in org.openpdf.text.html.simpleparser.FactoryPropertiesTest
2026-04-19T23:18:57.2578930Z [INFO] Running org.openpdf.text.html.HTMLTableTest
2026-04-19T23:18:57.2687560Z [INFO] Tests run: 2, Failures: 0, Errors: 0, Skipped: 0, Time elapsed: 0.005 s -- in org.openpdf.text.html.HTMLTableTest
2026-04-19T23:18:57.2788980Z [INFO] Running org.openpdf.text.html.HtmlParserTest
2026-04-19T23:18:57.9385100Z [INFO] Tests run: 497, Failures: 0, Errors: 0, Skipped: 0, Time elapsed: 0.710 s -- in org.openpdf.text.html.HtmlParserTest
2026-04-19T23:18:57.9402690Z [INFO] Running org.openpdf.text.html.WebColorsTest
2026-04-19T23:18:57.9403440Z [INFO] Tests run: 16, Failures: 0, Errors: 0, Skipped: 0, Time elapsed: 0.008 s -- in org.openpdf.text.html.WebColorsTest
2026-04-19T23:18:57.9460560Z [INFO] Running org.openpdf.text.StandardFontsTest
2026-04-19T23:18:57.9622530Z [INFO] Tests run: 3, Failures: 0, Errors: 0, Skipped: 0, Time elapsed: 0.028 s -- in org.openpdf.text.StandardFontsTest
2026-04-19T23:18:57.9626400Z [INFO] Running org.openpdf.text.xml.simpleparser.SimpleXMLParserTest
2026-04-19T23:18:57.9713320Z [INFO] Tests run: 2, Failures: 0, Errors: 0, Skipped: 0, Time elapsed: 0.005 s -- in org.openpdf.text.xml.simpleparser.SimpleXMLParserTest
2026-04-19T23:18:57.9816320Z [INFO] Running org.openpdf.text.error_messages.MessageLocalizationTest
2026-04-19T23:18:58.2695290Z [INFO] Tests run: 408, Failures: 0, Errors: 0, Skipped: 0, Time elapsed: 0.278 s -- in org.openpdf.text.error_messages.MessageLocalizationTest
2026-04-19T23:18:58.2821180Z [INFO] Running org.openpdf.text.error_messages.MessageLocalizationNlTest
2026-04-19T23:18:58.3480820Z [INFO] Tests run: 408, Failures: 0, Errors: 0, Skipped: 0, Time elapsed: 0.084 s -- in org.openpdf.text.error_messages.MessageLocalizationNlTest
2026-04-19T23:18:58.3597290Z [INFO] Running org.openpdf.text.error_messages.MessageLocalizationPtTest
2026-04-19T23:18:58.4355530Z [INFO] Tests run: 408, Failures: 0, Errors: 0, Skipped: 0, Time elapsed: 0.088 s -- in org.openpdf.text.error_messages.MessageLocalizationPtTest
2026-04-19T23:18:58.4457020Z [INFO] Running org.openpdf.text.FooterTableTest
2026-04-19T23:18:58.4559260Z [INFO] Tests run: 1, Failures: 0, Errors: 0, Skipped: 0, Time elapsed: 0.025 s -- in org.openpdf.text.FooterTableTest
2026-04-19T23:18:58.4660660Z [INFO] Running org.openpdf.text.PhraseTest
2026-04-19T23:18:58.4762250Z [INFO] Tests run: 1, Failures: 0, Errors: 0, Skipped: 0, Time elapsed: 0.006 s -- in org.openpdf.text.PhraseTest
2026-04-19T23:18:58.4862610Z [INFO] Running org.openpdf.text.Pdf20ExamplesConformanceTest
2026-04-19T23:18:58.4964100Z [INFO] Tests run: 5, Failures: 0, Errors: 0, Skipped: 0, Time elapsed: 0.007 s -- in org.openpdf.text.Pdf20ExamplesConformanceTest
2026-04-19T23:18:58.5064390Z [INFO] Running org.openpdf.text.factories.GreekAlphabetFactoryTest
2026-04-19T23:18:58.5167640Z [INFO] Tests run: 1, Failures: 0, Errors: 0, Skipped: 0, Time elapsed: 0.002 s -- in org.openpdf.text.factories.GreekAlphabetFactoryTest
2026-04-19T23:18:58.5269000Z [INFO] Running org.openpdf.text.factories.RomanNumberFactoryTest
2026-04-19T23:18:58.5408460Z [INFO] Tests run: 23, Failures: 0, Errors: 0, Skipped: 0, Time elapsed: 0.010 s -- in org.openpdf.text.factories.RomanNumberFactoryTest
2026-04-19T23:18:58.5510610Z [INFO] Running org.openpdf.text.factories.RomanAlphabetFactoryTest
2026-04-19T23:18:58.5613040Z [INFO] Tests run: 1, Failures: 0, Errors: 0, Skipped: 0, Time elapsed: 0.004 s -- in org.openpdf.text.factories.RomanAlphabetFactoryTest
2026-04-19T23:18:58.5714550Z [INFO] Running org.openpdf.text.OpenPdfVersionTest
2026-04-19T23:18:58.5815940Z CREATED in-memory 1.2                | header=1.2  | reader=1.2 | pages=1
2026-04-19T23:18:58.5917460Z CREATED file:doc-1_2.pdf             | header=1.2  | reader=1.2 | pages=1
2026-04-19T23:18:58.6019670Z CREATED in-memory 1.3                | header=1.3  | reader=1.3 | pages=1
2026-04-19T23:18:58.6122280Z CREATED file:doc-1_3.pdf             | header=1.3  | reader=1.3 | pages=1
2026-04-19T23:18:58.6223600Z CREATED in-memory 1.4                | header=1.4  | reader=1.4 | pages=1
2026-04-19T23:18:58.6324070Z CREATED file:doc-1_4.pdf             | header=1.4  | reader=1.4 | pages=1
2026-04-19T23:18:58.6425390Z CREATED in-memory 1.5                | header=1.5  | reader=1.5 | pages=1
2026-04-19T23:18:58.6525760Z CREATED file:doc-1_5.pdf             | header=1.5  | reader=1.5 | pages=1
2026-04-19T23:18:58.6626910Z CREATED in-memory 1.6                | header=1.6  | reader=1.6 | pages=1
2026-04-19T23:18:58.6727370Z CREATED file:doc-1_6.pdf             | header=1.6  | reader=1.6 | pages=1
2026-04-19T23:18:58.6828510Z CREATED in-memory 1.7                | header=1.7  | reader=1.7 | pages=1
2026-04-19T23:18:58.6929190Z CREATED file:doc-1_7.pdf             | header=1.7  | reader=1.7 | pages=1
2026-04-19T23:18:58.7029580Z CREATED in-memory 2.0                | header=2.0  | reader=2.0 | pages=1
2026-04-19T23:18:58.7130830Z CREATED file:doc-2_0.pdf             | header=2.0  | reader=2.0 | pages=1
2026-04-19T23:18:58.7231360Z CREATED in-memory (default)          | header=2.0  | reader=2.0 | pages=1
2026-04-19T23:18:58.7332430Z CREATED file:default.pdf             | header=2.0  | reader=2.0 | pages=1
2026-04-19T23:18:58.7433170Z PdfWriter#setPdfVersion(char) not present; skipping legacy-char test.
2026-04-19T23:18:58.7533340Z PDF EmptyPage.pdf                       | header=1.6  | reader=1.6 | pages=1
2026-04-19T23:18:58.7634070Z PDF HelloWorldMeta.pdf                  | header=1.4  | reader=1.4 | pages=1
2026-04-19T23:18:58.7734710Z PDF OutlineUriActionWithNoTitle.pdf     | header=1.5  | reader=1.5 | pages=1
2026-04-19T23:18:58.7835030Z PDF SimulatedBoldAndStrokeWidth.pdf     | header=1.5  | reader=1.5 | pages=1
2026-04-19T23:18:58.7935730Z PDF barcode_macro_pdf_417.pdf           | header=1.5  | reader=1.5 | pages=1
2026-04-19T23:18:58.8036710Z PDF encodingTest.pdf                    | header=1.5  | reader=1.5 | pages=1
2026-04-19T23:18:58.8136910Z PDF identity-h.pdf                      | header=1.5  | reader=1.5 | pages=1
2026-04-19T23:18:58.8237980Z PDF merge-acroforms.pdf                 | header=1.4  | reader=1.4 | pages=16
2026-04-19T23:18:58.8348440Z PDF objectXref.pdf                      | header=1.6  | reader=1.6 | pages=1
2026-04-19T23:18:58.8451320Z PDF open_protected.pdf                  | header=1.6  | reader=(failed to open: BadPasswordException)
2026-04-19T23:18:58.8552950Z PDF openpdf_bug_test.pdf                | header=1.5  | reader=1.5 | pages=2
2026-04-19T23:18:58.8654510Z PDF pades_infinite_loop.pdf             | header=1.5  | reader=1.5 | pages=1
2026-04-19T23:18:58.8762520Z PDF pades_opposite_infinite_loop.pdf    | header=1.5  | reader=1.5 | pages=1
2026-04-19T23:18:58.8868980Z PDF pdf_digital_signature_timestamp.pdf | header=1.4  | reader=1.4 | pages=1
2026-04-19T23:18:58.8973630Z WARNING: Final field flavour in class org.verapdf.pdfa.validation.profiles.ValidationProfileImpl has been mutated reflectively by class com.sun.xml.bind.v2.runtime.reflect.Accessor$FieldReflection in unnamed module @8c3b9d (file:/Users/runner/.m2/repository/com/sun/xml/bind/jaxb-impl/2.3.2/jaxb-impl-2.3.2.jar)
2026-04-19T23:18:58.8974990Z PDF pdf_form_metadata_issue_254.pdf     | header=1.4  | reader=1.4 | pages=1
2026-04-19T23:18:58.9077390Z WARNING: Use --enable-final-field-mutation=ALL-UNNAMED to avoid a warning
2026-04-19T23:18:58.9077850Z PDF pdfsmartcopy_bec.pdf                | header=1.6  | reader=1.6 | pages=3
2026-04-19T23:18:58.9199750Z WARNING: Mutating final fields will be blocked in a future release unless final field mutation is enabled
2026-04-19T23:18:58.9200310Z PDF sample_signed-sha1.pdf              | header=1.7  | reader=1.7 | pages=1
2026-04-19T23:18:58.9335200Z PDF sample_signed-sha512.pdf            | header=1.7  | reader=1.7 | pages=1
2026-04-19T23:18:58.9436420Z PDF siwa.pdf                            | header=1.4  | reader=1.4 | pages=1
2026-04-19T23:18:58.9537700Z [INFO] Tests run: 10, Failures: 0, Errors: 0, Skipped: 0, Time elapsed: 0.059 s -- in org.openpdf.text.OpenPdfVersionTest
2026-04-19T23:18:58.9538300Z [INFO] Running org.openpdf.text.DocumentTest
2026-04-19T23:18:58.9639380Z [INFO] Tests run: 4, Failures: 0, Errors: 0, Skipped: 0, Time elapsed: 0.005 s -- in org.openpdf.text.DocumentTest
2026-04-19T23:18:58.9739870Z [INFO] Running org.openpdf.text.FooterImageTest
2026-04-19T23:18:58.9840830Z [INFO] Tests run: 5, Failures: 0, Errors: 0, Skipped: 0, Time elapsed: 0.021 s -- in org.openpdf.text.FooterImageTest
2026-04-19T23:18:58.9941270Z [INFO] Running org.openpdf.text.Pdf20FeatureWriteAndVerifyTest
2026-04-19T23:18:59.0152410Z Wrote: /Users/runner/work/OpenPDF/OpenPDF/openpdf-core/target/pdf20-tests/pdf20-features.pdf
2026-04-19T23:18:59.0253020Z Wrote: /Users/runner/work/OpenPDF/OpenPDF/openpdf-core/target/pdf20-tests/pdf20-features-lang-override.pdf
2026-04-19T23:18:59.0354420Z Output directory: /Users/runner/work/OpenPDF/OpenPDF/openpdf-core/target/pdf20-tests
2026-04-19T23:18:59.0455810Z Done. Files are NOT deleted.
2026-04-19T23:18:59.0559820Z [INFO] Tests run: 1, Failures: 0, Errors: 0, Skipped: 0, Time elapsed: 0.022 s -- in org.openpdf.text.Pdf20FeatureWriteAndVerifyTest
2026-04-19T23:18:59.0663370Z [INFO] Running org.openpdf.text.ImageTest
2026-04-19T23:18:59.0781990Z [INFO] Tests run: 11, Failures: 0, Errors: 0, Skipped: 0, Time elapsed: 0.216 s -- in org.openpdf.text.ImageTest
2026-04-19T23:18:59.0886180Z [INFO] Running org.openpdf.text.validation.PDFValidationTest
2026-04-19T23:18:59.4862540Z The PDF is compliant with the selected PDF/A standard.
2026-04-19T23:18:59.4985530Z The PDF is compliant with the selected PDF/A standard.
2026-04-19T23:18:59.5120150Z The PDF is compliant with the selected PDF/A standard.
2026-04-19T23:18:59.5121380Z [INFO] Tests run: 3, Failures: 0, Errors: 0, Skipped: 0, Time elapsed: 0.707 s -- in org.openpdf.text.validation.PDFValidationTest
2026-04-19T23:18:59.5122370Z [INFO] Running org.openpdf.text.ParagraphTest
2026-04-19T23:18:59.5122900Z [INFO] Tests run: 1, Failures: 0, Errors: 0, Skipped: 0, Time elapsed: 0.001 s -- in org.openpdf.text.ParagraphTest
2026-04-19T23:18:59.5123580Z [INFO] Running org.librepdf.openpdf.independent.NumberOfPagesTest
2026-04-19T23:18:59.5124310Z [INFO] Tests run: 1, Failures: 0, Errors: 0, Skipped: 0, Time elapsed: 0.001 s -- in org.librepdf.openpdf.independent.NumberOfPagesTest
2026-04-19T23:18:59.8803650Z [INFO] 
2026-04-19T23:18:59.8907020Z [INFO] Results:
2026-04-19T23:18:59.9010040Z [INFO] 
2026-04-19T23:18:59.9122080Z [ERROR] Errors: 
2026-04-19T23:18:59.9228780Z [ERROR]   FontTest.testFontStyleOfStyledFont(int)[2] » ExceptionConverter Table 'OS/2' does not exist in /System/Library/Fonts/Courier.ttc
2026-04-19T23:18:59.9330240Z [ERROR]   FontTest.testFontStyleOfStyledFont(int)[3] » ExceptionConverter Table 'OS/2' does not exist in /System/Library/Fonts/Courier.ttc
2026-04-19T23:18:59.9430660Z [ERROR]   FontTest.testFontStyleOfStyledFont(int)[6] » ExceptionConverter Table 'OS/2' does not exist in /System/Library/Fonts/Courier.ttc
2026-04-19T23:18:59.9532070Z [INFO] 
2026-04-19T23:18:59.9542490Z [ERROR] Tests run: 2073, Failures: 0, Errors: 3, Skipped: 3
2026-04-19T23:18:59.9544230Z [INFO] 
2026-04-19T23:18:59.9544640Z [INFO] ------------------------------------------------------------------------
2026-04-19T23:18:59.9546790Z [INFO] Reactor Summary for OpenPDF - Free and Open PDF 3.0.4-SNAPSHOT:
2026-04-19T23:18:59.9547200Z [INFO] 
2026-04-19T23:18:59.9547660Z [INFO] OpenPDF - Free and Open PDF ........................ SUCCESS [  1.516 s]
2026-04-19T23:18:59.9548260Z [INFO] OpenPDF core modern ................................ FAILURE [ 27.314 s]
2026-04-19T23:18:59.9549750Z [INFO] OpenPDF Swing ...................................... SKIPPED
2026-04-19T23:18:59.9550170Z [INFO] OpenPDF Toolbox .................................... SKIPPED
2026-04-19T23:18:59.9550760Z [INFO] OpenPDF Fonts Extras ............................... SKIPPED
2026-04-19T23:18:59.9551230Z [INFO] openpdf-html HTML to PDF renderer .................. SKIPPED
2026-04-19T23:18:59.9551900Z [INFO] OpenPDF Kotlin ..................................... SKIPPED
2026-04-19T23:18:59.9552830Z [INFO] OpenPDF Renderer ................................... SKIPPED
2026-04-19T23:18:59.9553210Z [INFO] ------------------------------------------------------------------------
2026-04-19T23:18:59.9553530Z [INFO] BUILD FAILURE
2026-04-19T23:18:59.9553850Z [INFO] ------------------------------------------------------------------------
2026-04-19T23:18:59.9554110Z [INFO] Total time:  34.520 s
2026-04-19T23:18:59.9556330Z [INFO] Finished at: 2026-04-19T23:18:59Z
2026-04-19T23:18:59.9557330Z [INFO] ------------------------------------------------------------------------
2026-04-19T23:18:59.9561530Z [ERROR] Failed to execute goal org.apache.maven.plugins:maven-surefire-plugin:3.5.5:test (default-test) on project openpdf: 
2026-04-19T23:18:59.9563330Z [ERROR] 
2026-04-19T23:18:59.9563760Z [ERROR] See /Users/runner/work/OpenPDF/OpenPDF/openpdf-core/target/surefire-reports for the individual test results.
2026-04-19T23:18:59.9570780Z [ERROR] See dump files (if any exist) [date].dump, [date]-jvmRun[N].dump and [date].dumpstream.
2026-04-19T23:18:59.9571180Z [ERROR] -> [Help 1]
2026-04-19T23:18:59.9571310Z [ERROR] 
2026-04-19T23:18:59.9571720Z [ERROR] To see the full stack trace of the errors, re-run Maven with the -e switch.
2026-04-19T23:18:59.9572110Z [ERROR] Re-run Maven using the -X switch to enable full debug logging.
2026-04-19T23:18:59.9572460Z [ERROR] 
2026-04-19T23:18:59.9572820Z [ERROR] For more information about the errors and possible solutions, please read the following articles:
2026-04-19T23:18:59.9573400Z [ERROR] [Help 1] http://cwiki.apache.org/confluence/display/MAVEN/MojoFailureException
2026-04-19T23:18:59.9573800Z [ERROR] 
2026-04-19T23:18:59.9574080Z [ERROR] After correcting the problems, you can resume the build with the command
2026-04-19T23:18:59.9574840Z [ERROR]   mvn <args> -rf :openpdf
2026-04-19T23:18:59.9600090Z ##[error]Process completed with exit code 1.
2026-04-19T23:18:59.9787210Z Post job cleanup.
2026-04-19T23:19:00.4461200Z Post job cleanup.
2026-04-19T23:19:00.8148180Z [command]/opt/homebrew/bin/git version
2026-04-19T23:19:00.8370880Z git version 2.53.0
2026-04-19T23:19:00.8389990Z Copying '/Users/runner/.gitconfig' to '/Users/runner/work/_temp/94381c38-9c68-49bb-b0d3-9a5af5a2de41/.gitconfig'
2026-04-19T23:19:00.8396140Z Temporarily overriding HOME='/Users/runner/work/_temp/94381c38-9c68-49bb-b0d3-9a5af5a2de41' before making global git config changes
2026-04-19T23:19:00.8396820Z Adding repository directory to the temporary git global config as a safe directory
2026-04-19T23:19:00.8399970Z [command]/opt/homebrew/bin/git config --global --add safe.directory /Users/runner/work/OpenPDF/OpenPDF
2026-04-19T23:19:00.8496190Z [command]/opt/homebrew/bin/git config --local --name-only --get-regexp core\.sshCommand
2026-04-19T23:19:00.8549170Z [command]/opt/homebrew/bin/git submodule foreach --recursive sh -c "git config --local --name-only --get-regexp 'core\.sshCommand' && git config --local --unset-all 'core.sshCommand' || :"
2026-04-19T23:19:00.9322590Z [command]/opt/homebrew/bin/git config --local --name-only --get-regexp http\.https\:\/\/github\.com\/\.extraheader
2026-04-19T23:19:00.9365870Z http.https://github.com/.extraheader
2026-04-19T23:19:00.9371010Z [command]/opt/homebrew/bin/git config --local --unset-all http.https://github.com/.extraheader
2026-04-19T23:19:00.9424860Z [command]/opt/homebrew/bin/git submodule foreach --recursive sh -c "git config --local --name-only --get-regexp 'http\.https\:\/\/github\.com\/\.extraheader' && git config --local --unset-all 'http.https://github.com/.extraheader' || :"
2026-04-19T23:19:01.1227790Z [command]/opt/homebrew/bin/git config --local --name-only --get-regexp ^includeIf\.gitdir:
2026-04-19T23:19:01.1322550Z [command]/opt/homebrew/bin/git submodule foreach --recursive git config --local --show-origin --name-only --get-regexp remote.origin.url
2026-04-19T23:19:01.2230500Z Cleaning up orphan processes
2026-04-19T23:19:01.7404460Z ##[warning]Node.js 20 actions are deprecated. The following actions are running on Node.js 20 and may not work as expected: actions/setup-java@v4. Actions will be forced to run with Node.js 24 by default starting June 2nd, 2026. Node.js 20 will be removed from the runner on September 16th, 2026. Please check if updated versions of these actions are available that support Node.js 24. To opt into Node.js 24 now, set the FORCE_JAVASCRIPT_ACTIONS_TO_NODE24=true environment variable on the runner or in your workflow file. Once Node.js 24 becomes the default, you can temporarily opt out by setting ACTIONS_ALLOW_USE_UNSECURE_NODE_VERSION=true. For more information see: https://github.blog/changelog/2025-09-19-deprecation-of-node-20-on-github-actions-runners/
