ï»¿2026-04-19T22:07:31.6317980Z Current runner version: '2.333.1'
2026-04-19T22:07:31.6331710Z ##[group]Runner Image Provisioner
2026-04-19T22:07:31.6332170Z Hosted Compute Agent
2026-04-19T22:07:31.6332510Z Version: 20260415.520
2026-04-19T22:07:31.6332870Z Commit: af089020f5f67b61ccc91db6c07980876c02bf7b
2026-04-19T22:07:31.6333290Z Build Date: 2026-04-15T18:07:08Z
2026-04-19T22:07:31.6333680Z Worker ID: {06d25c17-bc86-4de3-80a4-e7700fe217ba}
2026-04-19T22:07:31.6334100Z Azure Region: westus
2026-04-19T22:07:31.6334420Z ##[endgroup]
2026-04-19T22:07:31.6335190Z ##[group]Operating System
2026-04-19T22:07:31.6335540Z macOS
2026-04-19T22:07:31.6335800Z 15.7.4
2026-04-19T22:07:31.6336060Z 24G517
2026-04-19T22:07:31.6336330Z ##[endgroup]
2026-04-19T22:07:31.6336620Z ##[group]Runner Image
2026-04-19T22:07:31.6336930Z Image: macos-15-arm64
2026-04-19T22:07:31.6337240Z Version: 20260414.0270.1
2026-04-19T22:07:31.6337970Z Included Software: https://github.com/actions/runner-images/blob/macos-15-arm64/20260414.0270/images/macos/macos-15-arm64-Readme.md
2026-04-19T22:07:31.6338910Z Image Release: https://github.com/actions/runner-images/releases/tag/macos-15-arm64%2F20260414.0270
2026-04-19T22:07:31.6339490Z ##[endgroup]
2026-04-19T22:07:31.6340080Z ##[group]GITHUB_TOKEN Permissions
2026-04-19T22:07:31.6341010Z Contents: read
2026-04-19T22:07:31.6341310Z Metadata: read
2026-04-19T22:07:31.6341600Z ##[endgroup]
2026-04-19T22:07:31.6342940Z Secret source: Actions
2026-04-19T22:07:31.6343320Z Prepare workflow directory
2026-04-19T22:07:31.6560770Z Prepare all required actions
2026-04-19T22:07:31.6588230Z Getting action download info
2026-04-19T22:07:32.1211930Z Download action repository 'actions/checkout@v5' (SHA:93cb6efe18208431cddfb8368fd83d5badbf9bfd)
2026-04-19T22:07:32.4018760Z Download action repository 'actions/setup-java@v4' (SHA:c1e323688fd81a25caa38c78aa6df2d33d3e20d9)
2026-04-19T22:07:33.2482070Z Complete job name: Build with Java 25
2026-04-19T22:07:33.2882690Z ##[group]Run actions/checkout@v5
2026-04-19T22:07:33.2883280Z with:
2026-04-19T22:07:33.2883600Z   repository: sreeya12/OpenPDF
2026-04-19T22:07:33.2884150Z   token: ***
2026-04-19T22:07:33.2884420Z   ssh-strict: true
2026-04-19T22:07:33.2884700Z   ssh-user: git
2026-04-19T22:07:33.2884990Z   persist-credentials: true
2026-04-19T22:07:33.2885300Z   clean: true
2026-04-19T22:07:33.2885590Z   sparse-checkout-cone-mode: true
2026-04-19T22:07:33.2885930Z   fetch-depth: 1
2026-04-19T22:07:33.2886230Z   fetch-tags: false
2026-04-19T22:07:33.2886530Z   show-progress: true
2026-04-19T22:07:33.2886810Z   lfs: false
2026-04-19T22:07:33.2887080Z   submodules: false
2026-04-19T22:07:33.2887380Z   set-safe-directory: true
2026-04-19T22:07:33.2887910Z ##[endgroup]
2026-04-19T22:07:33.6035790Z Syncing repository: sreeya12/OpenPDF
2026-04-19T22:07:33.6037140Z ##[group]Getting Git version info
2026-04-19T22:07:33.6037610Z Working directory is '/Users/runner/work/OpenPDF/OpenPDF'
2026-04-19T22:07:33.6038440Z [command]/opt/homebrew/bin/git version
2026-04-19T22:07:33.6526080Z git version 2.53.0
2026-04-19T22:07:33.6536020Z ##[endgroup]
2026-04-19T22:07:33.6542150Z Copying '/Users/runner/.gitconfig' to '/Users/runner/work/_temp/37934f67-b41f-4c8a-906c-bfc22e309d38/.gitconfig'
2026-04-19T22:07:33.6548340Z Temporarily overriding HOME='/Users/runner/work/_temp/37934f67-b41f-4c8a-906c-bfc22e309d38' before making global git config changes
2026-04-19T22:07:33.6549270Z Adding repository directory to the temporary git global config as a safe directory
2026-04-19T22:07:33.6551450Z [command]/opt/homebrew/bin/git config --global --add safe.directory /Users/runner/work/OpenPDF/OpenPDF
2026-04-19T22:07:33.6641710Z Deleting the contents of '/Users/runner/work/OpenPDF/OpenPDF'
2026-04-19T22:07:33.6644040Z ##[group]Initializing the repository
2026-04-19T22:07:33.6648070Z [command]/opt/homebrew/bin/git init /Users/runner/work/OpenPDF/OpenPDF
2026-04-19T22:07:33.6855130Z hint: Using 'master' as the name for the initial branch. This default branch name
2026-04-19T22:07:33.6868590Z hint: will change to "main" in Git 3.0. To configure the initial branch name
2026-04-19T22:07:33.6871350Z hint: to use in all of your new repositories, which will suppress this warning,
2026-04-19T22:07:33.6872130Z hint: call:
2026-04-19T22:07:33.6872540Z hint:
2026-04-19T22:07:33.6872990Z hint: 	git config --global init.defaultBranch <name>
2026-04-19T22:07:33.6875380Z hint:
2026-04-19T22:07:33.6876140Z hint: Names commonly chosen instead of 'master' are 'main', 'trunk' and
2026-04-19T22:07:33.6881470Z hint: 'development'. The just-created branch can be renamed via this command:
2026-04-19T22:07:33.6882280Z hint:
2026-04-19T22:07:33.6882760Z hint: 	git branch -m <name>
2026-04-19T22:07:33.6883150Z hint:
2026-04-19T22:07:33.6883660Z hint: Disable this message with "git config set advice.defaultBranchName false"
2026-04-19T22:07:33.6884690Z Initialized empty Git repository in /Users/runner/work/OpenPDF/OpenPDF/.git/
2026-04-19T22:07:33.6886150Z [command]/opt/homebrew/bin/git remote add origin https://github.com/sreeya12/OpenPDF
2026-04-19T22:07:33.6945600Z ##[endgroup]
2026-04-19T22:07:33.6946310Z ##[group]Disabling automatic garbage collection
2026-04-19T22:07:33.6947950Z [command]/opt/homebrew/bin/git config --local gc.auto 0
2026-04-19T22:07:33.7006300Z ##[endgroup]
2026-04-19T22:07:33.7006880Z ##[group]Setting up auth
2026-04-19T22:07:33.7011080Z [command]/opt/homebrew/bin/git config --local --name-only --get-regexp core\.sshCommand
2026-04-19T22:07:33.7068020Z [command]/opt/homebrew/bin/git submodule foreach --recursive sh -c "git config --local --name-only --get-regexp 'core\.sshCommand' && git config --local --unset-all 'core.sshCommand' || :"
2026-04-19T22:07:33.9089980Z [command]/opt/homebrew/bin/git config --local --name-only --get-regexp http\.https\:\/\/github\.com\/\.extraheader
2026-04-19T22:07:33.9212310Z [command]/opt/homebrew/bin/git submodule foreach --recursive sh -c "git config --local --name-only --get-regexp 'http\.https\:\/\/github\.com\/\.extraheader' && git config --local --unset-all 'http.https://github.com/.extraheader' || :"
2026-04-19T22:07:33.9983200Z [command]/opt/homebrew/bin/git config --local --name-only --get-regexp ^includeIf\.gitdir:
2026-04-19T22:07:34.0039470Z [command]/opt/homebrew/bin/git submodule foreach --recursive git config --local --show-origin --name-only --get-regexp remote.origin.url
2026-04-19T22:07:34.1059140Z [command]/opt/homebrew/bin/git config --local http.https://github.com/.extraheader AUTHORIZATION: basic ***
2026-04-19T22:07:34.1150570Z ##[endgroup]
2026-04-19T22:07:34.1151370Z ##[group]Fetching the repository
2026-04-19T22:07:34.1152560Z [command]/opt/homebrew/bin/git -c protocol.version=2 fetch --no-tags --prune --no-recurse-submodules --depth=1 origin +eee1a711a909c9735988e1856f295a3f7293437d:refs/remotes/origin/os-expansion-experiment
2026-04-19T22:07:35.0567640Z From https://github.com/sreeya12/OpenPDF
2026-04-19T22:07:35.0569370Z  * [new ref]         eee1a711a909c9735988e1856f295a3f7293437d -> origin/os-expansion-experiment
2026-04-19T22:07:35.0679220Z ##[endgroup]
2026-04-19T22:07:35.0681680Z ##[group]Determining the checkout info
2026-04-19T22:07:35.0684440Z ##[endgroup]
2026-04-19T22:07:35.0686300Z [command]/opt/homebrew/bin/git sparse-checkout disable
2026-04-19T22:07:35.0804070Z [command]/opt/homebrew/bin/git config --local --unset-all extensions.worktreeConfig
2026-04-19T22:07:35.0901430Z ##[group]Checking out the ref
2026-04-19T22:07:35.0904870Z [command]/opt/homebrew/bin/git checkout --progress --force -B os-expansion-experiment refs/remotes/origin/os-expansion-experiment
2026-04-19T22:07:35.4133790Z Switched to a new branch 'os-expansion-experiment'
2026-04-19T22:07:35.4136170Z branch 'os-expansion-experiment' set up to track 'origin/os-expansion-experiment'.
2026-04-19T22:07:35.4141470Z ##[endgroup]
2026-04-19T22:07:35.4217060Z [command]/opt/homebrew/bin/git log -1 --format=%H
2026-04-19T22:07:35.4280030Z eee1a711a909c9735988e1856f295a3f7293437d
2026-04-19T22:07:35.4501760Z ##[group]Run actions/setup-java@v4
2026-04-19T22:07:35.4502100Z with:
2026-04-19T22:07:35.4502280Z   distribution: temurin
2026-04-19T22:07:35.4502790Z   java-version: 25
2026-04-19T22:07:35.4502950Z   java-package: jdk
2026-04-19T22:07:35.4503120Z   check-latest: false
2026-04-19T22:07:35.4503300Z   server-id: github
2026-04-19T22:07:35.4503490Z   server-username: GITHUB_ACTOR
2026-04-19T22:07:35.4503720Z   server-password: GITHUB_TOKEN
2026-04-19T22:07:35.4503940Z   overwrite-settings: true
2026-04-19T22:07:35.4504150Z   job-status: success
2026-04-19T22:07:35.4504480Z   token: ***
2026-04-19T22:07:35.4504640Z ##[endgroup]
2026-04-19T22:07:35.7777450Z ##[group]Installed distributions
2026-04-19T22:07:35.7829870Z Resolved Java 25.0.2+10.0 from tool-cache
2026-04-19T22:07:35.7830280Z Setting Java 25.0.2+10.0 as the default
2026-04-19T22:07:35.7854410Z Creating toolchains.xml for JDK version 25 from temurin
2026-04-19T22:07:35.7933690Z Writing to /Users/runner/.m2/toolchains.xml
2026-04-19T22:07:35.7934750Z 
2026-04-19T22:07:35.7935030Z Java configuration:
2026-04-19T22:07:35.7935290Z   Distribution: temurin
2026-04-19T22:07:35.7935550Z   Version: 25.0.2+10.0
2026-04-19T22:07:35.7936050Z   Path: /Users/runner/hostedtoolcache/Java_Temurin-Hotspot_jdk/25.0.2-10.0/arm64/Contents/Home
2026-04-19T22:07:35.7936470Z 
2026-04-19T22:07:35.7938260Z ##[endgroup]
2026-04-19T22:07:35.7954190Z Creating settings.xml with server-id: github
2026-04-19T22:07:35.7954580Z Writing to /Users/runner/.m2/settings.xml
2026-04-19T22:07:35.8560550Z ##[group]Run mvn -v
2026-04-19T22:07:35.8560900Z [36;1mmvn -v[0m
2026-04-19T22:07:35.8561080Z [36;1mecho "** ls **"[0m
2026-04-19T22:07:35.8561280Z [36;1mpwd && ls -l[0m
2026-04-19T22:07:35.8777960Z shell: /bin/bash -e {0}
2026-04-19T22:07:35.8778220Z env:
2026-04-19T22:07:35.8778600Z   JAVA_HOME: /Users/runner/hostedtoolcache/Java_Temurin-Hotspot_jdk/25.0.2-10.0/arm64/Contents/Home
2026-04-19T22:07:35.8779190Z   JAVA_HOME_25_ARM64: /Users/runner/hostedtoolcache/Java_Temurin-Hotspot_jdk/25.0.2-10.0/arm64/Contents/Home
2026-04-19T22:07:35.8779630Z ##[endgroup]
2026-04-19T22:07:36.5281260Z Apache Maven 3.9.14 (996c630dbc656c76214ce58821dcc58be960875b)
2026-04-19T22:07:36.5380910Z Maven home: /opt/homebrew/Cellar/maven/3.9.14/libexec
2026-04-19T22:07:36.5482790Z Java version: 25.0.2, vendor: Eclipse Adoptium, runtime: /Users/runner/hostedtoolcache/Java_Temurin-Hotspot_jdk/25.0.2-10.0/arm64/Contents/Home
2026-04-19T22:07:36.5584660Z Default locale: en_US, platform encoding: UTF-8
2026-04-19T22:07:36.5684650Z OS name: "mac os x", version: "15.7.4", arch: "aarch64", family: "mac"
2026-04-19T22:07:36.5786150Z ** ls **
2026-04-19T22:07:36.5798680Z /Users/runner/work/OpenPDF/OpenPDF
2026-04-19T22:07:36.5899730Z total 160
2026-04-19T22:07:36.6000280Z drwxr-xr-x  21 runner  staff    672 Apr 19 22:07 changelogs
2026-04-19T22:07:36.6102310Z -rw-r--r--   1 runner  staff  19184 Apr 19 22:07 checkstyle.xml
2026-04-19T22:07:36.6138970Z -rw-r--r--   1 runner  staff   3387 Apr 19 22:07 CODE_OF_CONDUCT.md
2026-04-19T22:07:36.6241670Z drwxr-xr-x   5 runner  staff    160 Apr 19 22:07 config
2026-04-19T22:07:36.6322170Z -rw-r--r--   1 runner  staff   3329 Apr 19 22:07 CONTRIBUTING.md
2026-04-19T22:07:36.6423690Z -rw-r--r--   1 runner  staff   5730 Apr 19 22:07 Contributors.md
2026-04-19T22:07:36.6520810Z -rwxr-xr-x   1 runner  staff   1905 Apr 19 22:07 createRelease.sh
2026-04-19T22:07:36.6593550Z -rw-r--r--   1 runner  staff    632 Apr 19 22:07 LICENSE.md
2026-04-19T22:07:36.6612120Z drwxr-xr-x   4 runner  staff    128 Apr 19 22:07 openpdf-core
2026-04-19T22:07:36.6664300Z drwxr-xr-x   4 runner  staff    128 Apr 19 22:07 openpdf-fonts-extra
2026-04-19T22:07:36.6712630Z drwxr-xr-x   6 runner  staff    192 Apr 19 22:07 openpdf-html
2026-04-19T22:07:36.6734360Z drwxr-xr-x   5 runner  staff    160 Apr 19 22:07 openpdf-kotlin
2026-04-19T22:07:36.6735850Z drwxr-xr-x   7 runner  staff    224 Apr 19 22:07 openpdf-renderer
2026-04-19T22:07:36.6736360Z drwxr-xr-x   4 runner  staff    128 Apr 19 22:07 pdf-swing
2026-04-19T22:07:36.6736800Z drwxr-xr-x   4 runner  staff    128 Apr 19 22:07 pdf-toolbox
2026-04-19T22:07:36.6737370Z -rw-r--r--   1 runner  staff  16662 Apr 19 22:07 pom.xml
2026-04-19T22:07:36.6738430Z -rw-r--r--   1 runner  staff  10453 Apr 19 22:07 README.md
2026-04-19T22:07:36.6738750Z -rw-r--r--   1 runner  staff   3599 Apr 19 22:07 Security.md
2026-04-19T22:07:36.6793340Z ##[group]Run mvn -B install --file pom.xml
2026-04-19T22:07:36.6793670Z [36;1mmvn -B install --file pom.xml[0m
2026-04-19T22:07:36.6837980Z shell: /bin/bash -e {0}
2026-04-19T22:07:36.6838190Z env:
2026-04-19T22:07:36.6838530Z   JAVA_HOME: /Users/runner/hostedtoolcache/Java_Temurin-Hotspot_jdk/25.0.2-10.0/arm64/Contents/Home
2026-04-19T22:07:36.6839120Z   JAVA_HOME_25_ARM64: /Users/runner/hostedtoolcache/Java_Temurin-Hotspot_jdk/25.0.2-10.0/arm64/Contents/Home
2026-04-19T22:07:36.6839500Z ##[endgroup]
2026-04-19T22:07:37.6357590Z [INFO] Scanning for projects...
2026-04-19T22:07:37.8636870Z [INFO] Downloading from central: https://repo.maven.apache.org/maven2/org/apache/felix/maven-bundle-plugin/6.0.2/maven-bundle-plugin-6.0.2.pom
2026-04-19T22:07:38.1107750Z [INFO] Downloaded from central: https://repo.maven.apache.org/maven2/org/apache/felix/maven-bundle-plugin/6.0.2/maven-bundle-plugin-6.0.2.pom (11 kB at 46 kB/s)
2026-04-19T22:07:38.1542040Z [INFO] Downloading from central: https://repo.maven.apache.org/maven2/org/apache/felix/felix-parent/9/felix-parent-9.pom
2026-04-19T22:07:38.1847650Z [INFO] Downloaded from central: https://repo.maven.apache.org/maven2/org/apache/felix/felix-parent/9/felix-parent-9.pom (21 kB at 938 kB/s)
2026-04-19T22:07:38.1948290Z [INFO] Downloading from central: https://repo.maven.apache.org/maven2/org/apache/apache/31/apache-31.pom
2026-04-19T22:07:38.2050000Z [INFO] Downloaded from central: https://repo.maven.apache.org/maven2/org/apache/apache/31/apache-31.pom (24 kB at 1.3 MB/s)
2026-04-19T22:07:38.2150480Z [INFO] Downloading from central: https://repo.maven.apache.org/maven2/org/osgi/org.osgi.core/6.0.0/org.osgi.core-6.0.0.pom
2026-04-19T22:07:38.2252110Z [INFO] Downloaded from central: https://repo.maven.apache.org/maven2/org/osgi/org.osgi.core/6.0.0/org.osgi.core-6.0.0.pom (1.1 kB at 58 kB/s)
2026-04-19T22:07:38.2301120Z [INFO] Downloading from central: https://repo.maven.apache.org/maven2/biz/aQute/bnd/biz.aQute.bndlib/7.0.0/biz.aQute.bndlib-7.0.0.pom
2026-04-19T22:07:38.2439830Z [INFO] Downloaded from central: https://repo.maven.apache.org/maven2/biz/aQute/bnd/biz.aQute.bndlib/7.0.0/biz.aQute.bndlib-7.0.0.pom (5.2 kB at 291 kB/s)
2026-04-19T22:07:38.2477860Z [INFO] Downloading from central: https://repo.maven.apache.org/maven2/org/osgi/org.osgi.dto/1.0.0/org.osgi.dto-1.0.0.pom
2026-04-19T22:07:38.2640770Z [INFO] Downloaded from central: https://repo.maven.apache.org/maven2/org/osgi/org.osgi.dto/1.0.0/org.osgi.dto-1.0.0.pom (1.3 kB at 79 kB/s)
2026-04-19T22:07:38.2665190Z [INFO] Downloading from central: https://repo.maven.apache.org/maven2/org/osgi/org.osgi.resource/1.0.0/org.osgi.resource-1.0.0.pom
2026-04-19T22:07:38.2856990Z [INFO] Downloaded from central: https://repo.maven.apache.org/maven2/org/osgi/org.osgi.resource/1.0.0/org.osgi.resource-1.0.0.pom (1.3 kB at 67 kB/s)
2026-04-19T22:07:38.2887070Z [INFO] Downloading from central: https://repo.maven.apache.org/maven2/org/osgi/org.osgi.framework/1.8.0/org.osgi.framework-1.8.0.pom
2026-04-19T22:07:38.3030070Z [INFO] Downloaded from central: https://repo.maven.apache.org/maven2/org/osgi/org.osgi.framework/1.8.0/org.osgi.framework-1.8.0.pom (1.3 kB at 85 kB/s)
2026-04-19T22:07:38.3054100Z [INFO] Downloading from central: https://repo.maven.apache.org/maven2/org/osgi/org.osgi.util.tracker/1.5.4/org.osgi.util.tracker-1.5.4.pom
2026-04-19T22:07:38.3231330Z [INFO] Downloaded from central: https://repo.maven.apache.org/maven2/org/osgi/org.osgi.util.tracker/1.5.4/org.osgi.util.tracker-1.5.4.pom (1.9 kB at 111 kB/s)
2026-04-19T22:07:38.3256630Z [INFO] Downloading from central: https://repo.maven.apache.org/maven2/org/osgi/osgi.annotation/8.0.1/osgi.annotation-8.0.1.pom
2026-04-19T22:07:38.3400930Z [INFO] Downloaded from central: https://repo.maven.apache.org/maven2/org/osgi/osgi.annotation/8.0.1/osgi.annotation-8.0.1.pom (1.5 kB at 106 kB/s)
2026-04-19T22:07:38.3424880Z [INFO] Downloading from central: https://repo.maven.apache.org/maven2/org/osgi/org.osgi.service.log/1.3.0/org.osgi.service.log-1.3.0.pom
2026-04-19T22:07:38.3632540Z [INFO] Downloaded from central: https://repo.maven.apache.org/maven2/org/osgi/org.osgi.service.log/1.3.0/org.osgi.service.log-1.3.0.pom (1.3 kB at 64 kB/s)
2026-04-19T22:07:38.3661480Z [INFO] Downloading from central: https://repo.maven.apache.org/maven2/org/osgi/org.osgi.service.repository/1.1.0/org.osgi.service.repository-1.1.0.pom
2026-04-19T22:07:38.3813790Z [INFO] Downloaded from central: https://repo.maven.apache.org/maven2/org/osgi/org.osgi.service.repository/1.1.0/org.osgi.service.repository-1.1.0.pom (1.3 kB at 82 kB/s)
2026-04-19T22:07:38.3845290Z [INFO] Downloading from central: https://repo.maven.apache.org/maven2/org/osgi/org.osgi.util.function/1.2.0/org.osgi.util.function-1.2.0.pom
2026-04-19T22:07:38.4005030Z [INFO] Downloaded from central: https://repo.maven.apache.org/maven2/org/osgi/org.osgi.util.function/1.2.0/org.osgi.util.function-1.2.0.pom (1.7 kB at 106 kB/s)
2026-04-19T22:07:38.4039730Z [INFO] Downloading from central: https://repo.maven.apache.org/maven2/org/osgi/org.osgi.util.promise/1.2.0/org.osgi.util.promise-1.2.0.pom
2026-04-19T22:07:38.4291720Z [INFO] Downloaded from central: https://repo.maven.apache.org/maven2/org/osgi/org.osgi.util.promise/1.2.0/org.osgi.util.promise-1.2.0.pom (1.9 kB at 82 kB/s)
2026-04-19T22:07:38.4509210Z [INFO] Downloading from central: https://repo.maven.apache.org/maven2/org/osgi/org.osgi.util.function/1.1.0/org.osgi.util.function-1.1.0.pom
2026-04-19T22:07:38.4610220Z [INFO] Downloaded from central: https://repo.maven.apache.org/maven2/org/osgi/org.osgi.util.function/1.1.0/org.osgi.util.function-1.1.0.pom (1.4 kB at 65 kB/s)
2026-04-19T22:07:38.4669600Z [INFO] Downloading from central: https://repo.maven.apache.org/maven2/biz/aQute/bnd/biz.aQute.bnd.util/7.0.0/biz.aQute.bnd.util-7.0.0.pom
2026-04-19T22:07:38.4735950Z [INFO] Downloaded from central: https://repo.maven.apache.org/maven2/biz/aQute/bnd/biz.aQute.bnd.util/7.0.0/biz.aQute.bnd.util-7.0.0.pom (2.7 kB at 166 kB/s)
2026-04-19T22:07:38.4747020Z [INFO] Downloading from central: https://repo.maven.apache.org/maven2/org/slf4j/slf4j-api/1.7.25/slf4j-api-1.7.25.pom
2026-04-19T22:07:38.4903460Z [INFO] Downloaded from central: https://repo.maven.apache.org/maven2/org/slf4j/slf4j-api/1.7.25/slf4j-api-1.7.25.pom (3.8 kB at 225 kB/s)
2026-04-19T22:07:38.4923000Z [INFO] Downloading from central: https://repo.maven.apache.org/maven2/org/slf4j/slf4j-parent/1.7.25/slf4j-parent-1.7.25.pom
2026-04-19T22:07:38.5089710Z [INFO] Downloaded from central: https://repo.maven.apache.org/maven2/org/slf4j/slf4j-parent/1.7.25/slf4j-parent-1.7.25.pom (14 kB at 844 kB/s)
2026-04-19T22:07:38.5129220Z [INFO] Downloading from central: https://repo.maven.apache.org/maven2/org/apache/felix/org.apache.felix.bundlerepository/1.6.6/org.apache.felix.bundlerepository-1.6.6.pom
2026-04-19T22:07:38.5288170Z [INFO] Downloaded from central: https://repo.maven.apache.org/maven2/org/apache/felix/org.apache.felix.bundlerepository/1.6.6/org.apache.felix.bundlerepository-1.6.6.pom (5.9 kB at 368 kB/s)
2026-04-19T22:07:38.5307880Z [INFO] Downloading from central: https://repo.maven.apache.org/maven2/org/apache/felix/felix-parent/2.1/felix-parent-2.1.pom
2026-04-19T22:07:38.5466850Z [INFO] Downloaded from central: https://repo.maven.apache.org/maven2/org/apache/felix/felix-parent/2.1/felix-parent-2.1.pom (9.7 kB at 604 kB/s)
2026-04-19T22:07:38.5495930Z [INFO] Downloading from central: https://repo.maven.apache.org/maven2/org/apache/apache/9/apache-9.pom
2026-04-19T22:07:38.5647850Z [INFO] Downloaded from central: https://repo.maven.apache.org/maven2/org/apache/apache/9/apache-9.pom (15 kB at 948 kB/s)
2026-04-19T22:07:38.5687110Z [INFO] Downloading from central: https://repo.maven.apache.org/maven2/org/osgi/org.osgi.core/4.1.0/org.osgi.core-4.1.0.pom
2026-04-19T22:07:38.5844410Z [INFO] Downloaded from central: https://repo.maven.apache.org/maven2/org/osgi/org.osgi.core/4.1.0/org.osgi.core-4.1.0.pom (193 B at 12 kB/s)
2026-04-19T22:07:38.5868200Z [INFO] Downloading from central: https://repo.maven.apache.org/maven2/org/easymock/easymock/2.4/easymock-2.4.pom
2026-04-19T22:07:38.6040080Z [INFO] Downloaded from central: https://repo.maven.apache.org/maven2/org/easymock/easymock/2.4/easymock-2.4.pom (5.3 kB at 313 kB/s)
2026-04-19T22:07:38.6066620Z [INFO] Downloading from central: https://repo.maven.apache.org/maven2/org/apache/felix/org.apache.felix.utils/1.6.0/org.apache.felix.utils-1.6.0.pom
2026-04-19T22:07:38.6249100Z [INFO] Downloaded from central: https://repo.maven.apache.org/maven2/org/apache/felix/org.apache.felix.utils/1.6.0/org.apache.felix.utils-1.6.0.pom (3.3 kB at 182 kB/s)
2026-04-19T22:07:38.6277070Z [INFO] Downloading from central: https://repo.maven.apache.org/maven2/org/osgi/org.osgi.compendium/4.2.0/org.osgi.compendium-4.2.0.pom
2026-04-19T22:07:38.6469010Z [INFO] Downloaded from central: https://repo.maven.apache.org/maven2/org/osgi/org.osgi.compendium/4.2.0/org.osgi.compendium-4.2.0.pom (463 B at 24 kB/s)
2026-04-19T22:07:38.6503730Z [INFO] Downloading from central: https://repo.maven.apache.org/maven2/org/apache/maven/reporting/maven-reporting-api/3.0/maven-reporting-api-3.0.pom
2026-04-19T22:07:38.6665830Z [INFO] Downloaded from central: https://repo.maven.apache.org/maven2/org/apache/maven/reporting/maven-reporting-api/3.0/maven-reporting-api-3.0.pom (2.4 kB at 132 kB/s)
2026-04-19T22:07:38.6685780Z [INFO] Downloading from central: https://repo.maven.apache.org/maven2/org/apache/maven/shared/maven-shared-components/15/maven-shared-components-15.pom
2026-04-19T22:07:38.6879510Z [INFO] Downloaded from central: https://repo.maven.apache.org/maven2/org/apache/maven/shared/maven-shared-components/15/maven-shared-components-15.pom (9.3 kB at 491 kB/s)
2026-04-19T22:07:38.6900500Z [INFO] Downloading from central: https://repo.maven.apache.org/maven2/org/apache/maven/maven-parent/16/maven-parent-16.pom
2026-04-19T22:07:38.7077420Z [INFO] Downloaded from central: https://repo.maven.apache.org/maven2/org/apache/maven/maven-parent/16/maven-parent-16.pom (23 kB at 1.3 MB/s)
2026-04-19T22:07:38.7105290Z [INFO] Downloading from central: https://repo.maven.apache.org/maven2/org/apache/apache/7/apache-7.pom
2026-04-19T22:07:38.7267660Z [INFO] Downloaded from central: https://repo.maven.apache.org/maven2/org/apache/apache/7/apache-7.pom (14 kB at 902 kB/s)
2026-04-19T22:07:38.7296020Z [INFO] Downloading from central: https://repo.maven.apache.org/maven2/org/apache/maven/doxia/doxia-sink-api/1.0/doxia-sink-api-1.0.pom
2026-04-19T22:07:38.7483980Z [INFO] Downloaded from central: https://repo.maven.apache.org/maven2/org/apache/maven/doxia/doxia-sink-api/1.0/doxia-sink-api-1.0.pom (1.4 kB at 73 kB/s)
2026-04-19T22:07:38.7499590Z [INFO] Downloading from central: https://repo.maven.apache.org/maven2/org/apache/maven/doxia/doxia/1.0/doxia-1.0.pom
2026-04-19T22:07:38.7657260Z [INFO] Downloaded from central: https://repo.maven.apache.org/maven2/org/apache/maven/doxia/doxia/1.0/doxia-1.0.pom (9.6 kB at 603 kB/s)
2026-04-19T22:07:38.7680630Z [INFO] Downloading from central: https://repo.maven.apache.org/maven2/org/apache/maven/maven-parent/10/maven-parent-10.pom
2026-04-19T22:07:38.8678750Z [INFO] Downloaded from central: https://repo.maven.apache.org/maven2/org/apache/maven/maven-parent/10/maven-parent-10.pom (32 kB at 400 kB/s)
2026-04-19T22:07:38.8679970Z [INFO] Downloading from central: https://repo.maven.apache.org/maven2/org/apache/apache/4/apache-4.pom
2026-04-19T22:07:38.8781620Z [INFO] Downloaded from central: https://repo.maven.apache.org/maven2/org/apache/apache/4/apache-4.pom (4.5 kB at 250 kB/s)
2026-04-19T22:07:38.8879940Z [INFO] Downloading from central: https://repo.maven.apache.org/maven2/org/apache/maven/maven-archiver/3.5.2/maven-archiver-3.5.2.pom
2026-04-19T22:07:38.8926720Z [INFO] Downloaded from central: https://repo.maven.apache.org/maven2/org/apache/maven/maven-archiver/3.5.2/maven-archiver-3.5.2.pom (5.5 kB at 326 kB/s)
2026-04-19T22:07:38.8992790Z [INFO] Downloading from central: https://repo.maven.apache.org/maven2/org/apache/maven/shared/maven-shared-components/34/maven-shared-components-34.pom
2026-04-19T22:07:38.9167210Z [INFO] Downloaded from central: https://repo.maven.apache.org/maven2/org/apache/maven/shared/maven-shared-components/34/maven-shared-components-34.pom (5.1 kB at 232 kB/s)
2026-04-19T22:07:38.9188330Z [INFO] Downloading from central: https://repo.maven.apache.org/maven2/org/apache/maven/maven-parent/34/maven-parent-34.pom
2026-04-19T22:07:38.9363050Z [INFO] Downloaded from central: https://repo.maven.apache.org/maven2/org/apache/maven/maven-parent/34/maven-parent-34.pom (43 kB at 2.4 MB/s)
2026-04-19T22:07:38.9469260Z [INFO] Downloading from central: https://repo.maven.apache.org/maven2/org/apache/apache/23/apache-23.pom
2026-04-19T22:07:38.9641250Z [INFO] Downloaded from central: https://repo.maven.apache.org/maven2/org/apache/apache/23/apache-23.pom (18 kB at 1.1 MB/s)
2026-04-19T22:07:38.9675540Z [INFO] Downloading from central: https://repo.maven.apache.org/maven2/org/apache/maven/maven-artifact/3.1.1/maven-artifact-3.1.1.pom
2026-04-19T22:07:38.9859250Z [INFO] Downloaded from central: https://repo.maven.apache.org/maven2/org/apache/maven/maven-artifact/3.1.1/maven-artifact-3.1.1.pom (2.0 kB at 109 kB/s)
2026-04-19T22:07:38.9875990Z [INFO] Downloading from central: https://repo.maven.apache.org/maven2/org/apache/maven/maven/3.1.1/maven-3.1.1.pom
2026-04-19T22:07:39.0049640Z [INFO] Downloaded from central: https://repo.maven.apache.org/maven2/org/apache/maven/maven/3.1.1/maven-3.1.1.pom (22 kB at 1.3 MB/s)
2026-04-19T22:07:39.0074630Z [INFO] Downloading from central: https://repo.maven.apache.org/maven2/org/apache/maven/maven-parent/23/maven-parent-23.pom
2026-04-19T22:07:39.0240300Z [INFO] Downloaded from central: https://repo.maven.apache.org/maven2/org/apache/maven/maven-parent/23/maven-parent-23.pom (33 kB at 1.9 MB/s)
2026-04-19T22:07:39.0269450Z [INFO] Downloading from central: https://repo.maven.apache.org/maven2/org/apache/apache/13/apache-13.pom
2026-04-19T22:07:39.0441400Z [INFO] Downloaded from central: https://repo.maven.apache.org/maven2/org/apache/apache/13/apache-13.pom (14 kB at 822 kB/s)
2026-04-19T22:07:39.0480200Z [INFO] Downloading from central: https://repo.maven.apache.org/maven2/org/codehaus/plexus/plexus-utils/3.0.15/plexus-utils-3.0.15.pom
2026-04-19T22:07:39.0639530Z [INFO] Downloaded from central: https://repo.maven.apache.org/maven2/org/codehaus/plexus/plexus-utils/3.0.15/plexus-utils-3.0.15.pom (3.1 kB at 197 kB/s)
2026-04-19T22:07:39.0656860Z [INFO] Downloading from central: https://repo.maven.apache.org/maven2/org/codehaus/plexus/plexus/3.3.1/plexus-3.3.1.pom
2026-04-19T22:07:39.0829790Z [INFO] Downloaded from central: https://repo.maven.apache.org/maven2/org/codehaus/plexus/plexus/3.3.1/plexus-3.3.1.pom (20 kB at 1.2 MB/s)
2026-04-19T22:07:39.0848430Z [INFO] Downloading from central: https://repo.maven.apache.org/maven2/org/sonatype/spice/spice-parent/17/spice-parent-17.pom
2026-04-19T22:07:39.1011830Z [INFO] Downloaded from central: https://repo.maven.apache.org/maven2/org/sonatype/spice/spice-parent/17/spice-parent-17.pom (6.8 kB at 398 kB/s)
2026-04-19T22:07:39.1027810Z [INFO] Downloading from central: https://repo.maven.apache.org/maven2/org/sonatype/forge/forge-parent/10/forge-parent-10.pom
2026-04-19T22:07:39.1202890Z [INFO] Downloaded from central: https://repo.maven.apache.org/maven2/org/sonatype/forge/forge-parent/10/forge-parent-10.pom (14 kB at 753 kB/s)
2026-04-19T22:07:39.1229250Z [INFO] Downloading from central: https://repo.maven.apache.org/maven2/org/apache/maven/maven-model/3.1.1/maven-model-3.1.1.pom
2026-04-19T22:07:39.1384900Z [INFO] Downloaded from central: https://repo.maven.apache.org/maven2/org/apache/maven/maven-model/3.1.1/maven-model-3.1.1.pom (4.1 kB at 259 kB/s)
2026-04-19T22:07:39.1419310Z [INFO] Downloading from central: https://repo.maven.apache.org/maven2/org/apache/maven/maven-core/3.1.1/maven-core-3.1.1.pom
2026-04-19T22:07:39.1573690Z [INFO] Downloaded from central: https://repo.maven.apache.org/maven2/org/apache/maven/maven-core/3.1.1/maven-core-3.1.1.pom (7.3 kB at 454 kB/s)
2026-04-19T22:07:39.1612220Z [INFO] Downloading from central: https://repo.maven.apache.org/maven2/org/apache/maven/maven-settings/3.1.1/maven-settings-3.1.1.pom
2026-04-19T22:07:39.1757280Z [INFO] Downloaded from central: https://repo.maven.apache.org/maven2/org/apache/maven/maven-settings/3.1.1/maven-settings-3.1.1.pom (2.2 kB at 145 kB/s)
2026-04-19T22:07:39.1786280Z [INFO] Downloading from central: https://repo.maven.apache.org/maven2/org/apache/maven/maven-settings-builder/3.1.1/maven-settings-builder-3.1.1.pom
2026-04-19T22:07:39.1933020Z [INFO] Downloaded from central: https://repo.maven.apache.org/maven2/org/apache/maven/maven-settings-builder/3.1.1/maven-settings-builder-3.1.1.pom (2.6 kB at 173 kB/s)
2026-04-19T22:07:39.1966300Z [INFO] Downloading from central: https://repo.maven.apache.org/maven2/org/codehaus/plexus/plexus-interpolation/1.19/plexus-interpolation-1.19.pom
2026-04-19T22:07:39.2104730Z [INFO] Downloaded from central: https://repo.maven.apache.org/maven2/org/codehaus/plexus/plexus-interpolation/1.19/plexus-interpolation-1.19.pom (1.0 kB at 69 kB/s)
2026-04-19T22:07:39.2126820Z [INFO] Downloading from central: https://repo.maven.apache.org/maven2/org/codehaus/plexus/plexus-components/1.3.1/plexus-components-1.3.1.pom
2026-04-19T22:07:39.2271840Z [INFO] Downloaded from central: https://repo.maven.apache.org/maven2/org/codehaus/plexus/plexus-components/1.3.1/plexus-components-1.3.1.pom (3.1 kB at 204 kB/s)
2026-04-19T22:07:39.2307720Z [INFO] Downloading from central: https://repo.maven.apache.org/maven2/org/codehaus/plexus/plexus-component-annotations/1.5.5/plexus-component-annotations-1.5.5.pom
2026-04-19T22:07:39.2484680Z [INFO] Downloaded from central: https://repo.maven.apache.org/maven2/org/codehaus/plexus/plexus-component-annotations/1.5.5/plexus-component-annotations-1.5.5.pom (815 B at 45 kB/s)
2026-04-19T22:07:39.2498860Z [INFO] Downloading from central: https://repo.maven.apache.org/maven2/org/codehaus/plexus/plexus-containers/1.5.5/plexus-containers-1.5.5.pom
2026-04-19T22:07:39.2652030Z [INFO] Downloaded from central: https://repo.maven.apache.org/maven2/org/codehaus/plexus/plexus-containers/1.5.5/plexus-containers-1.5.5.pom (4.2 kB at 283 kB/s)
2026-04-19T22:07:39.2673370Z [INFO] Downloading from central: https://repo.maven.apache.org/maven2/org/codehaus/plexus/plexus/2.0.7/plexus-2.0.7.pom
2026-04-19T22:07:39.2815170Z [INFO] Downloaded from central: https://repo.maven.apache.org/maven2/org/codehaus/plexus/plexus/2.0.7/plexus-2.0.7.pom (17 kB at 1.2 MB/s)
2026-04-19T22:07:39.2856070Z [INFO] Downloading from central: https://repo.maven.apache.org/maven2/org/sonatype/plexus/plexus-sec-dispatcher/1.3/plexus-sec-dispatcher-1.3.pom
2026-04-19T22:07:39.3030700Z [INFO] Downloaded from central: https://repo.maven.apache.org/maven2/org/sonatype/plexus/plexus-sec-dispatcher/1.3/plexus-sec-dispatcher-1.3.pom (3.0 kB at 174 kB/s)
2026-04-19T22:07:39.3043860Z [INFO] Downloading from central: https://repo.maven.apache.org/maven2/org/sonatype/spice/spice-parent/12/spice-parent-12.pom
2026-04-19T22:07:39.3400830Z [INFO] Downloaded from central: https://repo.maven.apache.org/maven2/org/sonatype/spice/spice-parent/12/spice-parent-12.pom (6.8 kB at 189 kB/s)
2026-04-19T22:07:39.3426670Z [INFO] Downloading from central: https://repo.maven.apache.org/maven2/org/sonatype/forge/forge-parent/4/forge-parent-4.pom
2026-04-19T22:07:39.3625690Z [INFO] Downloaded from central: https://repo.maven.apache.org/maven2/org/sonatype/forge/forge-parent/4/forge-parent-4.pom (8.4 kB at 400 kB/s)
2026-04-19T22:07:39.3648780Z [INFO] Downloading from central: https://repo.maven.apache.org/maven2/org/codehaus/plexus/plexus-utils/1.5.5/plexus-utils-1.5.5.pom
2026-04-19T22:07:39.3838380Z [INFO] Downloaded from central: https://repo.maven.apache.org/maven2/org/codehaus/plexus/plexus-utils/1.5.5/plexus-utils-1.5.5.pom (5.1 kB at 271 kB/s)
2026-04-19T22:07:39.3852510Z [INFO] Downloading from central: https://repo.maven.apache.org/maven2/org/codehaus/plexus/plexus/1.0.11/plexus-1.0.11.pom
2026-04-19T22:07:39.4009450Z [INFO] Downloaded from central: https://repo.maven.apache.org/maven2/org/codehaus/plexus/plexus/1.0.11/plexus-1.0.11.pom (9.0 kB at 561 kB/s)
2026-04-19T22:07:39.4045360Z [INFO] Downloading from central: https://repo.maven.apache.org/maven2/org/sonatype/plexus/plexus-cipher/1.4/plexus-cipher-1.4.pom
2026-04-19T22:07:39.4211240Z [INFO] Downloaded from central: https://repo.maven.apache.org/maven2/org/sonatype/plexus/plexus-cipher/1.4/plexus-cipher-1.4.pom (2.1 kB at 129 kB/s)
2026-04-19T22:07:39.4247230Z [INFO] Downloading from central: https://repo.maven.apache.org/maven2/org/apache/maven/maven-repository-metadata/3.1.1/maven-repository-metadata-3.1.1.pom
2026-04-19T22:07:39.4401490Z [INFO] Downloaded from central: https://repo.maven.apache.org/maven2/org/apache/maven/maven-repository-metadata/3.1.1/maven-repository-metadata-3.1.1.pom (2.2 kB at 131 kB/s)
2026-04-19T22:07:39.4438160Z [INFO] Downloading from central: https://repo.maven.apache.org/maven2/org/apache/maven/maven-plugin-api/3.1.1/maven-plugin-api-3.1.1.pom
2026-04-19T22:07:39.4691170Z [INFO] Downloaded from central: https://repo.maven.apache.org/maven2/org/apache/maven/maven-plugin-api/3.1.1/maven-plugin-api-3.1.1.pom (3.4 kB at 188 kB/s)
2026-04-19T22:07:39.4723550Z [INFO] Downloading from central: https://repo.maven.apache.org/maven2/org/eclipse/sisu/org.eclipse.sisu.plexus/0.0.0.M5/org.eclipse.sisu.plexus-0.0.0.M5.pom
2026-04-19T22:07:39.4862420Z [INFO] Downloaded from central: https://repo.maven.apache.org/maven2/org/eclipse/sisu/org.eclipse.sisu.plexus/0.0.0.M5/org.eclipse.sisu.plexus-0.0.0.M5.pom (4.8 kB at 242 kB/s)
2026-04-19T22:07:39.4884840Z [INFO] Downloading from central: https://repo.maven.apache.org/maven2/org/eclipse/sisu/sisu-plexus/0.0.0.M5/sisu-plexus-0.0.0.M5.pom
2026-04-19T22:07:39.5035960Z [INFO] Downloaded from central: https://repo.maven.apache.org/maven2/org/eclipse/sisu/sisu-plexus/0.0.0.M5/sisu-plexus-0.0.0.M5.pom (13 kB at 825 kB/s)
2026-04-19T22:07:39.5058440Z [INFO] Downloading from central: https://repo.maven.apache.org/maven2/org/sonatype/oss/oss-parent/7/oss-parent-7.pom
2026-04-19T22:07:39.5189130Z [INFO] Downloaded from central: https://repo.maven.apache.org/maven2/org/sonatype/oss/oss-parent/7/oss-parent-7.pom (4.8 kB at 371 kB/s)
2026-04-19T22:07:39.5209870Z [INFO] Downloading from central: https://repo.maven.apache.org/maven2/javax/enterprise/cdi-api/1.0/cdi-api-1.0.pom
2026-04-19T22:07:39.5367660Z [INFO] Downloaded from central: https://repo.maven.apache.org/maven2/javax/enterprise/cdi-api/1.0/cdi-api-1.0.pom (1.4 kB at 90 kB/s)
2026-04-19T22:07:39.5381820Z [INFO] Downloading from central: https://repo.maven.apache.org/maven2/org/jboss/weld/weld-api-parent/1.0/weld-api-parent-1.0.pom
2026-04-19T22:07:39.5552340Z [INFO] Downloaded from central: https://repo.maven.apache.org/maven2/org/jboss/weld/weld-api-parent/1.0/weld-api-parent-1.0.pom (2.4 kB at 139 kB/s)
2026-04-19T22:07:39.5565510Z [INFO] Downloading from central: https://repo.maven.apache.org/maven2/org/jboss/weld/weld-api-bom/1.0/weld-api-bom-1.0.pom
2026-04-19T22:07:39.5717700Z [INFO] Downloaded from central: https://repo.maven.apache.org/maven2/org/jboss/weld/weld-api-bom/1.0/weld-api-bom-1.0.pom (7.9 kB at 527 kB/s)
2026-04-19T22:07:39.5731580Z [INFO] Downloading from central: https://repo.maven.apache.org/maven2/org/jboss/weld/weld-parent/6/weld-parent-6.pom
2026-04-19T22:07:39.5886330Z [INFO] Downloaded from central: https://repo.maven.apache.org/maven2/org/jboss/weld/weld-parent/6/weld-parent-6.pom (21 kB at 1.4 MB/s)
2026-04-19T22:07:39.5922640Z [INFO] Downloading from central: https://repo.maven.apache.org/maven2/javax/annotation/jsr250-api/1.0/jsr250-api-1.0.pom
2026-04-19T22:07:39.6370710Z [INFO] Downloaded from central: https://repo.maven.apache.org/maven2/javax/annotation/jsr250-api/1.0/jsr250-api-1.0.pom (1.0 kB at 34 kB/s)
2026-04-19T22:07:39.6565410Z [INFO] Downloading from central: https://repo.maven.apache.org/maven2/javax/inject/javax.inject/1/javax.inject-1.pom
2026-04-19T22:07:39.6864380Z [INFO] Downloaded from central: https://repo.maven.apache.org/maven2/javax/inject/javax.inject/1/javax.inject-1.pom (612 B at 27 kB/s)
2026-04-19T22:07:39.6865510Z [INFO] Downloading from central: https://repo.maven.apache.org/maven2/com/google/guava/guava/10.0.1/guava-10.0.1.pom
2026-04-19T22:07:39.7067550Z [INFO] Downloaded from central: https://repo.maven.apache.org/maven2/com/google/guava/guava/10.0.1/guava-10.0.1.pom (5.4 kB at 128 kB/s)
2026-04-19T22:07:39.7137650Z [INFO] Downloading from central: https://repo.maven.apache.org/maven2/com/google/guava/guava-parent/10.0.1/guava-parent-10.0.1.pom
2026-04-19T22:07:39.7225610Z [INFO] Downloaded from central: https://repo.maven.apache.org/maven2/com/google/guava/guava-parent/10.0.1/guava-parent-10.0.1.pom (2.0 kB at 115 kB/s)
2026-04-19T22:07:39.7254120Z [INFO] Downloading from central: https://repo.maven.apache.org/maven2/com/google/code/findbugs/jsr305/1.3.9/jsr305-1.3.9.pom
2026-04-19T22:07:39.7409330Z [INFO] Downloaded from central: https://repo.maven.apache.org/maven2/com/google/code/findbugs/jsr305/1.3.9/jsr305-1.3.9.pom (965 B at 60 kB/s)
2026-04-19T22:07:39.7432440Z [INFO] Downloading from central: https://repo.maven.apache.org/maven2/org/sonatype/sisu/sisu-guice/3.1.0/sisu-guice-3.1.0.pom
2026-04-19T22:07:39.7618230Z [INFO] Downloaded from central: https://repo.maven.apache.org/maven2/org/sonatype/sisu/sisu-guice/3.1.0/sisu-guice-3.1.0.pom (10 kB at 534 kB/s)
2026-04-19T22:07:39.7646350Z [INFO] Downloading from central: https://repo.maven.apache.org/maven2/org/sonatype/sisu/inject/guice-parent/3.1.0/guice-parent-3.1.0.pom
2026-04-19T22:07:39.7818550Z [INFO] Downloaded from central: https://repo.maven.apache.org/maven2/org/sonatype/sisu/inject/guice-parent/3.1.0/guice-parent-3.1.0.pom (11 kB at 643 kB/s)
2026-04-19T22:07:39.7851780Z [INFO] Downloading from central: https://repo.maven.apache.org/maven2/aopalliance/aopalliance/1.0/aopalliance-1.0.pom
2026-04-19T22:07:39.8016210Z [INFO] Downloaded from central: https://repo.maven.apache.org/maven2/aopalliance/aopalliance/1.0/aopalliance-1.0.pom (363 B at 21 kB/s)
2026-04-19T22:07:39.8045280Z [INFO] Downloading from central: https://repo.maven.apache.org/maven2/org/eclipse/sisu/org.eclipse.sisu.inject/0.0.0.M5/org.eclipse.sisu.inject-0.0.0.M5.pom
2026-04-19T22:07:39.8203780Z [INFO] Downloaded from central: https://repo.maven.apache.org/maven2/org/eclipse/sisu/org.eclipse.sisu.inject/0.0.0.M5/org.eclipse.sisu.inject-0.0.0.M5.pom (2.5 kB at 148 kB/s)
2026-04-19T22:07:39.8218700Z [INFO] Downloading from central: https://repo.maven.apache.org/maven2/org/eclipse/sisu/sisu-inject/0.0.0.M5/sisu-inject-0.0.0.M5.pom
2026-04-19T22:07:39.8367650Z [INFO] Downloaded from central: https://repo.maven.apache.org/maven2/org/eclipse/sisu/sisu-inject/0.0.0.M5/sisu-inject-0.0.0.M5.pom (14 kB at 933 kB/s)
2026-04-19T22:07:39.8389850Z [INFO] Downloading from central: https://repo.maven.apache.org/maven2/org/codehaus/plexus/plexus-classworlds/2.4/plexus-classworlds-2.4.pom
2026-04-19T22:07:39.8529280Z [INFO] Downloaded from central: https://repo.maven.apache.org/maven2/org/codehaus/plexus/plexus-classworlds/2.4/plexus-classworlds-2.4.pom (3.9 kB at 277 kB/s)
2026-04-19T22:07:39.8549800Z [INFO] Downloading from central: https://repo.maven.apache.org/maven2/org/codehaus/plexus/plexus-utils/2.1/plexus-utils-2.1.pom
2026-04-19T22:07:39.8705700Z [INFO] Downloaded from central: https://repo.maven.apache.org/maven2/org/codehaus/plexus/plexus-utils/2.1/plexus-utils-2.1.pom (4.0 kB at 252 kB/s)
2026-04-19T22:07:39.8721610Z [INFO] Downloading from central: https://repo.maven.apache.org/maven2/org/sonatype/spice/spice-parent/16/spice-parent-16.pom
2026-04-19T22:07:39.8855900Z [INFO] Downloaded from central: https://repo.maven.apache.org/maven2/org/sonatype/spice/spice-parent/16/spice-parent-16.pom (8.4 kB at 597 kB/s)
2026-04-19T22:07:39.8871990Z [INFO] Downloading from central: https://repo.maven.apache.org/maven2/org/sonatype/forge/forge-parent/5/forge-parent-5.pom
2026-04-19T22:07:39.9087900Z [INFO] Downloaded from central: https://repo.maven.apache.org/maven2/org/sonatype/forge/forge-parent/5/forge-parent-5.pom (8.4 kB at 398 kB/s)
2026-04-19T22:07:39.9112010Z [INFO] Downloading from central: https://repo.maven.apache.org/maven2/org/apache/maven/maven-model-builder/3.1.1/maven-model-builder-3.1.1.pom
2026-04-19T22:07:39.9240080Z [INFO] Downloaded from central: https://repo.maven.apache.org/maven2/org/apache/maven/maven-model-builder/3.1.1/maven-model-builder-3.1.1.pom (2.8 kB at 216 kB/s)
2026-04-19T22:07:39.9272050Z [INFO] Downloading from central: https://repo.maven.apache.org/maven2/org/apache/maven/maven-aether-provider/3.1.1/maven-aether-provider-3.1.1.pom
2026-04-19T22:07:39.9447590Z [INFO] Downloaded from central: https://repo.maven.apache.org/maven2/org/apache/maven/maven-aether-provider/3.1.1/maven-aether-provider-3.1.1.pom (4.1 kB at 227 kB/s)
2026-04-19T22:07:39.9481030Z [INFO] Downloading from central: https://repo.maven.apache.org/maven2/org/eclipse/aether/aether-api/0.9.0.M2/aether-api-0.9.0.M2.pom
2026-04-19T22:07:39.9651030Z [INFO] Downloaded from central: https://repo.maven.apache.org/maven2/org/eclipse/aether/aether-api/0.9.0.M2/aether-api-0.9.0.M2.pom (1.7 kB at 109 kB/s)
2026-04-19T22:07:39.9655720Z [INFO] Downloading from central: https://repo.maven.apache.org/maven2/org/eclipse/aether/aether/0.9.0.M2/aether-0.9.0.M2.pom
2026-04-19T22:07:39.9819130Z [INFO] Downloaded from central: https://repo.maven.apache.org/maven2/org/eclipse/aether/aether/0.9.0.M2/aether-0.9.0.M2.pom (28 kB at 1.7 MB/s)
2026-04-19T22:07:39.9841740Z [INFO] Downloading from central: https://repo.maven.apache.org/maven2/org/eclipse/aether/aether-spi/0.9.0.M2/aether-spi-0.9.0.M2.pom
2026-04-19T22:07:39.9992520Z [INFO] Downloaded from central: https://repo.maven.apache.org/maven2/org/eclipse/aether/aether-spi/0.9.0.M2/aether-spi-0.9.0.M2.pom (1.8 kB at 117 kB/s)
2026-04-19T22:07:40.0013900Z [INFO] Downloading from central: https://repo.maven.apache.org/maven2/org/eclipse/aether/aether-util/0.9.0.M2/aether-util-0.9.0.M2.pom
2026-04-19T22:07:40.0159360Z [INFO] Downloaded from central: https://repo.maven.apache.org/maven2/org/eclipse/aether/aether-util/0.9.0.M2/aether-util-0.9.0.M2.pom (2.0 kB at 145 kB/s)
2026-04-19T22:07:40.0180540Z [INFO] Downloading from central: https://repo.maven.apache.org/maven2/org/eclipse/aether/aether-impl/0.9.0.M2/aether-impl-0.9.0.M2.pom
2026-04-19T22:07:40.0337010Z [INFO] Downloaded from central: https://repo.maven.apache.org/maven2/org/eclipse/aether/aether-impl/0.9.0.M2/aether-impl-0.9.0.M2.pom (3.3 kB at 209 kB/s)
2026-04-19T22:07:40.0362860Z [INFO] Downloading from central: https://repo.maven.apache.org/maven2/org/codehaus/plexus/plexus-classworlds/2.5.1/plexus-classworlds-2.5.1.pom
2026-04-19T22:07:40.0528630Z [INFO] Downloaded from central: https://repo.maven.apache.org/maven2/org/codehaus/plexus/plexus-classworlds/2.5.1/plexus-classworlds-2.5.1.pom (5.0 kB at 295 kB/s)
2026-04-19T22:07:40.0562920Z [INFO] Downloading from central: https://repo.maven.apache.org/maven2/org/apache/maven/shared/maven-shared-utils/3.3.3/maven-shared-utils-3.3.3.pom
2026-04-19T22:07:40.0697490Z [INFO] Downloaded from central: https://repo.maven.apache.org/maven2/org/apache/maven/shared/maven-shared-utils/3.3.3/maven-shared-utils-3.3.3.pom (5.8 kB at 412 kB/s)
2026-04-19T22:07:40.0733470Z [INFO] Downloading from central: https://repo.maven.apache.org/maven2/commons-io/commons-io/2.6/commons-io-2.6.pom
2026-04-19T22:07:40.0918050Z [INFO] Downloaded from central: https://repo.maven.apache.org/maven2/commons-io/commons-io/2.6/commons-io-2.6.pom (14 kB at 891 kB/s)
2026-04-19T22:07:40.0919290Z [INFO] Downloading from central: https://repo.maven.apache.org/maven2/org/apache/commons/commons-parent/42/commons-parent-42.pom
2026-04-19T22:07:40.1085810Z [INFO] Downloaded from central: https://repo.maven.apache.org/maven2/org/apache/commons/commons-parent/42/commons-parent-42.pom (68 kB at 4.0 MB/s)
2026-04-19T22:07:40.1140720Z [INFO] Downloading from central: https://repo.maven.apache.org/maven2/org/apache/apache/18/apache-18.pom
2026-04-19T22:07:40.1263730Z [INFO] Downloaded from central: https://repo.maven.apache.org/maven2/org/apache/apache/18/apache-18.pom (16 kB at 979 kB/s)
2026-04-19T22:07:40.1293460Z [INFO] Downloading from central: https://repo.maven.apache.org/maven2/org/apache/commons/commons-compress/1.20/commons-compress-1.20.pom
2026-04-19T22:07:40.1461330Z [INFO] Downloaded from central: https://repo.maven.apache.org/maven2/org/apache/commons/commons-compress/1.20/commons-compress-1.20.pom (18 kB at 1.1 MB/s)
2026-04-19T22:07:40.1479040Z [INFO] Downloading from central: https://repo.maven.apache.org/maven2/org/apache/commons/commons-parent/48/commons-parent-48.pom
2026-04-19T22:07:40.1678740Z [INFO] Downloaded from central: https://repo.maven.apache.org/maven2/org/apache/commons/commons-parent/48/commons-parent-48.pom (72 kB at 3.6 MB/s)
2026-04-19T22:07:40.1702750Z [INFO] Downloading from central: https://repo.maven.apache.org/maven2/org/apache/apache/21/apache-21.pom
2026-04-19T22:07:40.1836220Z [INFO] Downloaded from central: https://repo.maven.apache.org/maven2/org/apache/apache/21/apache-21.pom (17 kB at 1.3 MB/s)
2026-04-19T22:07:40.1865420Z [INFO] Downloading from central: https://repo.maven.apache.org/maven2/org/codehaus/plexus/plexus-archiver/4.2.7/plexus-archiver-4.2.7.pom
2026-04-19T22:07:40.2044290Z [INFO] Downloaded from central: https://repo.maven.apache.org/maven2/org/codehaus/plexus/plexus-archiver/4.2.7/plexus-archiver-4.2.7.pom (4.9 kB at 307 kB/s)
2026-04-19T22:07:40.2045290Z [INFO] Downloading from central: https://repo.maven.apache.org/maven2/org/codehaus/plexus/plexus/8/plexus-8.pom
2026-04-19T22:07:40.2212360Z [INFO] Downloaded from central: https://repo.maven.apache.org/maven2/org/codehaus/plexus/plexus/8/plexus-8.pom (25 kB at 1.4 MB/s)
2026-04-19T22:07:40.2240790Z [INFO] Downloading from central: https://repo.maven.apache.org/maven2/org/codehaus/plexus/plexus-utils/3.4.1/plexus-utils-3.4.1.pom
2026-04-19T22:07:40.2692060Z [INFO] Downloaded from central: https://repo.maven.apache.org/maven2/org/codehaus/plexus/plexus-utils/3.4.1/plexus-utils-3.4.1.pom (8.0 kB at 177 kB/s)
2026-04-19T22:07:40.2719060Z [INFO] Downloading from central: https://repo.maven.apache.org/maven2/org/codehaus/plexus/plexus-io/3.2.0/plexus-io-3.2.0.pom
2026-04-19T22:07:40.2899060Z [INFO] Downloaded from central: https://repo.maven.apache.org/maven2/org/codehaus/plexus/plexus-io/3.2.0/plexus-io-3.2.0.pom (4.5 kB at 284 kB/s)
2026-04-19T22:07:40.2963150Z [INFO] Downloading from central: https://repo.maven.apache.org/maven2/org/codehaus/plexus/plexus/5.1/plexus-5.1.pom
2026-04-19T22:07:40.3051870Z [INFO] Downloaded from central: https://repo.maven.apache.org/maven2/org/codehaus/plexus/plexus/5.1/plexus-5.1.pom (23 kB at 1.5 MB/s)
2026-04-19T22:07:40.3113400Z [INFO] Downloading from central: https://repo.maven.apache.org/maven2/org/codehaus/plexus/plexus-utils/3.3.0/plexus-utils-3.3.0.pom
2026-04-19T22:07:40.3279910Z [INFO] Downloaded from central: https://repo.maven.apache.org/maven2/org/codehaus/plexus/plexus-utils/3.3.0/plexus-utils-3.3.0.pom (5.2 kB at 324 kB/s)
2026-04-19T22:07:40.3317620Z [INFO] Downloading from central: https://repo.maven.apache.org/maven2/org/apache/commons/commons-compress/1.21/commons-compress-1.21.pom
2026-04-19T22:07:40.3443210Z [INFO] Downloaded from central: https://repo.maven.apache.org/maven2/org/apache/commons/commons-compress/1.21/commons-compress-1.21.pom (20 kB at 1.3 MB/s)
2026-04-19T22:07:40.3482760Z [INFO] Downloading from central: https://repo.maven.apache.org/maven2/org/apache/commons/commons-parent/52/commons-parent-52.pom
2026-04-19T22:07:40.3668100Z [INFO] Downloaded from central: https://repo.maven.apache.org/maven2/org/apache/commons/commons-parent/52/commons-parent-52.pom (79 kB at 4.0 MB/s)
2026-04-19T22:07:40.3716910Z [INFO] Downloading from central: https://repo.maven.apache.org/maven2/org/iq80/snappy/snappy/0.4/snappy-0.4.pom
2026-04-19T22:07:40.3865430Z [INFO] Downloaded from central: https://repo.maven.apache.org/maven2/org/iq80/snappy/snappy/0.4/snappy-0.4.pom (15 kB at 909 kB/s)
2026-04-19T22:07:40.3884710Z [INFO] Downloading from central: https://repo.maven.apache.org/maven2/org/tukaani/xz/1.9/xz-1.9.pom
2026-04-19T22:07:40.4110930Z [INFO] Downloaded from central: https://repo.maven.apache.org/maven2/org/tukaani/xz/1.9/xz-1.9.pom (2.0 kB at 128 kB/s)
2026-04-19T22:07:40.4146280Z [INFO] Downloading from central: https://repo.maven.apache.org/maven2/org/codehaus/plexus/plexus-interpolation/1.26/plexus-interpolation-1.26.pom
2026-04-19T22:07:40.4297680Z [INFO] Downloaded from central: https://repo.maven.apache.org/maven2/org/codehaus/plexus/plexus-interpolation/1.26/plexus-interpolation-1.26.pom (2.7 kB at 177 kB/s)
2026-04-19T22:07:40.4399740Z [INFO] Downloading from central: https://repo.maven.apache.org/maven2/org/apache/maven/shared/maven-dependency-tree/3.0/maven-dependency-tree-3.0.pom
2026-04-19T22:07:40.4613580Z [INFO] Downloaded from central: https://repo.maven.apache.org/maven2/org/apache/maven/shared/maven-dependency-tree/3.0/maven-dependency-tree-3.0.pom (7.4 kB at 211 kB/s)
2026-04-19T22:07:40.4809740Z [INFO] Downloading from central: https://repo.maven.apache.org/maven2/org/apache/maven/shared/maven-shared-components/21/maven-shared-components-21.pom
2026-04-19T22:07:40.5023100Z [INFO] Downloaded from central: https://repo.maven.apache.org/maven2/org/apache/maven/shared/maven-shared-components/21/maven-shared-components-21.pom (5.1 kB at 232 kB/s)
2026-04-19T22:07:40.5038810Z [INFO] Downloading from central: https://repo.maven.apache.org/maven2/org/apache/maven/maven-parent/25/maven-parent-25.pom
2026-04-19T22:07:40.5359340Z [INFO] Downloaded from central: https://repo.maven.apache.org/maven2/org/apache/maven/maven-parent/25/maven-parent-25.pom (37 kB at 1.2 MB/s)
2026-04-19T22:07:40.5552880Z [INFO] Downloading from central: https://repo.maven.apache.org/maven2/org/apache/apache/15/apache-15.pom
2026-04-19T22:07:40.5744980Z [INFO] Downloaded from central: https://repo.maven.apache.org/maven2/org/apache/apache/15/apache-15.pom (15 kB at 762 kB/s)
2026-04-19T22:07:40.5768770Z [INFO] Downloading from central: https://repo.maven.apache.org/maven2/org/codehaus/plexus/plexus-component-annotations/1.6/plexus-component-annotations-1.6.pom
2026-04-19T22:07:40.6094500Z [INFO] Downloaded from central: https://repo.maven.apache.org/maven2/org/codehaus/plexus/plexus-component-annotations/1.6/plexus-component-annotations-1.6.pom (748 B at 23 kB/s)
2026-04-19T22:07:40.6292820Z [INFO] Downloading from central: https://repo.maven.apache.org/maven2/org/codehaus/plexus/plexus-containers/1.6/plexus-containers-1.6.pom
2026-04-19T22:07:40.6440150Z [INFO] Downloaded from central: https://repo.maven.apache.org/maven2/org/codehaus/plexus/plexus-containers/1.6/plexus-containers-1.6.pom (3.8 kB at 269 kB/s)
2026-04-19T22:07:40.6454460Z [INFO] Downloading from central: https://repo.maven.apache.org/maven2/org/codehaus/plexus/plexus/3.3.2/plexus-3.3.2.pom
2026-04-19T22:07:40.6610160Z [INFO] Downloaded from central: https://repo.maven.apache.org/maven2/org/codehaus/plexus/plexus/3.3.2/plexus-3.3.2.pom (22 kB at 1.4 MB/s)
2026-04-19T22:07:40.6644130Z [INFO] Downloading from central: https://repo.maven.apache.org/maven2/org/sonatype/plexus/plexus-build-api/0.0.7/plexus-build-api-0.0.7.pom
2026-04-19T22:07:40.6810620Z [INFO] Downloaded from central: https://repo.maven.apache.org/maven2/org/sonatype/plexus/plexus-build-api/0.0.7/plexus-build-api-0.0.7.pom (3.2 kB at 188 kB/s)
2026-04-19T22:07:40.6827920Z [INFO] Downloading from central: https://repo.maven.apache.org/maven2/org/sonatype/spice/spice-parent/15/spice-parent-15.pom
2026-04-19T22:07:40.6972060Z [INFO] Downloaded from central: https://repo.maven.apache.org/maven2/org/sonatype/spice/spice-parent/15/spice-parent-15.pom (8.4 kB at 597 kB/s)
2026-04-19T22:07:40.7017650Z [INFO] Downloading from central: https://repo.maven.apache.org/maven2/org/codehaus/plexus/plexus-utils/1.5.8/plexus-utils-1.5.8.pom
2026-04-19T22:07:40.7363740Z [INFO] Downloaded from central: https://repo.maven.apache.org/maven2/org/codehaus/plexus/plexus-utils/1.5.8/plexus-utils-1.5.8.pom (8.1 kB at 244 kB/s)
2026-04-19T22:07:40.7831550Z [INFO] Downloading from central: https://repo.maven.apache.org/maven2/org/codehaus/plexus/plexus/2.0.2/plexus-2.0.2.pom
2026-04-19T22:07:40.8083740Z [INFO] Downloaded from central: https://repo.maven.apache.org/maven2/org/codehaus/plexus/plexus/2.0.2/plexus-2.0.2.pom (12 kB at 553 kB/s)
2026-04-19T22:07:40.8194370Z [INFO] Downloading from central: https://repo.maven.apache.org/maven2/org/apache/maven/doxia/doxia-site-renderer/1.0/doxia-site-renderer-1.0.pom
2026-04-19T22:07:40.8195560Z [INFO] Downloaded from central: https://repo.maven.apache.org/maven2/org/apache/maven/doxia/doxia-site-renderer/1.0/doxia-site-renderer-1.0.pom (4.4 kB at 260 kB/s)
2026-04-19T22:07:40.8332580Z [INFO] Downloading from central: https://repo.maven.apache.org/maven2/org/apache/maven/doxia/doxia-sitetools/1.0/doxia-sitetools-1.0.pom
2026-04-19T22:07:40.8434130Z [INFO] Downloaded from central: https://repo.maven.apache.org/maven2/org/apache/maven/doxia/doxia-sitetools/1.0/doxia-sitetools-1.0.pom (9.6 kB at 564 kB/s)
2026-04-19T22:07:40.8534250Z [INFO] Downloading from central: https://repo.maven.apache.org/maven2/org/apache/maven/maven-parent/11/maven-parent-11.pom
2026-04-19T22:07:40.8635860Z [INFO] Downloaded from central: https://repo.maven.apache.org/maven2/org/apache/maven/maven-parent/11/maven-parent-11.pom (32 kB at 2.2 MB/s)
2026-04-19T22:07:40.8737310Z [INFO] Downloading from central: https://repo.maven.apache.org/maven2/org/apache/apache/5/apache-5.pom
2026-04-19T22:07:40.8837830Z [INFO] Downloaded from central: https://repo.maven.apache.org/maven2/org/apache/apache/5/apache-5.pom (4.1 kB at 273 kB/s)
2026-04-19T22:07:40.8858280Z [INFO] Downloading from central: https://repo.maven.apache.org/maven2/org/apache/maven/doxia/doxia-core/1.0/doxia-core-1.0.pom
2026-04-19T22:07:40.8922820Z [INFO] Downloaded from central: https://repo.maven.apache.org/maven2/org/apache/maven/doxia/doxia-core/1.0/doxia-core-1.0.pom (2.4 kB at 171 kB/s)
2026-04-19T22:07:40.8925050Z [INFO] Downloading from central: https://repo.maven.apache.org/maven2/org/codehaus/plexus/plexus-utils/1.5.7/plexus-utils-1.5.7.pom
2026-04-19T22:07:40.8994280Z [INFO] Downloaded from central: https://repo.maven.apache.org/maven2/org/codehaus/plexus/plexus-utils/1.5.7/plexus-utils-1.5.7.pom (8.1 kB at 504 kB/s)
2026-04-19T22:07:40.9021050Z [INFO] Downloading from central: https://repo.maven.apache.org/maven2/org/codehaus/plexus/plexus-container-default/1.0-alpha-30/plexus-container-default-1.0-alpha-30.pom
2026-04-19T22:07:40.9199610Z [INFO] Downloaded from central: https://repo.maven.apache.org/maven2/org/codehaus/plexus/plexus-container-default/1.0-alpha-30/plexus-container-default-1.0-alpha-30.pom (3.5 kB at 193 kB/s)
2026-04-19T22:07:40.9226160Z [INFO] Downloading from central: https://repo.maven.apache.org/maven2/org/codehaus/plexus/plexus-containers/1.0-alpha-30/plexus-containers-1.0-alpha-30.pom
2026-04-19T22:07:40.9373840Z [INFO] Downloaded from central: https://repo.maven.apache.org/maven2/org/codehaus/plexus/plexus-containers/1.0-alpha-30/plexus-containers-1.0-alpha-30.pom (1.9 kB at 118 kB/s)
2026-04-19T22:07:40.9407860Z [INFO] Downloading from central: https://repo.maven.apache.org/maven2/org/codehaus/plexus/plexus-utils/1.4.5/plexus-utils-1.4.5.pom
2026-04-19T22:07:40.9552070Z [INFO] Downloaded from central: https://repo.maven.apache.org/maven2/org/codehaus/plexus/plexus-utils/1.4.5/plexus-utils-1.4.5.pom (2.3 kB at 174 kB/s)
2026-04-19T22:07:40.9602680Z [INFO] Downloading from central: https://repo.maven.apache.org/maven2/org/codehaus/plexus/plexus-classworlds/1.2-alpha-9/plexus-classworlds-1.2-alpha-9.pom
2026-04-19T22:07:40.9675410Z [INFO] Downloaded from central: https://repo.maven.apache.org/maven2/org/codehaus/plexus/plexus-classworlds/1.2-alpha-9/plexus-classworlds-1.2-alpha-9.pom (3.2 kB at 248 kB/s)
2026-04-19T22:07:40.9691080Z [INFO] Downloading from central: https://repo.maven.apache.org/maven2/org/codehaus/plexus/plexus/1.0.10/plexus-1.0.10.pom
2026-04-19T22:07:40.9840020Z [INFO] Downloaded from central: https://repo.maven.apache.org/maven2/org/codehaus/plexus/plexus/1.0.10/plexus-1.0.10.pom (8.2 kB at 550 kB/s)
2026-04-19T22:07:40.9859360Z [INFO] Downloading from central: https://repo.maven.apache.org/maven2/junit/junit/3.8.1/junit-3.8.1.pom
2026-04-19T22:07:41.0010090Z [INFO] Downloaded from central: https://repo.maven.apache.org/maven2/junit/junit/3.8.1/junit-3.8.1.pom (998 B at 67 kB/s)
2026-04-19T22:07:41.0029780Z [INFO] Downloading from central: https://repo.maven.apache.org/maven2/org/codehaus/plexus/plexus-i18n/1.0-beta-7/plexus-i18n-1.0-beta-7.pom
2026-04-19T22:07:41.0187940Z [INFO] Downloaded from central: https://repo.maven.apache.org/maven2/org/codehaus/plexus/plexus-i18n/1.0-beta-7/plexus-i18n-1.0-beta-7.pom (1.1 kB at 66 kB/s)
2026-04-19T22:07:41.0356870Z [INFO] Downloading from central: https://repo.maven.apache.org/maven2/org/codehaus/plexus/plexus-components/1.1.12/plexus-components-1.1.12.pom
2026-04-19T22:07:41.0515810Z [INFO] Downloaded from central: https://repo.maven.apache.org/maven2/org/codehaus/plexus/plexus-components/1.1.12/plexus-components-1.1.12.pom (3.0 kB at 188 kB/s)
2026-04-19T22:07:41.0553070Z [INFO] Downloading from central: https://repo.maven.apache.org/maven2/org/codehaus/plexus/plexus-utils/1.4.1/plexus-utils-1.4.1.pom
2026-04-19T22:07:41.0686750Z [INFO] Downloaded from central: https://repo.maven.apache.org/maven2/org/codehaus/plexus/plexus-utils/1.4.1/plexus-utils-1.4.1.pom (1.9 kB at 127 kB/s)
2026-04-19T22:07:41.0715750Z [INFO] Downloading from central: https://repo.maven.apache.org/maven2/org/codehaus/plexus/plexus-velocity/1.1.7/plexus-velocity-1.1.7.pom
2026-04-19T22:07:41.1011230Z [INFO] Downloaded from central: https://repo.maven.apache.org/maven2/org/codehaus/plexus/plexus-velocity/1.1.7/plexus-velocity-1.1.7.pom (2.0 kB at 65 kB/s)
2026-04-19T22:07:41.1091920Z [INFO] Downloading from central: https://repo.maven.apache.org/maven2/org/codehaus/plexus/plexus-container-default/1.0-alpha-20/plexus-container-default-1.0-alpha-20.pom
2026-04-19T22:07:41.1258730Z [INFO] Downloaded from central: https://repo.maven.apache.org/maven2/org/codehaus/plexus/plexus-container-default/1.0-alpha-20/plexus-container-default-1.0-alpha-20.pom (3.0 kB at 187 kB/s)
2026-04-19T22:07:41.1260760Z [INFO] Downloading from central: https://repo.maven.apache.org/maven2/org/codehaus/plexus/plexus-containers/1.0-alpha-20/plexus-containers-1.0-alpha-20.pom
2026-04-19T22:07:41.1426360Z [INFO] Downloaded from central: https://repo.maven.apache.org/maven2/org/codehaus/plexus/plexus-containers/1.0-alpha-20/plexus-containers-1.0-alpha-20.pom (1.9 kB at 111 kB/s)
2026-04-19T22:07:41.1449620Z [INFO] Downloading from central: https://repo.maven.apache.org/maven2/org/codehaus/plexus/plexus-utils/1.3/plexus-utils-1.3.pom
2026-04-19T22:07:41.1589030Z [INFO] Downloaded from central: https://repo.maven.apache.org/maven2/org/codehaus/plexus/plexus-utils/1.3/plexus-utils-1.3.pom (1.0 kB at 74 kB/s)
2026-04-19T22:07:41.1614170Z [INFO] Downloading from central: https://repo.maven.apache.org/maven2/org/codehaus/plexus/plexus/1.0.8/plexus-1.0.8.pom
2026-04-19T22:07:41.1736990Z [INFO] Downloaded from central: https://repo.maven.apache.org/maven2/org/codehaus/plexus/plexus/1.0.8/plexus-1.0.8.pom (7.2 kB at 556 kB/s)
2026-04-19T22:07:41.1811890Z [INFO] Downloading from central: https://repo.maven.apache.org/maven2/org/codehaus/plexus/plexus-classworlds/1.2-alpha-7/plexus-classworlds-1.2-alpha-7.pom
2026-04-19T22:07:41.1988690Z [INFO] Downloaded from central: https://repo.maven.apache.org/maven2/org/codehaus/plexus/plexus-classworlds/1.2-alpha-7/plexus-classworlds-1.2-alpha-7.pom (2.4 kB at 132 kB/s)
2026-04-19T22:07:41.2008130Z [INFO] Downloading from central: https://repo.maven.apache.org/maven2/org/codehaus/plexus/plexus/1.0.9/plexus-1.0.9.pom
2026-04-19T22:07:41.2171530Z [INFO] Downloaded from central: https://repo.maven.apache.org/maven2/org/codehaus/plexus/plexus/1.0.9/plexus-1.0.9.pom (7.7 kB at 480 kB/s)
2026-04-19T22:07:41.2192710Z [INFO] Downloading from central: https://repo.maven.apache.org/maven2/org/apache/velocity/velocity/1.5/velocity-1.5.pom
2026-04-19T22:07:41.2368710Z [INFO] Downloaded from central: https://repo.maven.apache.org/maven2/org/apache/velocity/velocity/1.5/velocity-1.5.pom (7.8 kB at 431 kB/s)
2026-04-19T22:07:41.2389890Z [INFO] Downloading from central: https://repo.maven.apache.org/maven2/commons-collections/commons-collections/3.1/commons-collections-3.1.pom
2026-04-19T22:07:41.2591550Z [INFO] Downloaded from central: https://repo.maven.apache.org/maven2/commons-collections/commons-collections/3.1/commons-collections-3.1.pom (6.1 kB at 304 kB/s)
2026-04-19T22:07:41.2624270Z [INFO] Downloading from central: https://repo.maven.apache.org/maven2/commons-lang/commons-lang/2.1/commons-lang-2.1.pom
2026-04-19T22:07:41.2784470Z [INFO] Downloaded from central: https://repo.maven.apache.org/maven2/commons-lang/commons-lang/2.1/commons-lang-2.1.pom (9.9 kB at 552 kB/s)
2026-04-19T22:07:41.2816640Z [INFO] Downloading from central: https://repo.maven.apache.org/maven2/oro/oro/2.0.8/oro-2.0.8.pom
2026-04-19T22:07:41.2972290Z [INFO] Downloaded from central: https://repo.maven.apache.org/maven2/oro/oro/2.0.8/oro-2.0.8.pom (140 B at 8.2 kB/s)
2026-04-19T22:07:41.2987610Z [INFO] Downloading from central: https://repo.maven.apache.org/maven2/org/apache/maven/doxia/doxia-decoration-model/1.0/doxia-decoration-model-1.0.pom
2026-04-19T22:07:41.3146820Z [INFO] Downloaded from central: https://repo.maven.apache.org/maven2/org/apache/maven/doxia/doxia-decoration-model/1.0/doxia-decoration-model-1.0.pom (3.2 kB at 197 kB/s)
2026-04-19T22:07:41.3170100Z [INFO] Downloading from central: https://repo.maven.apache.org/maven2/commons-collections/commons-collections/3.2/commons-collections-3.2.pom
2026-04-19T22:07:41.3326440Z [INFO] Downloaded from central: https://repo.maven.apache.org/maven2/commons-collections/commons-collections/3.2/commons-collections-3.2.pom (11 kB at 690 kB/s)
2026-04-19T22:07:41.3389760Z [INFO] Downloading from central: https://repo.maven.apache.org/maven2/org/apache/maven/doxia/doxia-module-apt/1.0/doxia-module-apt-1.0.pom
2026-04-19T22:07:41.3513460Z [INFO] Downloaded from central: https://repo.maven.apache.org/maven2/org/apache/maven/doxia/doxia-module-apt/1.0/doxia-module-apt-1.0.pom (2.3 kB at 141 kB/s)
2026-04-19T22:07:41.3557050Z [INFO] Downloading from central: https://repo.maven.apache.org/maven2/org/apache/maven/doxia/doxia-modules/1.0/doxia-modules-1.0.pom
2026-04-19T22:07:41.3688680Z [INFO] Downloaded from central: https://repo.maven.apache.org/maven2/org/apache/maven/doxia/doxia-modules/1.0/doxia-modules-1.0.pom (2.4 kB at 141 kB/s)
2026-04-19T22:07:41.3714400Z [INFO] Downloading from central: https://repo.maven.apache.org/maven2/org/apache/maven/doxia/doxia-module-fml/1.0/doxia-module-fml-1.0.pom
2026-04-19T22:07:41.3916090Z [INFO] Downloaded from central: https://repo.maven.apache.org/maven2/org/apache/maven/doxia/doxia-module-fml/1.0/doxia-module-fml-1.0.pom (2.7 kB at 168 kB/s)
2026-04-19T22:07:41.3990220Z [INFO] Downloading from central: https://repo.maven.apache.org/maven2/org/apache/maven/doxia/doxia-module-xdoc/1.0/doxia-module-xdoc-1.0.pom
2026-04-19T22:07:41.4148320Z [INFO] Downloaded from central: https://repo.maven.apache.org/maven2/org/apache/maven/doxia/doxia-module-xdoc/1.0/doxia-module-xdoc-1.0.pom (2.2 kB at 125 kB/s)
2026-04-19T22:07:41.4253870Z [INFO] Downloading from central: https://repo.maven.apache.org/maven2/org/apache/maven/doxia/doxia-module-xhtml/1.0/doxia-module-xhtml-1.0.pom
2026-04-19T22:07:41.4304020Z [INFO] Downloaded from central: https://repo.maven.apache.org/maven2/org/apache/maven/doxia/doxia-module-xhtml/1.0/doxia-module-xhtml-1.0.pom (1.6 kB at 89 kB/s)
2026-04-19T22:07:41.4459220Z [INFO] Downloading from central: https://repo.maven.apache.org/maven2/org/apache/felix/maven-bundle-plugin/6.0.2/maven-bundle-plugin-6.0.2.jar
2026-04-19T22:07:41.4678510Z [INFO] Downloaded from central: https://repo.maven.apache.org/maven2/org/apache/felix/maven-bundle-plugin/6.0.2/maven-bundle-plugin-6.0.2.jar (213 kB at 9.7 MB/s)
2026-04-19T22:07:41.4693560Z [INFO] Downloading from central: https://repo.maven.apache.org/maven2/org/osgi/org.osgi.core/6.0.0/org.osgi.core-6.0.0.jar
2026-04-19T22:07:41.4709920Z [INFO] Downloading from central: https://repo.maven.apache.org/maven2/biz/aQute/bnd/biz.aQute.bndlib/7.0.0/biz.aQute.bndlib-7.0.0.jar
2026-04-19T22:07:41.4812350Z [INFO] Downloading from central: https://repo.maven.apache.org/maven2/org/osgi/org.osgi.dto/1.0.0/org.osgi.dto-1.0.0.jar
2026-04-19T22:07:41.4920420Z [INFO] Downloading from central: https://repo.maven.apache.org/maven2/org/osgi/org.osgi.resource/1.0.0/org.osgi.resource-1.0.0.jar
2026-04-19T22:07:41.4954470Z [INFO] Downloading from central: https://repo.maven.apache.org/maven2/org/osgi/org.osgi.framework/1.8.0/org.osgi.framework-1.8.0.jar
2026-04-19T22:07:41.5044940Z [INFO] Downloaded from central: https://repo.maven.apache.org/maven2/org/osgi/org.osgi.dto/1.0.0/org.osgi.dto-1.0.0.jar (15 kB at 437 kB/s)
2026-04-19T22:07:41.5053740Z [INFO] Downloading from central: https://repo.maven.apache.org/maven2/org/osgi/org.osgi.util.tracker/1.5.4/org.osgi.util.tracker-1.5.4.jar
2026-04-19T22:07:41.5252520Z [INFO] Downloaded from central: https://repo.maven.apache.org/maven2/org/osgi/org.osgi.resource/1.0.0/org.osgi.resource-1.0.0.jar (33 kB at 718 kB/s)
2026-04-19T22:07:41.5288110Z [INFO] Downloading from central: https://repo.maven.apache.org/maven2/org/osgi/osgi.annotation/8.0.1/osgi.annotation-8.0.1.jar
2026-04-19T22:07:41.5289100Z [INFO] Downloaded from central: https://repo.maven.apache.org/maven2/org/osgi/org.osgi.util.tracker/1.5.4/org.osgi.util.tracker-1.5.4.jar (44 kB at 801 kB/s)
2026-04-19T22:07:41.5289970Z [INFO] Downloading from central: https://repo.maven.apache.org/maven2/org/osgi/org.osgi.service.log/1.3.0/org.osgi.service.log-1.3.0.jar
2026-04-19T22:07:41.5290790Z [INFO] Downloaded from central: https://repo.maven.apache.org/maven2/org/osgi/org.osgi.core/6.0.0/org.osgi.core-6.0.0.jar (475 kB at 8.1 MB/s)
2026-04-19T22:07:41.5291570Z [INFO] Downloading from central: https://repo.maven.apache.org/maven2/org/osgi/org.osgi.service.repository/1.1.0/org.osgi.service.repository-1.1.0.jar
2026-04-19T22:07:41.5292490Z [INFO] Downloaded from central: https://repo.maven.apache.org/maven2/org/osgi/org.osgi.framework/1.8.0/org.osgi.framework-1.8.0.jar (345 kB at 5.9 MB/s)
2026-04-19T22:07:41.5293340Z [INFO] Downloading from central: https://repo.maven.apache.org/maven2/org/osgi/org.osgi.util.function/1.2.0/org.osgi.util.function-1.2.0.jar
2026-04-19T22:07:41.5361260Z [INFO] Downloaded from central: https://repo.maven.apache.org/maven2/org/osgi/osgi.annotation/8.0.1/osgi.annotation-8.0.1.jar (37 kB at 567 kB/s)
2026-04-19T22:07:41.5363770Z [INFO] Downloading from central: https://repo.maven.apache.org/maven2/org/osgi/org.osgi.util.promise/1.2.0/org.osgi.util.promise-1.2.0.jar
2026-04-19T22:07:41.5414380Z [INFO] Downloaded from central: https://repo.maven.apache.org/maven2/org/osgi/org.osgi.service.log/1.3.0/org.osgi.service.log-1.3.0.jar (17 kB at 261 kB/s)
2026-04-19T22:07:41.5415320Z [INFO] Downloading from central: https://repo.maven.apache.org/maven2/biz/aQute/bnd/biz.aQute.bnd.util/7.0.0/biz.aQute.bnd.util-7.0.0.jar
2026-04-19T22:07:41.5471040Z [INFO] Downloaded from central: https://repo.maven.apache.org/maven2/org/osgi/org.osgi.util.function/1.2.0/org.osgi.util.function-1.2.0.jar (24 kB at 343 kB/s)
2026-04-19T22:07:41.5472230Z [INFO] Downloading from central: https://repo.maven.apache.org/maven2/org/slf4j/slf4j-api/1.7.25/slf4j-api-1.7.25.jar
2026-04-19T22:07:41.5480910Z [INFO] Downloaded from central: https://repo.maven.apache.org/maven2/org/osgi/org.osgi.service.repository/1.1.0/org.osgi.service.repository-1.1.0.jar (25 kB at 363 kB/s)
2026-04-19T22:07:41.5482290Z [INFO] Downloading from central: https://repo.maven.apache.org/maven2/org/apache/felix/org.apache.felix.bundlerepository/1.6.6/org.apache.felix.bundlerepository-1.6.6.jar
2026-04-19T22:07:41.5486490Z [INFO] Downloaded from central: https://repo.maven.apache.org/maven2/biz/aQute/bnd/biz.aQute.bndlib/7.0.0/biz.aQute.bndlib-7.0.0.jar (3.2 MB at 41 MB/s)
2026-04-19T22:07:41.5488200Z [INFO] Downloading from central: https://repo.maven.apache.org/maven2/org/easymock/easymock/2.4/easymock-2.4.jar
2026-04-19T22:07:41.5631830Z [INFO] Downloaded from central: https://repo.maven.apache.org/maven2/org/osgi/org.osgi.util.promise/1.2.0/org.osgi.util.promise-1.2.0.jar (83 kB at 1.0 MB/s)
2026-04-19T22:07:41.5634760Z [INFO] Downloading from central: https://repo.maven.apache.org/maven2/org/apache/felix/org.apache.felix.utils/1.6.0/org.apache.felix.utils-1.6.0.jar
2026-04-19T22:07:41.5638160Z [INFO] Downloaded from central: https://repo.maven.apache.org/maven2/org/slf4j/slf4j-api/1.7.25/slf4j-api-1.7.25.jar (41 kB at 485 kB/s)
2026-04-19T22:07:41.5638970Z [INFO] Downloading from central: https://repo.maven.apache.org/maven2/org/osgi/org.osgi.compendium/4.2.0/org.osgi.compendium-4.2.0.jar
2026-04-19T22:07:41.5639960Z [INFO] Downloaded from central: https://repo.maven.apache.org/maven2/org/apache/felix/org.apache.felix.bundlerepository/1.6.6/org.apache.felix.bundlerepository-1.6.6.jar (168 kB at 2.0 MB/s)
2026-04-19T22:07:41.5640960Z [INFO] Downloading from central: https://repo.maven.apache.org/maven2/org/apache/maven/reporting/maven-reporting-api/3.0/maven-reporting-api-3.0.jar
2026-04-19T22:07:41.5721110Z [INFO] Downloaded from central: https://repo.maven.apache.org/maven2/org/easymock/easymock/2.4/easymock-2.4.jar (81 kB at 863 kB/s)
2026-04-19T22:07:41.5721980Z [INFO] Downloading from central: https://repo.maven.apache.org/maven2/org/apache/maven/maven-archiver/3.5.2/maven-archiver-3.5.2.jar
2026-04-19T22:07:41.5745400Z [INFO] Downloaded from central: https://repo.maven.apache.org/maven2/biz/aQute/bnd/biz.aQute.bnd.util/7.0.0/biz.aQute.bnd.util-7.0.0.jar (442 kB at 4.6 MB/s)
2026-04-19T22:07:41.5804510Z [INFO] Downloading from central: https://repo.maven.apache.org/maven2/org/apache/maven/maven-artifact/3.1.1/maven-artifact-3.1.1.jar
2026-04-19T22:07:41.5813490Z [INFO] Downloaded from central: https://repo.maven.apache.org/maven2/org/apache/maven/reporting/maven-reporting-api/3.0/maven-reporting-api-3.0.jar (11 kB at 107 kB/s)
2026-04-19T22:07:41.5818040Z [INFO] Downloading from central: https://repo.maven.apache.org/maven2/org/apache/maven/maven-model/3.1.1/maven-model-3.1.1.jar
2026-04-19T22:07:41.5818890Z [INFO] Downloaded from central: https://repo.maven.apache.org/maven2/org/osgi/org.osgi.compendium/4.2.0/org.osgi.compendium-4.2.0.jar (614 kB at 6.0 MB/s)
2026-04-19T22:07:41.5819680Z [INFO] Downloading from central: https://repo.maven.apache.org/maven2/org/apache/maven/maven-core/3.1.1/maven-core-3.1.1.jar
2026-04-19T22:07:41.5821340Z [INFO] Downloaded from central: https://repo.maven.apache.org/maven2/org/apache/felix/org.apache.felix.utils/1.6.0/org.apache.felix.utils-1.6.0.jar (68 kB at 657 kB/s)
2026-04-19T22:07:41.5822180Z [INFO] Downloading from central: https://repo.maven.apache.org/maven2/org/apache/maven/maven-settings/3.1.1/maven-settings-3.1.1.jar
2026-04-19T22:07:41.5898320Z [INFO] Downloaded from central: https://repo.maven.apache.org/maven2/org/apache/maven/maven-artifact/3.1.1/maven-artifact-3.1.1.jar (52 kB at 467 kB/s)
2026-04-19T22:07:41.5901920Z [INFO] Downloading from central: https://repo.maven.apache.org/maven2/org/apache/maven/maven-settings-builder/3.1.1/maven-settings-builder-3.1.1.jar
2026-04-19T22:07:41.5931890Z [INFO] Downloaded from central: https://repo.maven.apache.org/maven2/org/apache/maven/maven-model/3.1.1/maven-model-3.1.1.jar (154 kB at 1.3 MB/s)
2026-04-19T22:07:41.6036700Z [INFO] Downloading from central: https://repo.maven.apache.org/maven2/org/apache/maven/maven-repository-metadata/3.1.1/maven-repository-metadata-3.1.1.jar
2026-04-19T22:07:41.6072700Z [INFO] Downloaded from central: https://repo.maven.apache.org/maven2/org/apache/maven/maven-archiver/3.5.2/maven-archiver-3.5.2.jar (26 kB at 222 kB/s)
2026-04-19T22:07:41.6073630Z [INFO] Downloading from central: https://repo.maven.apache.org/maven2/org/apache/maven/maven-plugin-api/3.1.1/maven-plugin-api-3.1.1.jar
2026-04-19T22:07:41.6074450Z [INFO] Downloaded from central: https://repo.maven.apache.org/maven2/org/apache/maven/maven-settings/3.1.1/maven-settings-3.1.1.jar (42 kB at 342 kB/s)
2026-04-19T22:07:41.6075840Z [INFO] Downloading from central: https://repo.maven.apache.org/maven2/org/apache/maven/maven-model-builder/3.1.1/maven-model-builder-3.1.1.jar
2026-04-19T22:07:41.6076680Z [INFO] Downloaded from central: https://repo.maven.apache.org/maven2/org/apache/maven/maven-core/3.1.1/maven-core-3.1.1.jar (557 kB at 4.5 MB/s)
2026-04-19T22:07:41.6077500Z [INFO] Downloading from central: https://repo.maven.apache.org/maven2/org/apache/maven/maven-aether-provider/3.1.1/maven-aether-provider-3.1.1.jar
2026-04-19T22:07:41.6078430Z [INFO] Downloaded from central: https://repo.maven.apache.org/maven2/org/apache/maven/maven-settings-builder/3.1.1/maven-settings-builder-3.1.1.jar (42 kB at 327 kB/s)
2026-04-19T22:07:41.6079270Z [INFO] Downloading from central: https://repo.maven.apache.org/maven2/org/eclipse/aether/aether-spi/0.9.0.M2/aether-spi-0.9.0.M2.jar
2026-04-19T22:07:41.6269450Z [INFO] Downloaded from central: https://repo.maven.apache.org/maven2/org/apache/maven/maven-repository-metadata/3.1.1/maven-repository-metadata-3.1.1.jar (25 kB at 169 kB/s)
2026-04-19T22:07:41.6273300Z [INFO] Downloading from central: https://repo.maven.apache.org/maven2/org/eclipse/aether/aether-impl/0.9.0.M2/aether-impl-0.9.0.M2.jar
2026-04-19T22:07:41.6423030Z [INFO] Downloaded from central: https://repo.maven.apache.org/maven2/org/apache/maven/maven-plugin-api/3.1.1/maven-plugin-api-3.1.1.jar (45 kB at 274 kB/s)
2026-04-19T22:07:41.6424420Z [INFO] Downloading from central: https://repo.maven.apache.org/maven2/org/eclipse/aether/aether-api/0.9.0.M2/aether-api-0.9.0.M2.jar
2026-04-19T22:07:41.6425450Z [INFO] Downloaded from central: https://repo.maven.apache.org/maven2/org/apache/maven/maven-aether-provider/3.1.1/maven-aether-provider-3.1.1.jar (60 kB at 363 kB/s)
2026-04-19T22:07:41.6426350Z [INFO] Downloading from central: https://repo.maven.apache.org/maven2/org/eclipse/sisu/org.eclipse.sisu.plexus/0.0.0.M5/org.eclipse.sisu.plexus-0.0.0.M5.jar
2026-04-19T22:07:41.6427210Z [INFO] Downloaded from central: https://repo.maven.apache.org/maven2/org/eclipse/aether/aether-spi/0.9.0.M2/aether-spi-0.9.0.M2.jar (18 kB at 108 kB/s)
2026-04-19T22:07:41.6427920Z [INFO] Downloading from central: https://repo.maven.apache.org/maven2/javax/enterprise/cdi-api/1.0/cdi-api-1.0.jar
2026-04-19T22:07:41.6428660Z [INFO] Downloaded from central: https://repo.maven.apache.org/maven2/org/apache/maven/maven-model-builder/3.1.1/maven-model-builder-3.1.1.jar (160 kB at 973 kB/s)
2026-04-19T22:07:41.6429400Z [INFO] Downloading from central: https://repo.maven.apache.org/maven2/javax/annotation/jsr250-api/1.0/jsr250-api-1.0.jar
2026-04-19T22:07:41.6509400Z [INFO] Downloaded from central: https://repo.maven.apache.org/maven2/org/eclipse/aether/aether-impl/0.9.0.M2/aether-impl-0.9.0.M2.jar (145 kB at 837 kB/s)
2026-04-19T22:07:41.6510160Z [INFO] Downloading from central: https://repo.maven.apache.org/maven2/javax/inject/javax.inject/1/javax.inject-1.jar
2026-04-19T22:07:41.6550470Z [INFO] Downloaded from central: https://repo.maven.apache.org/maven2/javax/annotation/jsr250-api/1.0/jsr250-api-1.0.jar (5.8 kB at 33 kB/s)
2026-04-19T22:07:41.6551360Z [INFO] Downloading from central: https://repo.maven.apache.org/maven2/com/google/guava/guava/10.0.1/guava-10.0.1.jar
2026-04-19T22:07:41.6574210Z [INFO] Downloaded from central: https://repo.maven.apache.org/maven2/org/eclipse/aether/aether-api/0.9.0.M2/aether-api-0.9.0.M2.jar (134 kB at 744 kB/s)
2026-04-19T22:07:41.6577160Z [INFO] Downloading from central: https://repo.maven.apache.org/maven2/com/google/code/findbugs/jsr305/1.3.9/jsr305-1.3.9.jar
2026-04-19T22:07:41.6578120Z [INFO] Downloaded from central: https://repo.maven.apache.org/maven2/javax/enterprise/cdi-api/1.0/cdi-api-1.0.jar (45 kB at 249 kB/s)
2026-04-19T22:07:41.6579020Z [INFO] Downloading from central: https://repo.maven.apache.org/maven2/org/sonatype/sisu/sisu-guice/3.1.0/sisu-guice-3.1.0-no_aop.jar
2026-04-19T22:07:41.6629410Z [INFO] Downloaded from central: https://repo.maven.apache.org/maven2/org/eclipse/sisu/org.eclipse.sisu.plexus/0.0.0.M5/org.eclipse.sisu.plexus-0.0.0.M5.jar (197 kB at 1.1 MB/s)
2026-04-19T22:07:41.6630700Z [INFO] Downloading from central: https://repo.maven.apache.org/maven2/aopalliance/aopalliance/1.0/aopalliance-1.0.jar
2026-04-19T22:07:41.6783000Z [INFO] Downloaded from central: https://repo.maven.apache.org/maven2/javax/inject/javax.inject/1/javax.inject-1.jar (2.5 kB at 13 kB/s)
2026-04-19T22:07:41.6808710Z [INFO] Downloading from central: https://repo.maven.apache.org/maven2/org/eclipse/sisu/org.eclipse.sisu.inject/0.0.0.M5/org.eclipse.sisu.inject-0.0.0.M5.jar
2026-04-19T22:07:41.6809790Z [INFO] Downloaded from central: https://repo.maven.apache.org/maven2/com/google/code/findbugs/jsr305/1.3.9/jsr305-1.3.9.jar (33 kB at 167 kB/s)
2026-04-19T22:07:41.6810680Z [INFO] Downloading from central: https://repo.maven.apache.org/maven2/org/codehaus/plexus/plexus-classworlds/2.5.1/plexus-classworlds-2.5.1.jar
2026-04-19T22:07:41.6811630Z [INFO] Downloaded from central: https://repo.maven.apache.org/maven2/org/sonatype/sisu/sisu-guice/3.1.0/sisu-guice-3.1.0-no_aop.jar (357 kB at 1.8 MB/s)
2026-04-19T22:07:41.6812560Z [INFO] Downloading from central: https://repo.maven.apache.org/maven2/org/sonatype/plexus/plexus-sec-dispatcher/1.3/plexus-sec-dispatcher-1.3.jar
2026-04-19T22:07:41.6813400Z [INFO] Downloaded from central: https://repo.maven.apache.org/maven2/com/google/guava/guava/10.0.1/guava-10.0.1.jar (1.5 MB at 7.4 MB/s)
2026-04-19T22:07:41.6814200Z [INFO] Downloading from central: https://repo.maven.apache.org/maven2/org/sonatype/plexus/plexus-cipher/1.4/plexus-cipher-1.4.jar
2026-04-19T22:07:41.6891310Z [INFO] Downloaded from central: https://repo.maven.apache.org/maven2/aopalliance/aopalliance/1.0/aopalliance-1.0.jar (4.5 kB at 21 kB/s)
2026-04-19T22:07:41.6892420Z [INFO] Downloading from central: https://repo.maven.apache.org/maven2/org/apache/maven/shared/maven-shared-utils/3.3.3/maven-shared-utils-3.3.3.jar
2026-04-19T22:07:41.6916030Z [INFO] Downloaded from central: https://repo.maven.apache.org/maven2/org/codehaus/plexus/plexus-classworlds/2.5.1/plexus-classworlds-2.5.1.jar (50 kB at 234 kB/s)
2026-04-19T22:07:41.6917080Z [INFO] Downloading from central: https://repo.maven.apache.org/maven2/commons-io/commons-io/2.6/commons-io-2.6.jar
2026-04-19T22:07:41.6963290Z [INFO] Downloaded from central: https://repo.maven.apache.org/maven2/org/sonatype/plexus/plexus-cipher/1.4/plexus-cipher-1.4.jar (13 kB at 63 kB/s)
2026-04-19T22:07:41.6964340Z [INFO] Downloading from central: https://repo.maven.apache.org/maven2/org/apache/commons/commons-compress/1.20/commons-compress-1.20.jar
2026-04-19T22:07:41.6965310Z [INFO] Downloaded from central: https://repo.maven.apache.org/maven2/org/sonatype/plexus/plexus-sec-dispatcher/1.3/plexus-sec-dispatcher-1.3.jar (29 kB at 132 kB/s)
2026-04-19T22:07:41.6966230Z [INFO] Downloading from central: https://repo.maven.apache.org/maven2/org/codehaus/plexus/plexus-archiver/4.2.7/plexus-archiver-4.2.7.jar
2026-04-19T22:07:41.6967200Z [INFO] Downloaded from central: https://repo.maven.apache.org/maven2/org/eclipse/sisu/org.eclipse.sisu.inject/0.0.0.M5/org.eclipse.sisu.inject-0.0.0.M5.jar (291 kB at 1.3 MB/s)
2026-04-19T22:07:41.6968090Z [INFO] Downloading from central: https://repo.maven.apache.org/maven2/org/codehaus/plexus/plexus-io/3.2.0/plexus-io-3.2.0.jar
2026-04-19T22:07:41.7095060Z [INFO] Downloaded from central: https://repo.maven.apache.org/maven2/commons-io/commons-io/2.6/commons-io-2.6.jar (215 kB at 930 kB/s)
2026-04-19T22:07:41.7102330Z [INFO] Downloading from central: https://repo.maven.apache.org/maven2/org/iq80/snappy/snappy/0.4/snappy-0.4.jar
2026-04-19T22:07:41.7144520Z [INFO] Downloaded from central: https://repo.maven.apache.org/maven2/org/codehaus/plexus/plexus-io/3.2.0/plexus-io-3.2.0.jar (76 kB at 323 kB/s)
2026-04-19T22:07:41.7145560Z [INFO] Downloading from central: https://repo.maven.apache.org/maven2/org/tukaani/xz/1.9/xz-1.9.jar
2026-04-19T22:07:41.7146420Z [INFO] Downloaded from central: https://repo.maven.apache.org/maven2/org/apache/maven/shared/maven-shared-utils/3.3.3/maven-shared-utils-3.3.3.jar (154 kB at 655 kB/s)
2026-04-19T22:07:41.7147890Z [INFO] Downloading from central: https://repo.maven.apache.org/maven2/org/codehaus/plexus/plexus-interpolation/1.26/plexus-interpolation-1.26.jar
2026-04-19T22:07:41.7177070Z [INFO] Downloaded from central: https://repo.maven.apache.org/maven2/org/apache/commons/commons-compress/1.20/commons-compress-1.20.jar (632 kB at 2.7 MB/s)
2026-04-19T22:07:41.7178080Z [INFO] Downloading from central: https://repo.maven.apache.org/maven2/org/apache/maven/shared/maven-dependency-tree/3.0/maven-dependency-tree-3.0.jar
2026-04-19T22:07:41.7179050Z [INFO] Downloaded from central: https://repo.maven.apache.org/maven2/org/codehaus/plexus/plexus-archiver/4.2.7/plexus-archiver-4.2.7.jar (195 kB at 815 kB/s)
2026-04-19T22:07:41.7180030Z [INFO] Downloading from central: https://repo.maven.apache.org/maven2/org/codehaus/plexus/plexus-component-annotations/1.6/plexus-component-annotations-1.6.jar
2026-04-19T22:07:41.7242770Z [INFO] Downloaded from central: https://repo.maven.apache.org/maven2/org/iq80/snappy/snappy/0.4/snappy-0.4.jar (58 kB at 236 kB/s)
2026-04-19T22:07:41.7245380Z [INFO] Downloading from central: https://repo.maven.apache.org/maven2/org/eclipse/aether/aether-util/0.9.0.M2/aether-util-0.9.0.M2.jar
2026-04-19T22:07:41.7284610Z [INFO] Downloaded from central: https://repo.maven.apache.org/maven2/org/codehaus/plexus/plexus-interpolation/1.26/plexus-interpolation-1.26.jar (85 kB at 343 kB/s)
2026-04-19T22:07:41.7295980Z [INFO] Downloading from central: https://repo.maven.apache.org/maven2/org/codehaus/plexus/plexus-utils/3.3.0/plexus-utils-3.3.0.jar
2026-04-19T22:07:41.7296790Z [INFO] Downloaded from central: https://repo.maven.apache.org/maven2/org/tukaani/xz/1.9/xz-1.9.jar (116 kB at 464 kB/s)
2026-04-19T22:07:41.7297580Z [INFO] Downloading from central: https://repo.maven.apache.org/maven2/org/sonatype/plexus/plexus-build-api/0.0.7/plexus-build-api-0.0.7.jar
2026-04-19T22:07:41.7347630Z [INFO] Downloaded from central: https://repo.maven.apache.org/maven2/org/apache/maven/shared/maven-dependency-tree/3.0/maven-dependency-tree-3.0.jar (37 kB at 143 kB/s)
2026-04-19T22:07:41.7353560Z [INFO] Downloading from central: https://repo.maven.apache.org/maven2/org/apache/maven/doxia/doxia-sink-api/1.0/doxia-sink-api-1.0.jar
2026-04-19T22:07:41.7374190Z [INFO] Downloaded from central: https://repo.maven.apache.org/maven2/org/codehaus/plexus/plexus-component-annotations/1.6/plexus-component-annotations-1.6.jar (4.3 kB at 16 kB/s)
2026-04-19T22:07:41.7376830Z [INFO] Downloading from central: https://repo.maven.apache.org/maven2/org/apache/maven/doxia/doxia-site-renderer/1.0/doxia-site-renderer-1.0.jar
2026-04-19T22:07:41.7405510Z [INFO] Downloaded from central: https://repo.maven.apache.org/maven2/org/eclipse/aether/aether-util/0.9.0.M2/aether-util-0.9.0.M2.jar (134 kB at 510 kB/s)
2026-04-19T22:07:41.7411840Z [INFO] Downloading from central: https://repo.maven.apache.org/maven2/org/apache/maven/doxia/doxia-core/1.0/doxia-core-1.0.jar
2026-04-19T22:07:41.7424420Z [INFO] Downloaded from central: https://repo.maven.apache.org/maven2/org/codehaus/plexus/plexus-utils/3.3.0/plexus-utils-3.3.0.jar (263 kB at 1.0 MB/s)
2026-04-19T22:07:41.7425360Z [INFO] Downloading from central: https://repo.maven.apache.org/maven2/org/codehaus/plexus/plexus-i18n/1.0-beta-7/plexus-i18n-1.0-beta-7.jar
2026-04-19T22:07:41.7426170Z [INFO] Downloaded from central: https://repo.maven.apache.org/maven2/org/sonatype/plexus/plexus-build-api/0.0.7/plexus-build-api-0.0.7.jar (8.5 kB at 32 kB/s)
2026-04-19T22:07:41.7427060Z [INFO] Downloading from central: https://repo.maven.apache.org/maven2/org/codehaus/plexus/plexus-container-default/1.0-alpha-30/plexus-container-default-1.0-alpha-30.jar
2026-04-19T22:07:41.7571780Z [INFO] Downloaded from central: https://repo.maven.apache.org/maven2/org/codehaus/plexus/plexus-i18n/1.0-beta-7/plexus-i18n-1.0-beta-7.jar (11 kB at 38 kB/s)
2026-04-19T22:07:41.7589210Z [INFO] Downloading from central: https://repo.maven.apache.org/maven2/junit/junit/3.8.1/junit-3.8.1.jar
2026-04-19T22:07:41.7590410Z [INFO] Downloaded from central: https://repo.maven.apache.org/maven2/org/apache/maven/doxia/doxia-core/1.0/doxia-core-1.0.jar (55 kB at 197 kB/s)
2026-04-19T22:07:41.7591290Z [INFO] Downloading from central: https://repo.maven.apache.org/maven2/org/codehaus/plexus/plexus-velocity/1.1.7/plexus-velocity-1.1.7.jar
2026-04-19T22:07:41.7592200Z [INFO] Downloaded from central: https://repo.maven.apache.org/maven2/org/codehaus/plexus/plexus-container-default/1.0-alpha-30/plexus-container-default-1.0-alpha-30.jar (237 kB at 851 kB/s)
2026-04-19T22:07:41.7593030Z [INFO] Downloading from central: https://repo.maven.apache.org/maven2/org/apache/velocity/velocity/1.5/velocity-1.5.jar
2026-04-19T22:07:41.7593740Z [INFO] Downloaded from central: https://repo.maven.apache.org/maven2/org/apache/maven/doxia/doxia-sink-api/1.0/doxia-sink-api-1.0.jar (10 kB at 36 kB/s)
2026-04-19T22:07:41.7594450Z [INFO] Downloading from central: https://repo.maven.apache.org/maven2/commons-lang/commons-lang/2.1/commons-lang-2.1.jar
2026-04-19T22:07:41.7595200Z [INFO] Downloaded from central: https://repo.maven.apache.org/maven2/org/apache/maven/doxia/doxia-site-renderer/1.0/doxia-site-renderer-1.0.jar (47 kB at 166 kB/s)
2026-04-19T22:07:41.7595880Z [INFO] Downloading from central: https://repo.maven.apache.org/maven2/oro/oro/2.0.8/oro-2.0.8.jar
2026-04-19T22:07:41.7711300Z [INFO] Downloaded from central: https://repo.maven.apache.org/maven2/org/codehaus/plexus/plexus-velocity/1.1.7/plexus-velocity-1.1.7.jar (7.7 kB at 26 kB/s)
2026-04-19T22:07:41.7713860Z [INFO] Downloading from central: https://repo.maven.apache.org/maven2/org/apache/maven/doxia/doxia-decoration-model/1.0/doxia-decoration-model-1.0.jar
2026-04-19T22:07:41.7726560Z [INFO] Downloaded from central: https://repo.maven.apache.org/maven2/junit/junit/3.8.1/junit-3.8.1.jar (121 kB at 412 kB/s)
2026-04-19T22:07:41.7728730Z [INFO] Downloading from central: https://repo.maven.apache.org/maven2/commons-collections/commons-collections/3.2/commons-collections-3.2.jar
2026-04-19T22:07:41.7765510Z [INFO] Downloaded from central: https://repo.maven.apache.org/maven2/org/apache/velocity/velocity/1.5/velocity-1.5.jar (392 kB at 1.3 MB/s)
2026-04-19T22:07:41.7766280Z [INFO] Downloading from central: https://repo.maven.apache.org/maven2/org/apache/maven/doxia/doxia-module-apt/1.0/doxia-module-apt-1.0.jar
2026-04-19T22:07:41.7796810Z [INFO] Downloaded from central: https://repo.maven.apache.org/maven2/commons-lang/commons-lang/2.1/commons-lang-2.1.jar (208 kB at 690 kB/s)
2026-04-19T22:07:41.7800480Z [INFO] Downloading from central: https://repo.maven.apache.org/maven2/org/apache/maven/doxia/doxia-module-fml/1.0/doxia-module-fml-1.0.jar
2026-04-19T22:07:41.7810040Z [INFO] Downloaded from central: https://repo.maven.apache.org/maven2/oro/oro/2.0.8/oro-2.0.8.jar (65 kB at 216 kB/s)
2026-04-19T22:07:41.7810840Z [INFO] Downloading from central: https://repo.maven.apache.org/maven2/org/apache/maven/doxia/doxia-module-xdoc/1.0/doxia-module-xdoc-1.0.jar
2026-04-19T22:07:41.7836660Z [INFO] Downloaded from central: https://repo.maven.apache.org/maven2/org/apache/maven/doxia/doxia-decoration-model/1.0/doxia-decoration-model-1.0.jar (49 kB at 161 kB/s)
2026-04-19T22:07:41.7837730Z [INFO] Downloading from central: https://repo.maven.apache.org/maven2/org/apache/maven/doxia/doxia-module-xhtml/1.0/doxia-module-xhtml-1.0.jar
2026-04-19T22:07:41.7931690Z [INFO] Downloaded from central: https://repo.maven.apache.org/maven2/org/apache/maven/doxia/doxia-module-apt/1.0/doxia-module-apt-1.0.jar (47 kB at 150 kB/s)
2026-04-19T22:07:41.7944540Z [INFO] Downloaded from central: https://repo.maven.apache.org/maven2/commons-collections/commons-collections/3.2/commons-collections-3.2.jar (571 kB at 1.8 MB/s)
2026-04-19T22:07:41.7975590Z [INFO] Downloaded from central: https://repo.maven.apache.org/maven2/org/apache/maven/doxia/doxia-module-xhtml/1.0/doxia-module-xhtml-1.0.jar (22 kB at 68 kB/s)
2026-04-19T22:07:41.7977510Z [INFO] Downloaded from central: https://repo.maven.apache.org/maven2/org/apache/maven/doxia/doxia-module-fml/1.0/doxia-module-fml-1.0.jar (19 kB at 58 kB/s)
2026-04-19T22:07:41.8020280Z [INFO] Downloaded from central: https://repo.maven.apache.org/maven2/org/apache/maven/doxia/doxia-module-xdoc/1.0/doxia-module-xdoc-1.0.jar (28 kB at 86 kB/s)
2026-04-19T22:07:41.9440610Z [WARNING] 
2026-04-19T22:07:41.9468720Z [WARNING] Some problems were encountered while building the effective model for com.github.librepdf:openpdf-html:jar:3.0.4-SNAPSHOT
2026-04-19T22:07:41.9472560Z [WARNING] 'build.plugins.plugin.version' for org.apache.maven.plugins:maven-resources-plugin is missing. @ line 94, column 15
2026-04-19T22:07:41.9473090Z [WARNING] 
2026-04-19T22:07:41.9473490Z [WARNING] It is highly recommended to fix these problems because they threaten the stability of your build.
2026-04-19T22:07:41.9473940Z [WARNING] 
2026-04-19T22:07:41.9474330Z [WARNING] For this reason, future Maven versions might no longer support building such malformed projects.
2026-04-19T22:07:41.9474790Z [WARNING] 
2026-04-19T22:07:41.9488030Z [INFO] ------------------------------------------------------------------------
2026-04-19T22:07:41.9488470Z [INFO] Reactor Build Order:
2026-04-19T22:07:41.9488710Z [INFO] 
2026-04-19T22:07:41.9491240Z [INFO] OpenPDF - Free and Open PDF                                        [pom]
2026-04-19T22:07:41.9491690Z [INFO] OpenPDF core modern                                                [jar]
2026-04-19T22:07:41.9492100Z [INFO] OpenPDF Swing                                                      [jar]
2026-04-19T22:07:41.9492510Z [INFO] OpenPDF Toolbox                                                    [jar]
2026-04-19T22:07:41.9492920Z [INFO] OpenPDF Fonts Extras                                               [jar]
2026-04-19T22:07:41.9493350Z [INFO] openpdf-html HTML to PDF renderer                                  [jar]
2026-04-19T22:07:41.9493780Z [INFO] OpenPDF Kotlin                                                     [jar]
2026-04-19T22:07:41.9494200Z [INFO] OpenPDF Renderer                                                   [jar]
2026-04-19T22:07:41.9534430Z [INFO] 
2026-04-19T22:07:41.9561650Z [INFO] -----------------< com.github.librepdf:openpdf-parent >-----------------
2026-04-19T22:07:41.9570340Z [INFO] Building OpenPDF - Free and Open PDF 3.0.4-SNAPSHOT                [1/8]
2026-04-19T22:07:41.9570730Z [INFO]   from pom.xml
2026-04-19T22:07:41.9579400Z [INFO] --------------------------------[ pom ]---------------------------------
2026-04-19T22:07:41.9580140Z [INFO] Downloading from central: https://repo.maven.apache.org/maven2/org/jacoco/jacoco-maven-plugin/0.8.14/jacoco-maven-plugin-0.8.14.pom
2026-04-19T22:07:41.9766050Z [INFO] Downloaded from central: https://repo.maven.apache.org/maven2/org/jacoco/jacoco-maven-plugin/0.8.14/jacoco-maven-plugin-0.8.14.pom (4.2 kB at 192 kB/s)
2026-04-19T22:07:41.9780120Z [INFO] Downloading from central: https://repo.maven.apache.org/maven2/org/jacoco/org.jacoco.build/0.8.14/org.jacoco.build-0.8.14.pom
2026-04-19T22:07:42.0042470Z [INFO] Downloaded from central: https://repo.maven.apache.org/maven2/org/jacoco/org.jacoco.build/0.8.14/org.jacoco.build-0.8.14.pom (46 kB at 1.7 MB/s)
2026-04-19T22:07:42.0493110Z [INFO] Downloading from central: https://repo.maven.apache.org/maven2/org/ow2/asm/asm-bom/9.9/asm-bom-9.9.pom
2026-04-19T22:07:42.0725050Z [INFO] Downloaded from central: https://repo.maven.apache.org/maven2/org/ow2/asm/asm-bom/9.9/asm-bom-9.9.pom (3.3 kB at 99 kB/s)
2026-04-19T22:07:42.0733180Z [INFO] Downloading from central: https://repo.maven.apache.org/maven2/org/ow2/ow2/1.5.1/ow2-1.5.1.pom
2026-04-19T22:07:42.0835380Z [INFO] Downloaded from central: https://repo.maven.apache.org/maven2/org/ow2/ow2/1.5.1/ow2-1.5.1.pom (11 kB at 513 kB/s)
2026-04-19T22:07:42.1014700Z [INFO] Downloading from central: https://repo.maven.apache.org/maven2/org/jacoco/jacoco-maven-plugin/0.8.14/jacoco-maven-plugin-0.8.14.jar
2026-04-19T22:07:42.1143450Z [INFO] Downloaded from central: https://repo.maven.apache.org/maven2/org/jacoco/jacoco-maven-plugin/0.8.14/jacoco-maven-plugin-0.8.14.jar (57 kB at 3.0 MB/s)
2026-04-19T22:07:42.1232310Z [INFO] Downloading from central: https://repo.maven.apache.org/maven2/org/apache/maven/plugins/maven-install-plugin/3.1.4/maven-install-plugin-3.1.4.pom
2026-04-19T22:07:42.1469630Z [INFO] Downloaded from central: https://repo.maven.apache.org/maven2/org/apache/maven/plugins/maven-install-plugin/3.1.4/maven-install-plugin-3.1.4.pom (8.1 kB at 352 kB/s)
2026-04-19T22:07:42.1483880Z [INFO] Downloading from central: https://repo.maven.apache.org/maven2/org/apache/maven/plugins/maven-plugins/43/maven-plugins-43.pom
2026-04-19T22:07:42.1729340Z [INFO] Downloaded from central: https://repo.maven.apache.org/maven2/org/apache/maven/plugins/maven-plugins/43/maven-plugins-43.pom (7.5 kB at 311 kB/s)
2026-04-19T22:07:42.1741440Z [INFO] Downloading from central: https://repo.maven.apache.org/maven2/org/apache/maven/maven-parent/43/maven-parent-43.pom
2026-04-19T22:07:42.1980560Z [INFO] Downloaded from central: https://repo.maven.apache.org/maven2/org/apache/maven/maven-parent/43/maven-parent-43.pom (50 kB at 2.2 MB/s)
2026-04-19T22:07:42.1999200Z [INFO] Downloading from central: https://repo.maven.apache.org/maven2/org/apache/apache/33/apache-33.pom
2026-04-19T22:07:42.2207620Z [INFO] Downloaded from central: https://repo.maven.apache.org/maven2/org/apache/apache/33/apache-33.pom (24 kB at 1.2 MB/s)
2026-04-19T22:07:42.2228530Z [INFO] Downloading from central: https://repo.maven.apache.org/maven2/org/junit/junit-bom/5.10.3/junit-bom-5.10.3.pom
2026-04-19T22:07:42.2449420Z [INFO] Downloaded from central: https://repo.maven.apache.org/maven2/org/junit/junit-bom/5.10.3/junit-bom-5.10.3.pom (5.6 kB at 257 kB/s)
2026-04-19T22:07:42.2466710Z [INFO] Downloading from central: https://repo.maven.apache.org/maven2/org/apache/maven/plugins/maven-install-plugin/3.1.4/maven-install-plugin-3.1.4.jar
2026-04-19T22:07:42.2690200Z [INFO] Downloaded from central: https://repo.maven.apache.org/maven2/org/apache/maven/plugins/maven-install-plugin/3.1.4/maven-install-plugin-3.1.4.jar (33 kB at 1.5 MB/s)
2026-04-19T22:07:42.2733040Z [INFO] 
2026-04-19T22:07:42.2737120Z [INFO] --- jacoco:0.8.14:prepare-agent (default) @ openpdf-parent ---
2026-04-19T22:07:42.2763450Z [INFO] Downloading from central: https://repo.maven.apache.org/maven2/org/codehaus/plexus/plexus-utils/3.0.24/plexus-utils-3.0.24.pom
2026-04-19T22:07:42.2978850Z [INFO] Downloaded from central: https://repo.maven.apache.org/maven2/org/codehaus/plexus/plexus-utils/3.0.24/plexus-utils-3.0.24.pom (4.1 kB at 197 kB/s)
2026-04-19T22:07:42.2991620Z [INFO] Downloading from central: https://repo.maven.apache.org/maven2/org/codehaus/plexus/plexus/4.0/plexus-4.0.pom
2026-04-19T22:07:42.3230970Z [INFO] Downloaded from central: https://repo.maven.apache.org/maven2/org/codehaus/plexus/plexus/4.0/plexus-4.0.pom (22 kB at 935 kB/s)
2026-04-19T22:07:42.3248680Z [INFO] Downloading from central: https://repo.maven.apache.org/maven2/org/apache/maven/shared/file-management/3.2.0/file-management-3.2.0.pom
2026-04-19T22:07:42.3470310Z [INFO] Downloaded from central: https://repo.maven.apache.org/maven2/org/apache/maven/shared/file-management/3.2.0/file-management-3.2.0.pom (4.5 kB at 204 kB/s)
2026-04-19T22:07:42.3483870Z [INFO] Downloading from central: https://repo.maven.apache.org/maven2/org/apache/maven/shared/maven-shared-components/44/maven-shared-components-44.pom
2026-04-19T22:07:42.3692010Z [INFO] Downloaded from central: https://repo.maven.apache.org/maven2/org/apache/maven/shared/maven-shared-components/44/maven-shared-components-44.pom (3.8 kB at 181 kB/s)
2026-04-19T22:07:42.3708420Z [INFO] Downloading from central: https://repo.maven.apache.org/maven2/org/apache/maven/maven-parent/44/maven-parent-44.pom
2026-04-19T22:07:42.3940720Z [INFO] Downloaded from central: https://repo.maven.apache.org/maven2/org/apache/maven/maven-parent/44/maven-parent-44.pom (52 kB at 2.3 MB/s)
2026-04-19T22:07:42.3959190Z [INFO] Downloading from central: https://repo.maven.apache.org/maven2/org/apache/apache/34/apache-34.pom
2026-04-19T22:07:42.4188710Z [INFO] Downloaded from central: https://repo.maven.apache.org/maven2/org/apache/apache/34/apache-34.pom (24 kB at 1.1 MB/s)
2026-04-19T22:07:42.4212340Z [INFO] Downloading from central: https://repo.maven.apache.org/maven2/org/junit/junit-bom/5.12.1/junit-bom-5.12.1.pom
2026-04-19T22:07:42.4407740Z [INFO] Downloaded from central: https://repo.maven.apache.org/maven2/org/junit/junit-bom/5.12.1/junit-bom-5.12.1.pom (5.6 kB at 282 kB/s)
2026-04-19T22:07:42.4425090Z [INFO] Downloading from central: https://repo.maven.apache.org/maven2/org/slf4j/slf4j-api/1.7.36/slf4j-api-1.7.36.pom
2026-04-19T22:07:42.4601210Z [INFO] Downloaded from central: https://repo.maven.apache.org/maven2/org/slf4j/slf4j-api/1.7.36/slf4j-api-1.7.36.pom (2.7 kB at 161 kB/s)
2026-04-19T22:07:42.4615520Z [INFO] Downloading from central: https://repo.maven.apache.org/maven2/org/slf4j/slf4j-parent/1.7.36/slf4j-parent-1.7.36.pom
2026-04-19T22:07:42.4836580Z [INFO] Downloaded from central: https://repo.maven.apache.org/maven2/org/slf4j/slf4j-parent/1.7.36/slf4j-parent-1.7.36.pom (14 kB at 641 kB/s)
2026-04-19T22:07:42.4856090Z [INFO] Downloading from central: https://repo.maven.apache.org/maven2/org/codehaus/plexus/plexus-utils/4.0.2/plexus-utils-4.0.2.pom
2026-04-19T22:07:42.5105930Z [INFO] Downloaded from central: https://repo.maven.apache.org/maven2/org/codehaus/plexus/plexus-utils/4.0.2/plexus-utils-4.0.2.pom (13 kB at 512 kB/s)
2026-04-19T22:07:42.5139300Z [INFO] Downloading from central: https://repo.maven.apache.org/maven2/commons-io/commons-io/2.19.0/commons-io-2.19.0.pom
2026-04-19T22:07:42.5335440Z [INFO] Downloaded from central: https://repo.maven.apache.org/maven2/commons-io/commons-io/2.19.0/commons-io-2.19.0.pom (21 kB at 1.0 MB/s)
2026-04-19T22:07:42.5352750Z [INFO] Downloading from central: https://repo.maven.apache.org/maven2/org/apache/commons/commons-parent/81/commons-parent-81.pom
2026-04-19T22:07:42.5614320Z [INFO] Downloaded from central: https://repo.maven.apache.org/maven2/org/apache/commons/commons-parent/81/commons-parent-81.pom (78 kB at 3.0 MB/s)
2026-04-19T22:07:42.5646140Z [INFO] Downloading from central: https://repo.maven.apache.org/maven2/org/junit/junit-bom/5.11.4/junit-bom-5.11.4.pom
2026-04-19T22:07:42.5830130Z [INFO] Downloaded from central: https://repo.maven.apache.org/maven2/org/junit/junit-bom/5.11.4/junit-bom-5.11.4.pom (5.6 kB at 314 kB/s)
2026-04-19T22:07:42.5847020Z [INFO] Downloading from central: https://repo.maven.apache.org/maven2/org/jacoco/org.jacoco.agent/0.8.14/org.jacoco.agent-0.8.14.pom
2026-04-19T22:07:42.6071790Z [INFO] Downloaded from central: https://repo.maven.apache.org/maven2/org/jacoco/org.jacoco.agent/0.8.14/org.jacoco.agent-0.8.14.pom (3.5 kB at 159 kB/s)
2026-04-19T22:07:42.6094580Z [INFO] Downloading from central: https://repo.maven.apache.org/maven2/org/jacoco/org.jacoco.core/0.8.14/org.jacoco.core-0.8.14.pom
2026-04-19T22:07:42.6337800Z [INFO] Downloaded from central: https://repo.maven.apache.org/maven2/org/jacoco/org.jacoco.core/0.8.14/org.jacoco.core-0.8.14.pom (2.1 kB at 95 kB/s)
2026-04-19T22:07:42.6343170Z [INFO] Downloading from central: https://repo.maven.apache.org/maven2/org/ow2/asm/asm/9.9/asm-9.9.pom
2026-04-19T22:07:42.6535780Z [INFO] Downloaded from central: https://repo.maven.apache.org/maven2/org/ow2/asm/asm/9.9/asm-9.9.pom (2.4 kB at 118 kB/s)
2026-04-19T22:07:42.6558910Z [INFO] Downloading from central: https://repo.maven.apache.org/maven2/org/ow2/asm/asm-commons/9.9/asm-commons-9.9.pom
2026-04-19T22:07:42.6797300Z [INFO] Downloaded from central: https://repo.maven.apache.org/maven2/org/ow2/asm/asm-commons/9.9/asm-commons-9.9.pom (2.8 kB at 116 kB/s)
2026-04-19T22:07:42.6818420Z [INFO] Downloading from central: https://repo.maven.apache.org/maven2/org/ow2/asm/asm-tree/9.9/asm-tree-9.9.pom
2026-04-19T22:07:42.7029410Z [INFO] Downloaded from central: https://repo.maven.apache.org/maven2/org/ow2/asm/asm-tree/9.9/asm-tree-9.9.pom (2.6 kB at 123 kB/s)
2026-04-19T22:07:42.7066690Z [INFO] Downloading from central: https://repo.maven.apache.org/maven2/org/jacoco/org.jacoco.report/0.8.14/org.jacoco.report-0.8.14.pom
2026-04-19T22:07:42.7272100Z [INFO] Downloaded from central: https://repo.maven.apache.org/maven2/org/jacoco/org.jacoco.report/0.8.14/org.jacoco.report-0.8.14.pom (1.9 kB at 82 kB/s)
2026-04-19T22:07:42.7307810Z [INFO] Downloading from central: https://repo.maven.apache.org/maven2/org/codehaus/plexus/plexus-utils/3.0.24/plexus-utils-3.0.24.jar
2026-04-19T22:07:42.7525550Z [INFO] Downloaded from central: https://repo.maven.apache.org/maven2/org/codehaus/plexus/plexus-utils/3.0.24/plexus-utils-3.0.24.jar (247 kB at 11 MB/s)
2026-04-19T22:07:42.7571770Z [INFO] Downloading from central: https://repo.maven.apache.org/maven2/org/jacoco/org.jacoco.agent/0.8.14/org.jacoco.agent-0.8.14-runtime.jar
2026-04-19T22:07:42.7579080Z [INFO] Downloading from central: https://repo.maven.apache.org/maven2/org/apache/maven/shared/file-management/3.2.0/file-management-3.2.0.jar
2026-04-19T22:07:42.7579870Z [INFO] Downloading from central: https://repo.maven.apache.org/maven2/org/slf4j/slf4j-api/1.7.36/slf4j-api-1.7.36.jar
2026-04-19T22:07:42.7580590Z [INFO] Downloading from central: https://repo.maven.apache.org/maven2/commons-io/commons-io/2.19.0/commons-io-2.19.0.jar
2026-04-19T22:07:42.7581300Z [INFO] Downloading from central: https://repo.maven.apache.org/maven2/org/jacoco/org.jacoco.core/0.8.14/org.jacoco.core-0.8.14.jar
2026-04-19T22:07:42.7750370Z [INFO] Downloaded from central: https://repo.maven.apache.org/maven2/org/jacoco/org.jacoco.core/0.8.14/org.jacoco.core-0.8.14.jar (230 kB at 12 MB/s)
2026-04-19T22:07:42.7752580Z [INFO] Downloading from central: https://repo.maven.apache.org/maven2/org/ow2/asm/asm/9.9/asm-9.9.jar
2026-04-19T22:07:42.7754070Z [INFO] Downloaded from central: https://repo.maven.apache.org/maven2/org/slf4j/slf4j-api/1.7.36/slf4j-api-1.7.36.jar (41 kB at 1.9 MB/s)
2026-04-19T22:07:42.7754980Z [INFO] Downloading from central: https://repo.maven.apache.org/maven2/org/ow2/asm/asm-commons/9.9/asm-commons-9.9.jar
2026-04-19T22:07:42.7755960Z [INFO] Downloaded from central: https://repo.maven.apache.org/maven2/commons-io/commons-io/2.19.0/commons-io-2.19.0.jar (556 kB at 24 MB/s)
2026-04-19T22:07:42.7756880Z [INFO] Downloading from central: https://repo.maven.apache.org/maven2/org/ow2/asm/asm-tree/9.9/asm-tree-9.9.jar
2026-04-19T22:07:42.7770730Z [INFO] Downloaded from central: https://repo.maven.apache.org/maven2/org/apache/maven/shared/file-management/3.2.0/file-management-3.2.0.jar (26 kB at 1.1 MB/s)
2026-04-19T22:07:42.7771750Z [INFO] Downloading from central: https://repo.maven.apache.org/maven2/org/jacoco/org.jacoco.report/0.8.14/org.jacoco.report-0.8.14.jar
2026-04-19T22:07:42.7784180Z [INFO] Downloaded from central: https://repo.maven.apache.org/maven2/org/jacoco/org.jacoco.agent/0.8.14/org.jacoco.agent-0.8.14-runtime.jar (307 kB at 12 MB/s)
2026-04-19T22:07:42.7893720Z [INFO] Downloaded from central: https://repo.maven.apache.org/maven2/org/ow2/asm/asm-commons/9.9/asm-commons-9.9.jar (74 kB at 2.3 MB/s)
2026-04-19T22:07:42.7910990Z [INFO] Downloaded from central: https://repo.maven.apache.org/maven2/org/ow2/asm/asm/9.9/asm-9.9.jar (126 kB at 3.7 MB/s)
2026-04-19T22:07:42.7915660Z [INFO] Downloaded from central: https://repo.maven.apache.org/maven2/org/ow2/asm/asm-tree/9.9/asm-tree-9.9.jar (52 kB at 1.5 MB/s)
2026-04-19T22:07:42.7985120Z [INFO] Downloaded from central: https://repo.maven.apache.org/maven2/org/jacoco/org.jacoco.report/0.8.14/org.jacoco.report-0.8.14.jar (131 kB at 3.1 MB/s)
2026-04-19T22:07:42.8271090Z [INFO] argLine set to -javaagent:/Users/runner/.m2/repository/org/jacoco/org.jacoco.agent/0.8.14/org.jacoco.agent-0.8.14-runtime.jar=destfile=/Users/runner/work/OpenPDF/OpenPDF/target/jacoco.exec
2026-04-19T22:07:42.8271870Z [INFO] 
2026-04-19T22:07:42.8272130Z [INFO] --- bundle:6.0.2:manifest (bundle-manifest) @ openpdf-parent ---
2026-04-19T22:07:42.8386150Z [WARNING] Ignoring project type pom - supportedProjectTypes = [jar, bundle]
2026-04-19T22:07:42.8386580Z [INFO] 
2026-04-19T22:07:42.8387180Z [INFO] --- jacoco:0.8.14:report (report) @ openpdf-parent ---
2026-04-19T22:07:42.8405800Z [INFO] Skipping JaCoCo execution due to missing execution data file.
2026-04-19T22:07:42.8406140Z [INFO] 
2026-04-19T22:07:42.8406600Z [INFO] --- install:3.1.4:install (default-install) @ openpdf-parent ---
2026-04-19T22:07:42.8427240Z [INFO] Downloading from central: https://repo.maven.apache.org/maven2/org/apache/maven/resolver/maven-resolver-util/1.9.22/maven-resolver-util-1.9.22.pom
2026-04-19T22:07:42.8696240Z [INFO] Downloaded from central: https://repo.maven.apache.org/maven2/org/apache/maven/resolver/maven-resolver-util/1.9.22/maven-resolver-util-1.9.22.pom (2.2 kB at 89 kB/s)
2026-04-19T22:07:42.8739840Z [INFO] Downloading from central: https://repo.maven.apache.org/maven2/org/apache/maven/resolver/maven-resolver/1.9.22/maven-resolver-1.9.22.pom
2026-04-19T22:07:42.9085940Z [INFO] Downloaded from central: https://repo.maven.apache.org/maven2/org/apache/maven/resolver/maven-resolver/1.9.22/maven-resolver-1.9.22.pom (23 kB at 618 kB/s)
2026-04-19T22:07:42.9097510Z [INFO] Downloading from central: https://repo.maven.apache.org/maven2/org/apache/maven/maven-parent/42/maven-parent-42.pom
2026-04-19T22:07:42.9343820Z [INFO] Downloaded from central: https://repo.maven.apache.org/maven2/org/apache/maven/maven-parent/42/maven-parent-42.pom (50 kB at 1.9 MB/s)
2026-04-19T22:07:42.9362800Z [INFO] Downloading from central: https://repo.maven.apache.org/maven2/org/apache/apache/32/apache-32.pom
2026-04-19T22:07:42.9624940Z [INFO] Downloaded from central: https://repo.maven.apache.org/maven2/org/apache/apache/32/apache-32.pom (24 kB at 930 kB/s)
2026-04-19T22:07:42.9653880Z [INFO] Downloading from central: https://repo.maven.apache.org/maven2/org/junit/junit-bom/5.10.2/junit-bom-5.10.2.pom
2026-04-19T22:07:42.9955470Z [INFO] Downloaded from central: https://repo.maven.apache.org/maven2/org/junit/junit-bom/5.10.2/junit-bom-5.10.2.pom (5.6 kB at 182 kB/s)
2026-04-19T22:07:42.9983130Z [INFO] Downloading from central: https://repo.maven.apache.org/maven2/org/apache/maven/resolver/maven-resolver-api/1.9.22/maven-resolver-api-1.9.22.pom
2026-04-19T22:07:43.0229340Z [INFO] Downloaded from central: https://repo.maven.apache.org/maven2/org/apache/maven/resolver/maven-resolver-api/1.9.22/maven-resolver-api-1.9.22.pom (2.2 kB at 89 kB/s)
2026-04-19T22:07:43.0259360Z [INFO] Downloading from central: https://repo.maven.apache.org/maven2/org/codehaus/plexus/plexus-utils/4.0.1/plexus-utils-4.0.1.pom
2026-04-19T22:07:43.0531780Z [INFO] Downloaded from central: https://repo.maven.apache.org/maven2/org/codehaus/plexus/plexus-utils/4.0.1/plexus-utils-4.0.1.pom (7.8 kB at 280 kB/s)
2026-04-19T22:07:43.0546700Z [INFO] Downloading from central: https://repo.maven.apache.org/maven2/org/codehaus/plexus/plexus/17/plexus-17.pom
2026-04-19T22:07:43.0787180Z [INFO] Downloaded from central: https://repo.maven.apache.org/maven2/org/codehaus/plexus/plexus/17/plexus-17.pom (28 kB at 1.2 MB/s)
2026-04-19T22:07:43.0809860Z [INFO] Downloading from central: https://repo.maven.apache.org/maven2/org/codehaus/plexus/plexus-xml/3.0.1/plexus-xml-3.0.1.pom
2026-04-19T22:07:43.1121250Z [INFO] Downloaded from central: https://repo.maven.apache.org/maven2/org/codehaus/plexus/plexus-xml/3.0.1/plexus-xml-3.0.1.pom (3.7 kB at 119 kB/s)
2026-04-19T22:07:43.1133160Z [INFO] Downloading from central: https://repo.maven.apache.org/maven2/org/codehaus/plexus/plexus/18/plexus-18.pom
2026-04-19T22:07:43.1359820Z [INFO] Downloaded from central: https://repo.maven.apache.org/maven2/org/codehaus/plexus/plexus/18/plexus-18.pom (29 kB at 1.3 MB/s)
2026-04-19T22:07:43.1388600Z [INFO] Downloading from central: https://repo.maven.apache.org/maven2/org/apache/maven/resolver/maven-resolver-util/1.9.22/maven-resolver-util-1.9.22.jar
2026-04-19T22:07:43.1573320Z [INFO] Downloaded from central: https://repo.maven.apache.org/maven2/org/apache/maven/resolver/maven-resolver-util/1.9.22/maven-resolver-util-1.9.22.jar (196 kB at 10 MB/s)
2026-04-19T22:07:43.1574980Z [INFO] Downloading from central: https://repo.maven.apache.org/maven2/org/apache/maven/resolver/maven-resolver-api/1.9.22/maven-resolver-api-1.9.22.jar
2026-04-19T22:07:43.1582400Z [INFO] Downloading from central: https://repo.maven.apache.org/maven2/org/codehaus/plexus/plexus-utils/4.0.1/plexus-utils-4.0.1.jar
2026-04-19T22:07:43.1583260Z [INFO] Downloading from central: https://repo.maven.apache.org/maven2/org/codehaus/plexus/plexus-xml/3.0.1/plexus-xml-3.0.1.jar
2026-04-19T22:07:43.1736410Z [INFO] Downloaded from central: https://repo.maven.apache.org/maven2/org/codehaus/plexus/plexus-utils/4.0.1/plexus-utils-4.0.1.jar (193 kB at 12 MB/s)
2026-04-19T22:07:43.1737240Z [INFO] Downloaded from central: https://repo.maven.apache.org/maven2/org/codehaus/plexus/plexus-xml/3.0.1/plexus-xml-3.0.1.jar (94 kB at 5.9 MB/s)
2026-04-19T22:07:43.1786480Z [INFO] Downloaded from central: https://repo.maven.apache.org/maven2/org/apache/maven/resolver/maven-resolver-api/1.9.22/maven-resolver-api-1.9.22.jar (157 kB at 7.5 MB/s)
2026-04-19T22:07:43.1903630Z [INFO] Installing /Users/runner/work/OpenPDF/OpenPDF/pom.xml to /Users/runner/.m2/repository/com/github/librepdf/openpdf-parent/3.0.4-SNAPSHOT/openpdf-parent-3.0.4-SNAPSHOT.pom
2026-04-19T22:07:43.1954010Z [INFO] 
2026-04-19T22:07:43.1954470Z [INFO] --------------------< com.github.librepdf:openpdf >---------------------
2026-04-19T22:07:43.1954980Z [INFO] Building OpenPDF core modern 3.0.4-SNAPSHOT                        [2/8]
2026-04-19T22:07:43.1955290Z [INFO]   from openpdf-core/pom.xml
2026-04-19T22:07:43.1955540Z [INFO] --------------------------------[ jar ]---------------------------------
2026-04-19T22:07:43.1956150Z [INFO] Downloading from central: https://repo.maven.apache.org/maven2/org/apache/maven/plugins/maven-resources-plugin/3.4.0/maven-resources-plugin-3.4.0.pom
2026-04-19T22:07:43.2171130Z [INFO] Downloaded from central: https://repo.maven.apache.org/maven2/org/apache/maven/plugins/maven-resources-plugin/3.4.0/maven-resources-plugin-3.4.0.pom (7.9 kB at 358 kB/s)
2026-04-19T22:07:43.2181270Z [INFO] Downloading from central: https://repo.maven.apache.org/maven2/org/apache/maven/plugins/maven-plugins/45/maven-plugins-45.pom
2026-04-19T22:07:43.2381940Z [INFO] Downloaded from central: https://repo.maven.apache.org/maven2/org/apache/maven/plugins/maven-plugins/45/maven-plugins-45.pom (8.4 kB at 398 kB/s)
2026-04-19T22:07:43.2394570Z [INFO] Downloading from central: https://repo.maven.apache.org/maven2/org/apache/maven/maven-parent/45/maven-parent-45.pom
2026-04-19T22:07:43.2607230Z [INFO] Downloaded from central: https://repo.maven.apache.org/maven2/org/apache/maven/maven-parent/45/maven-parent-45.pom (53 kB at 2.5 MB/s)
2026-04-19T22:07:43.2649070Z [INFO] Downloading from central: https://repo.maven.apache.org/maven2/org/apache/apache/35/apache-35.pom
2026-04-19T22:07:43.2856450Z [INFO] Downloaded from central: https://repo.maven.apache.org/maven2/org/apache/apache/35/apache-35.pom (24 kB at 1.2 MB/s)
2026-04-19T22:07:43.2882520Z [INFO] Downloading from central: https://repo.maven.apache.org/maven2/org/junit/junit-bom/5.13.1/junit-bom-5.13.1.pom
2026-04-19T22:07:43.3056270Z [INFO] Downloaded from central: https://repo.maven.apache.org/maven2/org/junit/junit-bom/5.13.1/junit-bom-5.13.1.pom (5.6 kB at 314 kB/s)
2026-04-19T22:07:43.3080380Z [INFO] Downloading from central: https://repo.maven.apache.org/maven2/org/apache/maven/plugins/maven-resources-plugin/3.4.0/maven-resources-plugin-3.4.0.jar
2026-04-19T22:07:43.3271220Z [INFO] Downloaded from central: https://repo.maven.apache.org/maven2/org/apache/maven/plugins/maven-resources-plugin/3.4.0/maven-resources-plugin-3.4.0.jar (31 kB at 1.6 MB/s)
2026-04-19T22:07:43.3290040Z [INFO] Downloading from central: https://repo.maven.apache.org/maven2/org/apache/maven/plugins/maven-compiler-plugin/3.15.0/maven-compiler-plugin-3.15.0.pom
2026-04-19T22:07:43.3484550Z [INFO] Downloaded from central: https://repo.maven.apache.org/maven2/org/apache/maven/plugins/maven-compiler-plugin/3.15.0/maven-compiler-plugin-3.15.0.pom (9.5 kB at 477 kB/s)
2026-04-19T22:07:43.3503240Z [INFO] Downloading from central: https://repo.maven.apache.org/maven2/org/apache/maven/plugins/maven-plugins/47/maven-plugins-47.pom
2026-04-19T22:07:43.3682350Z [INFO] Downloaded from central: https://repo.maven.apache.org/maven2/org/apache/maven/plugins/maven-plugins/47/maven-plugins-47.pom (7.2 kB at 379 kB/s)
2026-04-19T22:07:43.3696940Z [INFO] Downloading from central: https://repo.maven.apache.org/maven2/org/apache/maven/maven-parent/47/maven-parent-47.pom
2026-04-19T22:07:43.3910470Z [INFO] Downloaded from central: https://repo.maven.apache.org/maven2/org/apache/maven/maven-parent/47/maven-parent-47.pom (54 kB at 2.6 MB/s)
2026-04-19T22:07:43.3940250Z [INFO] Downloading from central: https://repo.maven.apache.org/maven2/org/apache/apache/37/apache-37.pom
2026-04-19T22:07:43.4166910Z [INFO] Downloaded from central: https://repo.maven.apache.org/maven2/org/apache/apache/37/apache-37.pom (26 kB at 1.1 MB/s)
2026-04-19T22:07:43.4189590Z [INFO] Downloading from central: https://repo.maven.apache.org/maven2/org/junit/junit-bom/5.14.2/junit-bom-5.14.2.pom
2026-04-19T22:07:43.4418990Z [INFO] Downloaded from central: https://repo.maven.apache.org/maven2/org/junit/junit-bom/5.14.2/junit-bom-5.14.2.pom (5.7 kB at 246 kB/s)
2026-04-19T22:07:43.4444410Z [INFO] Downloading from central: https://repo.maven.apache.org/maven2/org/apache/maven/plugins/maven-compiler-plugin/3.15.0/maven-compiler-plugin-3.15.0.jar
2026-04-19T22:07:43.4641890Z [INFO] Downloaded from central: https://repo.maven.apache.org/maven2/org/apache/maven/plugins/maven-compiler-plugin/3.15.0/maven-compiler-plugin-3.15.0.jar (84 kB at 4.2 MB/s)
2026-04-19T22:07:43.4692950Z [INFO] Downloading from central: https://repo.maven.apache.org/maven2/org/apache/maven/plugins/maven-surefire-plugin/3.5.5/maven-surefire-plugin-3.5.5.pom
2026-04-19T22:07:43.4934960Z [INFO] Downloaded from central: https://repo.maven.apache.org/maven2/org/apache/maven/plugins/maven-surefire-plugin/3.5.5/maven-surefire-plugin-3.5.5.pom (4.9 kB at 195 kB/s)
2026-04-19T22:07:43.4982110Z [INFO] Downloading from central: https://repo.maven.apache.org/maven2/org/apache/maven/surefire/surefire/3.5.5/surefire-3.5.5.pom
2026-04-19T22:07:43.5187540Z [INFO] Downloaded from central: https://repo.maven.apache.org/maven2/org/apache/maven/surefire/surefire/3.5.5/surefire-3.5.5.pom (19 kB at 914 kB/s)
2026-04-19T22:07:43.5226170Z [INFO] Downloading from central: https://repo.maven.apache.org/maven2/org/junit/junit-bom/5.12.2/junit-bom-5.12.2.pom
2026-04-19T22:07:43.5417460Z [INFO] Downloaded from central: https://repo.maven.apache.org/maven2/org/junit/junit-bom/5.12.2/junit-bom-5.12.2.pom (5.6 kB at 269 kB/s)
2026-04-19T22:07:43.5438330Z [INFO] Downloading from central: https://repo.maven.apache.org/maven2/org/apache/maven/plugins/maven-surefire-plugin/3.5.5/maven-surefire-plugin-3.5.5.jar
2026-04-19T22:07:43.5600760Z [INFO] Downloaded from central: https://repo.maven.apache.org/maven2/org/apache/maven/plugins/maven-surefire-plugin/3.5.5/maven-surefire-plugin-3.5.5.jar (47 kB at 2.9 MB/s)
2026-04-19T22:07:43.5666260Z [INFO] Downloading from central: https://repo.maven.apache.org/maven2/org/apache/maven/plugins/maven-jar-plugin/3.5.0/maven-jar-plugin-3.5.0.pom
2026-04-19T22:07:43.5828650Z [INFO] Downloaded from central: https://repo.maven.apache.org/maven2/org/apache/maven/plugins/maven-jar-plugin/3.5.0/maven-jar-plugin-3.5.0.pom (7.6 kB at 402 kB/s)
2026-04-19T22:07:43.5864240Z [INFO] Downloading from central: https://repo.maven.apache.org/maven2/org/apache/maven/plugins/maven-jar-plugin/3.5.0/maven-jar-plugin-3.5.0.jar
2026-04-19T22:07:43.6031360Z [INFO] Downloaded from central: https://repo.maven.apache.org/maven2/org/apache/maven/plugins/maven-jar-plugin/3.5.0/maven-jar-plugin-3.5.0.jar (35 kB at 2.1 MB/s)
2026-04-19T22:07:43.6059590Z [INFO] Downloading from central: https://repo.maven.apache.org/maven2/com/ibm/icu/icu4j/78.2/icu4j-78.2.pom
2026-04-19T22:07:43.6336880Z [INFO] Downloaded from central: https://repo.maven.apache.org/maven2/com/ibm/icu/icu4j/78.2/icu4j-78.2.pom (1.5 kB at 55 kB/s)
2026-04-19T22:07:43.6346220Z [INFO] Downloading from central: https://repo.maven.apache.org/maven2/org/bouncycastle/bcprov-jdk18on/1.83/bcprov-jdk18on-1.83.pom
2026-04-19T22:07:43.6533730Z [INFO] Downloaded from central: https://repo.maven.apache.org/maven2/org/bouncycastle/bcprov-jdk18on/1.83/bcprov-jdk18on-1.83.pom (1.2 kB at 64 kB/s)
2026-04-19T22:07:43.6548440Z [INFO] Downloading from central: https://repo.maven.apache.org/maven2/org/bouncycastle/bcpkix-jdk18on/1.83/bcpkix-jdk18on-1.83.pom
2026-04-19T22:07:43.6743690Z [INFO] Downloaded from central: https://repo.maven.apache.org/maven2/org/bouncycastle/bcpkix-jdk18on/1.83/bcpkix-jdk18on-1.83.pom (1.5 kB at 76 kB/s)
2026-04-19T22:07:43.6763650Z [INFO] Downloading from central: https://repo.maven.apache.org/maven2/org/bouncycastle/bcutil-jdk18on/1.83/bcutil-jdk18on-1.83.pom
2026-04-19T22:07:43.6957810Z [INFO] Downloaded from central: https://repo.maven.apache.org/maven2/org/bouncycastle/bcutil-jdk18on/1.83/bcutil-jdk18on-1.83.pom (1.3 kB at 67 kB/s)
2026-04-19T22:07:43.6973840Z [INFO] Downloading from central: https://repo.maven.apache.org/maven2/org/apache/xmlgraphics/fop/2.11/fop-2.11.pom
2026-04-19T22:07:43.7216170Z [INFO] Downloaded from central: https://repo.maven.apache.org/maven2/org/apache/xmlgraphics/fop/2.11/fop-2.11.pom (2.8 kB at 118 kB/s)
2026-04-19T22:07:43.7228220Z [INFO] Downloading from central: https://repo.maven.apache.org/maven2/org/apache/xmlgraphics/fop-parent/2.11/fop-parent-2.11.pom
2026-04-19T22:07:43.7428060Z [INFO] Downloaded from central: https://repo.maven.apache.org/maven2/org/apache/xmlgraphics/fop-parent/2.11/fop-parent-2.11.pom (6.4 kB at 320 kB/s)
2026-04-19T22:07:43.7451410Z [INFO] Downloading from central: https://repo.maven.apache.org/maven2/org/apache/xmlgraphics/fop-util/2.11/fop-util-2.11.pom
2026-04-19T22:07:43.7647840Z [INFO] Downloaded from central: https://repo.maven.apache.org/maven2/org/apache/xmlgraphics/fop-util/2.11/fop-util-2.11.pom (3.7 kB at 183 kB/s)
2026-04-19T22:07:43.7668670Z [INFO] Downloading from central: https://repo.maven.apache.org/maven2/org/apache/xmlgraphics/xmlgraphics-commons/2.11/xmlgraphics-commons-2.11.pom
2026-04-19T22:07:43.7870490Z [INFO] Downloaded from central: https://repo.maven.apache.org/maven2/org/apache/xmlgraphics/xmlgraphics-commons/2.11/xmlgraphics-commons-2.11.pom (9.7 kB at 486 kB/s)
2026-04-19T22:07:43.7893930Z [INFO] Downloading from central: https://repo.maven.apache.org/maven2/commons-io/commons-io/2.21.0/commons-io-2.21.0.pom
2026-04-19T22:07:43.8116170Z [INFO] Downloaded from central: https://repo.maven.apache.org/maven2/commons-io/commons-io/2.21.0/commons-io-2.21.0.pom (21 kB at 948 kB/s)
2026-04-19T22:07:43.8131910Z [INFO] Downloading from central: https://repo.maven.apache.org/maven2/org/apache/commons/commons-parent/91/commons-parent-91.pom
2026-04-19T22:07:43.8421550Z [INFO] Downloaded from central: https://repo.maven.apache.org/maven2/org/apache/commons/commons-parent/91/commons-parent-91.pom (79 kB at 2.7 MB/s)
2026-04-19T22:07:43.8463330Z [INFO] Downloading from central: https://repo.maven.apache.org/maven2/org/junit/junit-bom/5.13.4/junit-bom-5.13.4.pom
2026-04-19T22:07:43.8654250Z [INFO] Downloaded from central: https://repo.maven.apache.org/maven2/org/junit/junit-bom/5.13.4/junit-bom-5.13.4.pom (5.7 kB at 283 kB/s)
2026-04-19T22:07:43.8677330Z [INFO] Downloading from central: https://repo.maven.apache.org/maven2/commons-logging/commons-logging/1.3.0/commons-logging-1.3.0.pom
2026-04-19T22:07:43.8905940Z [INFO] Downloaded from central: https://repo.maven.apache.org/maven2/commons-logging/commons-logging/1.3.0/commons-logging-1.3.0.pom (27 kB at 1.2 MB/s)
2026-04-19T22:07:43.8920980Z [INFO] Downloading from central: https://repo.maven.apache.org/maven2/org/apache/commons/commons-parent/65/commons-parent-65.pom
2026-04-19T22:07:43.9189320Z [INFO] Downloaded from central: https://repo.maven.apache.org/maven2/org/apache/commons/commons-parent/65/commons-parent-65.pom (78 kB at 2.9 MB/s)
2026-04-19T22:07:43.9256660Z [INFO] Downloading from central: https://repo.maven.apache.org/maven2/org/junit/junit-bom/5.10.1/junit-bom-5.10.1.pom
2026-04-19T22:07:43.9485170Z [INFO] Downloaded from central: https://repo.maven.apache.org/maven2/org/junit/junit-bom/5.10.1/junit-bom-5.10.1.pom (5.6 kB at 246 kB/s)
2026-04-19T22:07:43.9514550Z [INFO] Downloading from central: https://repo.maven.apache.org/maven2/org/apache/xmlgraphics/fop-events/2.11/fop-events-2.11.pom
2026-04-19T22:07:43.9715490Z [INFO] Downloaded from central: https://repo.maven.apache.org/maven2/org/apache/xmlgraphics/fop-events/2.11/fop-events-2.11.pom (5.5 kB at 263 kB/s)
2026-04-19T22:07:43.9734770Z [INFO] Downloading from central: https://repo.maven.apache.org/maven2/com/thoughtworks/qdox/qdox/1.12/qdox-1.12.pom
2026-04-19T22:07:43.9985150Z [INFO] Downloaded from central: https://repo.maven.apache.org/maven2/com/thoughtworks/qdox/qdox/1.12/qdox-1.12.pom (19 kB at 742 kB/s)
2026-04-19T22:07:44.0021690Z [INFO] Downloading from central: https://repo.maven.apache.org/maven2/org/apache/xmlgraphics/fop-core/2.11/fop-core-2.11.pom
2026-04-19T22:07:44.0218220Z [INFO] Downloaded from central: https://repo.maven.apache.org/maven2/org/apache/xmlgraphics/fop-core/2.11/fop-core-2.11.pom (16 kB at 782 kB/s)
2026-04-19T22:07:44.0240000Z [INFO] Downloading from central: https://repo.maven.apache.org/maven2/org/apache/xmlgraphics/batik-anim/1.19/batik-anim-1.19.pom
2026-04-19T22:07:44.0479380Z [INFO] Downloaded from central: https://repo.maven.apache.org/maven2/org/apache/xmlgraphics/batik-anim/1.19/batik-anim-1.19.pom (4.2 kB at 175 kB/s)
2026-04-19T22:07:44.0493990Z [INFO] Downloading from central: https://repo.maven.apache.org/maven2/org/apache/xmlgraphics/batik/1.19/batik-1.19.pom
2026-04-19T22:07:44.0737480Z [INFO] Downloaded from central: https://repo.maven.apache.org/maven2/org/apache/xmlgraphics/batik/1.19/batik-1.19.pom (7.6 kB at 317 kB/s)
2026-04-19T22:07:44.0758310Z [INFO] Downloading from central: https://repo.maven.apache.org/maven2/org/apache/xmlgraphics/batik-awt-util/1.19/batik-awt-util-1.19.pom
2026-04-19T22:07:44.0980780Z [INFO] Downloaded from central: https://repo.maven.apache.org/maven2/org/apache/xmlgraphics/batik-awt-util/1.19/batik-awt-util-1.19.pom (3.2 kB at 147 kB/s)
2026-04-19T22:07:44.1006080Z [INFO] Downloading from central: https://repo.maven.apache.org/maven2/org/apache/xmlgraphics/batik-shared-resources/1.19/batik-shared-resources-1.19.pom
2026-04-19T22:07:44.1210190Z [INFO] Downloaded from central: https://repo.maven.apache.org/maven2/org/apache/xmlgraphics/batik-shared-resources/1.19/batik-shared-resources-1.19.pom (1.7 kB at 80 kB/s)
2026-04-19T22:07:44.1232000Z [INFO] Downloading from central: https://repo.maven.apache.org/maven2/org/apache/xmlgraphics/batik-util/1.19/batik-util-1.19.pom
2026-04-19T22:07:44.1488500Z [INFO] Downloaded from central: https://repo.maven.apache.org/maven2/org/apache/xmlgraphics/batik-util/1.19/batik-util-1.19.pom (4.2 kB at 163 kB/s)
2026-04-19T22:07:44.1513440Z [INFO] Downloading from central: https://repo.maven.apache.org/maven2/org/apache/xmlgraphics/batik-constants/1.19/batik-constants-1.19.pom
2026-04-19T22:07:44.1731500Z [INFO] Downloaded from central: https://repo.maven.apache.org/maven2/org/apache/xmlgraphics/batik-constants/1.19/batik-constants-1.19.pom (2.9 kB at 138 kB/s)
2026-04-19T22:07:44.1757630Z [INFO] Downloading from central: https://repo.maven.apache.org/maven2/org/apache/xmlgraphics/batik-i18n/1.19/batik-i18n-1.19.pom
2026-04-19T22:07:44.1968920Z [INFO] Downloaded from central: https://repo.maven.apache.org/maven2/org/apache/xmlgraphics/batik-i18n/1.19/batik-i18n-1.19.pom (2.9 kB at 137 kB/s)
2026-04-19T22:07:44.1994540Z [INFO] Downloading from central: https://repo.maven.apache.org/maven2/org/apache/xmlgraphics/batik-css/1.19/batik-css-1.19.pom
2026-04-19T22:07:44.2244420Z [INFO] Downloaded from central: https://repo.maven.apache.org/maven2/org/apache/xmlgraphics/batik-css/1.19/batik-css-1.19.pom (3.6 kB at 137 kB/s)
2026-04-19T22:07:44.2265830Z [INFO] Downloading from central: https://repo.maven.apache.org/maven2/xml-apis/xml-apis-ext/1.3.04/xml-apis-ext-1.3.04.pom
2026-04-19T22:07:44.2613760Z [INFO] Downloaded from central: https://repo.maven.apache.org/maven2/xml-apis/xml-apis-ext/1.3.04/xml-apis-ext-1.3.04.pom (1.8 kB at 52 kB/s)
2026-04-19T22:07:44.2625830Z [INFO] Downloading from central: https://repo.maven.apache.org/maven2/org/apache/apache/3/apache-3.pom
2026-04-19T22:07:44.2815690Z [INFO] Downloaded from central: https://repo.maven.apache.org/maven2/org/apache/apache/3/apache-3.pom (3.4 kB at 181 kB/s)
2026-04-19T22:07:44.2832220Z [INFO] Downloading from central: https://repo.maven.apache.org/maven2/org/apache/xmlgraphics/batik-dom/1.19/batik-dom-1.19.pom
2026-04-19T22:07:44.3070630Z [INFO] Downloaded from central: https://repo.maven.apache.org/maven2/org/apache/xmlgraphics/batik-dom/1.19/batik-dom-1.19.pom (3.8 kB at 167 kB/s)
2026-04-19T22:07:44.3087000Z [INFO] Downloading from central: https://repo.maven.apache.org/maven2/org/apache/xmlgraphics/batik-ext/1.19/batik-ext-1.19.pom
2026-04-19T22:07:44.3311110Z [INFO] Downloaded from central: https://repo.maven.apache.org/maven2/org/apache/xmlgraphics/batik-ext/1.19/batik-ext-1.19.pom (2.9 kB at 131 kB/s)
2026-04-19T22:07:44.3328220Z [INFO] Downloading from central: https://repo.maven.apache.org/maven2/org/apache/xmlgraphics/batik-xml/1.19/batik-xml-1.19.pom
2026-04-19T22:07:44.3564180Z [INFO] Downloaded from central: https://repo.maven.apache.org/maven2/org/apache/xmlgraphics/batik-xml/1.19/batik-xml-1.19.pom (2.9 kB at 123 kB/s)
2026-04-19T22:07:44.3582770Z [INFO] Downloading from central: https://repo.maven.apache.org/maven2/xml-apis/xml-apis/1.4.01/xml-apis-1.4.01.pom
2026-04-19T22:07:44.3800630Z [INFO] Downloaded from central: https://repo.maven.apache.org/maven2/xml-apis/xml-apis/1.4.01/xml-apis-1.4.01.pom (2.7 kB at 127 kB/s)
2026-04-19T22:07:44.3816110Z [INFO] Downloading from central: https://repo.maven.apache.org/maven2/org/apache/xmlgraphics/batik-parser/1.19/batik-parser-1.19.pom
2026-04-19T22:07:44.4026870Z [INFO] Downloaded from central: https://repo.maven.apache.org/maven2/org/apache/xmlgraphics/batik-parser/1.19/batik-parser-1.19.pom (3.5 kB at 169 kB/s)
2026-04-19T22:07:44.4044990Z [INFO] Downloading from central: https://repo.maven.apache.org/maven2/org/apache/xmlgraphics/batik-svg-dom/1.19/batik-svg-dom-1.19.pom
2026-04-19T22:07:44.4273280Z [INFO] Downloaded from central: https://repo.maven.apache.org/maven2/org/apache/xmlgraphics/batik-svg-dom/1.19/batik-svg-dom-1.19.pom (4.0 kB at 174 kB/s)
2026-04-19T22:07:44.4290800Z [INFO] Downloading from central: https://repo.maven.apache.org/maven2/org/apache/xmlgraphics/batik-bridge/1.19/batik-bridge-1.19.pom
2026-04-19T22:07:44.4499410Z [INFO] Downloaded from central: https://repo.maven.apache.org/maven2/org/apache/xmlgraphics/batik-bridge/1.19/batik-bridge-1.19.pom (5.4 kB at 257 kB/s)
2026-04-19T22:07:44.4521370Z [INFO] Downloading from central: https://repo.maven.apache.org/maven2/org/apache/xmlgraphics/batik-gvt/1.19/batik-gvt-1.19.pom
2026-04-19T22:07:44.4729450Z [INFO] Downloaded from central: https://repo.maven.apache.org/maven2/org/apache/xmlgraphics/batik-gvt/1.19/batik-gvt-1.19.pom (3.2 kB at 153 kB/s)
2026-04-19T22:07:44.4748330Z [INFO] Downloading from central: https://repo.maven.apache.org/maven2/org/apache/xmlgraphics/batik-script/1.19/batik-script-1.19.pom
2026-04-19T22:07:44.4962150Z [INFO] Downloaded from central: https://repo.maven.apache.org/maven2/org/apache/xmlgraphics/batik-script/1.19/batik-script-1.19.pom (3.9 kB at 178 kB/s)
2026-04-19T22:07:44.4978560Z [INFO] Downloading from central: https://repo.maven.apache.org/maven2/org/apache/xmlgraphics/batik-extension/1.19/batik-extension-1.19.pom
2026-04-19T22:07:44.5186100Z [INFO] Downloaded from central: https://repo.maven.apache.org/maven2/org/apache/xmlgraphics/batik-extension/1.19/batik-extension-1.19.pom (4.7 kB at 224 kB/s)
2026-04-19T22:07:44.5206330Z [INFO] Downloading from central: https://repo.maven.apache.org/maven2/org/apache/xmlgraphics/batik-transcoder/1.19/batik-transcoder-1.19.pom
2026-04-19T22:07:44.5392410Z [INFO] Downloaded from central: https://repo.maven.apache.org/maven2/org/apache/xmlgraphics/batik-transcoder/1.19/batik-transcoder-1.19.pom (4.3 kB at 227 kB/s)
2026-04-19T22:07:44.5411850Z [INFO] Downloading from central: https://repo.maven.apache.org/maven2/org/apache/xmlgraphics/batik-svggen/1.19/batik-svggen-1.19.pom
2026-04-19T22:07:44.5606680Z [INFO] Downloaded from central: https://repo.maven.apache.org/maven2/org/apache/xmlgraphics/batik-svggen/1.19/batik-svggen-1.19.pom (3.2 kB at 167 kB/s)
2026-04-19T22:07:44.5623300Z [INFO] Downloading from central: https://repo.maven.apache.org/maven2/org/apache/xmlgraphics/batik-codec/1.19/batik-codec-1.19.pom
2026-04-19T22:07:44.5810340Z [INFO] Downloaded from central: https://repo.maven.apache.org/maven2/org/apache/xmlgraphics/batik-codec/1.19/batik-codec-1.19.pom (3.5 kB at 197 kB/s)
2026-04-19T22:07:44.5830950Z [INFO] Downloading from central: https://repo.maven.apache.org/maven2/org/apache/pdfbox/fontbox/3.0.3/fontbox-3.0.3.pom
2026-04-19T22:07:44.6036860Z [INFO] Downloaded from central: https://repo.maven.apache.org/maven2/org/apache/pdfbox/fontbox/3.0.3/fontbox-3.0.3.pom (9.2 kB at 438 kB/s)
2026-04-19T22:07:44.6051600Z [INFO] Downloading from central: https://repo.maven.apache.org/maven2/org/apache/pdfbox/pdfbox-parent/3.0.3/pdfbox-parent-3.0.3.pom
2026-04-19T22:07:44.6274130Z [INFO] Downloaded from central: https://repo.maven.apache.org/maven2/org/apache/pdfbox/pdfbox-parent/3.0.3/pdfbox-parent-3.0.3.pom (15 kB at 667 kB/s)
2026-04-19T22:07:44.6297400Z [INFO] Downloading from central: https://repo.maven.apache.org/maven2/org/apache/pdfbox/pdfbox-io/3.0.3/pdfbox-io-3.0.3.pom
2026-04-19T22:07:44.6533610Z [INFO] Downloaded from central: https://repo.maven.apache.org/maven2/org/apache/pdfbox/pdfbox-io/3.0.3/pdfbox-io-3.0.3.pom (3.2 kB at 135 kB/s)
2026-04-19T22:07:44.6556070Z [INFO] Downloading from central: https://repo.maven.apache.org/maven2/commons-logging/commons-logging/1.3.3/commons-logging-1.3.3.pom
2026-04-19T22:07:44.6809370Z [INFO] Downloaded from central: https://repo.maven.apache.org/maven2/commons-logging/commons-logging/1.3.3/commons-logging-1.3.3.pom (32 kB at 1.2 MB/s)
2026-04-19T22:07:44.6844990Z [INFO] Downloading from central: https://repo.maven.apache.org/maven2/org/apache/commons/commons-parent/71/commons-parent-71.pom
2026-04-19T22:07:44.7197210Z [INFO] Downloaded from central: https://repo.maven.apache.org/maven2/org/apache/commons/commons-parent/71/commons-parent-71.pom (78 kB at 2.2 MB/s)
2026-04-19T22:07:44.7257860Z [INFO] Downloading from central: https://repo.maven.apache.org/maven2/org/junit/junit-bom/5.11.0-M2/junit-bom-5.11.0-M2.pom
2026-04-19T22:07:44.7457580Z [INFO] Downloaded from central: https://repo.maven.apache.org/maven2/org/junit/junit-bom/5.11.0-M2/junit-bom-5.11.0-M2.pom (5.7 kB at 285 kB/s)
2026-04-19T22:07:44.7474690Z [INFO] Downloading from central: https://repo.maven.apache.org/maven2/org/junit/jupiter/junit-jupiter-api/6.0.3/junit-jupiter-api-6.0.3.pom
2026-04-19T22:07:44.7701590Z [INFO] Downloaded from central: https://repo.maven.apache.org/maven2/org/junit/jupiter/junit-jupiter-api/6.0.3/junit-jupiter-api-6.0.3.pom (3.4 kB at 147 kB/s)
2026-04-19T22:07:44.7714580Z [INFO] Downloading from central: https://repo.maven.apache.org/maven2/org/junit/junit-bom/6.0.3/junit-bom-6.0.3.pom
2026-04-19T22:07:44.7918350Z [INFO] Downloaded from central: https://repo.maven.apache.org/maven2/org/junit/junit-bom/6.0.3/junit-bom-6.0.3.pom (5.1 kB at 256 kB/s)
2026-04-19T22:07:44.7933200Z [INFO] Downloading from central: https://repo.maven.apache.org/maven2/org/opentest4j/opentest4j/1.3.0/opentest4j-1.3.0.pom
2026-04-19T22:07:44.8151170Z [INFO] Downloaded from central: https://repo.maven.apache.org/maven2/org/opentest4j/opentest4j/1.3.0/opentest4j-1.3.0.pom (2.0 kB at 97 kB/s)
2026-04-19T22:07:44.8187710Z [INFO] Downloading from central: https://repo.maven.apache.org/maven2/org/junit/platform/junit-platform-commons/6.0.3/junit-platform-commons-6.0.3.pom
2026-04-19T22:07:44.8393300Z [INFO] Downloaded from central: https://repo.maven.apache.org/maven2/org/junit/platform/junit-platform-commons/6.0.3/junit-platform-commons-6.0.3.pom (3.0 kB at 131 kB/s)
2026-04-19T22:07:44.8417420Z [INFO] Downloading from central: https://repo.maven.apache.org/maven2/org/apiguardian/apiguardian-api/1.1.2/apiguardian-api-1.1.2.pom
2026-04-19T22:07:44.8638180Z [INFO] Downloaded from central: https://repo.maven.apache.org/maven2/org/apiguardian/apiguardian-api/1.1.2/apiguardian-api-1.1.2.pom (1.5 kB at 69 kB/s)
2026-04-19T22:07:44.8652790Z [INFO] Downloading from central: https://repo.maven.apache.org/maven2/org/jspecify/jspecify/1.0.0/jspecify-1.0.0.pom
2026-04-19T22:07:44.8860760Z [INFO] Downloaded from central: https://repo.maven.apache.org/maven2/org/jspecify/jspecify/1.0.0/jspecify-1.0.0.pom (1.5 kB at 76 kB/s)
2026-04-19T22:07:44.8873630Z [INFO] Downloading from central: https://repo.maven.apache.org/maven2/org/junit/jupiter/junit-jupiter-params/6.0.3/junit-jupiter-params-6.0.3.pom
2026-04-19T22:07:44.9066420Z [INFO] Downloaded from central: https://repo.maven.apache.org/maven2/org/junit/jupiter/junit-jupiter-params/6.0.3/junit-jupiter-params-6.0.3.pom (3.2 kB at 168 kB/s)
2026-04-19T22:07:44.9080920Z [INFO] Downloading from central: https://repo.maven.apache.org/maven2/org/assertj/assertj-core/3.27.7/assertj-core-3.27.7.pom
2026-04-19T22:07:44.9293900Z [INFO] Downloaded from central: https://repo.maven.apache.org/maven2/org/assertj/assertj-core/3.27.7/assertj-core-3.27.7.pom (3.8 kB at 173 kB/s)
2026-04-19T22:07:44.9319030Z [INFO] Downloading from central: https://repo.maven.apache.org/maven2/net/bytebuddy/byte-buddy/1.18.3/byte-buddy-1.18.3.pom
2026-04-19T22:07:44.9533120Z [INFO] Downloaded from central: https://repo.maven.apache.org/maven2/net/bytebuddy/byte-buddy/1.18.3/byte-buddy-1.18.3.pom (19 kB at 883 kB/s)
2026-04-19T22:07:44.9546260Z [INFO] Downloading from central: https://repo.maven.apache.org/maven2/net/bytebuddy/byte-buddy-parent/1.18.3/byte-buddy-parent-1.18.3.pom
2026-04-19T22:07:44.9771110Z [INFO] Downloaded from central: https://repo.maven.apache.org/maven2/net/bytebuddy/byte-buddy-parent/1.18.3/byte-buddy-parent-1.18.3.pom (66 kB at 3.0 MB/s)
2026-04-19T22:07:44.9795520Z [INFO] Downloading from central: https://repo.maven.apache.org/maven2/org/mockito/mockito-core/5.18.0/mockito-core-5.18.0.pom
2026-04-19T22:07:45.0002230Z [INFO] Downloaded from central: https://repo.maven.apache.org/maven2/org/mockito/mockito-core/5.18.0/mockito-core-5.18.0.pom (2.5 kB at 117 kB/s)
2026-04-19T22:07:45.0017150Z [INFO] Downloading from central: https://repo.maven.apache.org/maven2/net/bytebuddy/byte-buddy/1.17.5/byte-buddy-1.17.5.pom
2026-04-19T22:07:45.0229510Z [INFO] Downloaded from central: https://repo.maven.apache.org/maven2/net/bytebuddy/byte-buddy/1.17.5/byte-buddy-1.17.5.pom (19 kB at 920 kB/s)
2026-04-19T22:07:45.0243080Z [INFO] Downloading from central: https://repo.maven.apache.org/maven2/net/bytebuddy/byte-buddy-parent/1.17.5/byte-buddy-parent-1.17.5.pom
2026-04-19T22:07:45.0471110Z [INFO] Downloaded from central: https://repo.maven.apache.org/maven2/net/bytebuddy/byte-buddy-parent/1.17.5/byte-buddy-parent-1.17.5.pom (65 kB at 2.9 MB/s)
2026-04-19T22:07:45.0492610Z [INFO] Downloading from central: https://repo.maven.apache.org/maven2/net/bytebuddy/byte-buddy-agent/1.17.5/byte-buddy-agent-1.17.5.pom
2026-04-19T22:07:45.0698750Z [INFO] Downloaded from central: https://repo.maven.apache.org/maven2/net/bytebuddy/byte-buddy-agent/1.17.5/byte-buddy-agent-1.17.5.pom (12 kB at 604 kB/s)
2026-04-19T22:07:45.0721020Z [INFO] Downloading from central: https://repo.maven.apache.org/maven2/org/objenesis/objenesis/3.3/objenesis-3.3.pom
2026-04-19T22:07:45.0933630Z [INFO] Downloaded from central: https://repo.maven.apache.org/maven2/org/objenesis/objenesis/3.3/objenesis-3.3.pom (3.0 kB at 137 kB/s)
2026-04-19T22:07:45.0944780Z [INFO] Downloading from central: https://repo.maven.apache.org/maven2/org/objenesis/objenesis-parent/3.3/objenesis-parent-3.3.pom
2026-04-19T22:07:45.1184370Z [INFO] Downloaded from central: https://repo.maven.apache.org/maven2/org/objenesis/objenesis-parent/3.3/objenesis-parent-3.3.pom (19 kB at 798 kB/s)
2026-04-19T22:07:45.1201180Z [INFO] Downloading from central: https://repo.maven.apache.org/maven2/org/verapdf/validation-model/1.28.2/validation-model-1.28.2.pom
2026-04-19T22:07:45.1410210Z [INFO] Downloaded from central: https://repo.maven.apache.org/maven2/org/verapdf/validation-model/1.28.2/validation-model-1.28.2.pom (2.5 kB at 121 kB/s)
2026-04-19T22:07:45.1446900Z [INFO] Downloading from central: https://repo.maven.apache.org/maven2/org/verapdf/validation/1.28.2/validation-1.28.2.pom
2026-04-19T22:07:45.1653350Z [INFO] Downloaded from central: https://repo.maven.apache.org/maven2/org/verapdf/validation/1.28.2/validation-1.28.2.pom (6.1 kB at 289 kB/s)
2026-04-19T22:07:45.1681700Z [INFO] Downloading from central: https://repo.maven.apache.org/maven2/org/verapdf/verapdf-parent/1.28.2/verapdf-parent-1.28.2.pom
2026-04-19T22:07:45.1908770Z [INFO] Downloaded from central: https://repo.maven.apache.org/maven2/org/verapdf/verapdf-parent/1.28.2/verapdf-parent-1.28.2.pom (16 kB at 690 kB/s)
2026-04-19T22:07:45.1949630Z [INFO] Downloading from central: https://repo.maven.apache.org/maven2/org/verapdf/parser/1.28.2/parser-1.28.2.pom
2026-04-19T22:07:45.2195980Z [INFO] Downloaded from central: https://repo.maven.apache.org/maven2/org/verapdf/parser/1.28.2/parser-1.28.2.pom (5.6 kB at 225 kB/s)
2026-04-19T22:07:45.2242330Z [INFO] Downloading from central: https://repo.maven.apache.org/maven2/org/verapdf/pdf-model/1.28.2/pdf-model-1.28.2.pom
2026-04-19T22:07:45.2463040Z [INFO] Downloaded from central: https://repo.maven.apache.org/maven2/org/verapdf/pdf-model/1.28.2/pdf-model-1.28.2.pom (6.8 kB at 295 kB/s)
2026-04-19T22:07:45.2488660Z [INFO] Downloading from central: https://repo.maven.apache.org/maven2/org/verapdf/core/1.28.2/core-1.28.2.pom
2026-04-19T22:07:45.2695360Z [INFO] Downloaded from central: https://repo.maven.apache.org/maven2/org/verapdf/core/1.28.2/core-1.28.2.pom (3.4 kB at 163 kB/s)
2026-04-19T22:07:45.2731960Z [INFO] Downloading from central: https://repo.maven.apache.org/maven2/org/verapdf/verapdf-library/1.28.2/verapdf-library-1.28.2.pom
2026-04-19T22:07:45.2927790Z [INFO] Downloaded from central: https://repo.maven.apache.org/maven2/org/verapdf/verapdf-library/1.28.2/verapdf-library-1.28.2.pom (7.5 kB at 341 kB/s)
2026-04-19T22:07:45.2952000Z [INFO] Downloading from central: https://repo.maven.apache.org/maven2/org/verapdf/verapdf-xmp-core/1.28.2/verapdf-xmp-core-1.28.2.pom
2026-04-19T22:07:45.3219960Z [INFO] Downloaded from central: https://repo.maven.apache.org/maven2/org/verapdf/verapdf-xmp-core/1.28.2/verapdf-xmp-core-1.28.2.pom (1.7 kB at 65 kB/s)
2026-04-19T22:07:45.3256320Z [INFO] Downloading from central: https://repo.maven.apache.org/maven2/org/mozilla/rhino/1.7.13/rhino-1.7.13.pom
2026-04-19T22:07:45.3474530Z [INFO] Downloaded from central: https://repo.maven.apache.org/maven2/org/mozilla/rhino/1.7.13/rhino-1.7.13.pom (1.6 kB at 74 kB/s)
2026-04-19T22:07:45.3503910Z [INFO] Downloading from central: https://repo.maven.apache.org/maven2/javax/xml/bind/jaxb-api/2.4.0-b180830.0359/jaxb-api-2.4.0-b180830.0359.pom
2026-04-19T22:07:45.3741560Z [INFO] Downloaded from central: https://repo.maven.apache.org/maven2/javax/xml/bind/jaxb-api/2.4.0-b180830.0359/jaxb-api-2.4.0-b180830.0359.pom (20 kB at 821 kB/s)
2026-04-19T22:07:45.3760020Z [INFO] Downloading from central: https://repo.maven.apache.org/maven2/javax/xml/bind/jaxb-api-parent/2.4.0-b180830.0359/jaxb-api-parent-2.4.0-b180830.0359.pom
2026-04-19T22:07:45.3982910Z [INFO] Downloaded from central: https://repo.maven.apache.org/maven2/javax/xml/bind/jaxb-api-parent/2.4.0-b180830.0359/jaxb-api-parent-2.4.0-b180830.0359.pom (8.1 kB at 369 kB/s)
2026-04-19T22:07:45.4014670Z [INFO] Downloading from central: https://repo.maven.apache.org/maven2/net/java/jvnet-parent/5/jvnet-parent-5.pom
2026-04-19T22:07:45.4237070Z [INFO] Downloaded from central: https://repo.maven.apache.org/maven2/net/java/jvnet-parent/5/jvnet-parent-5.pom (8.9 kB at 403 kB/s)
2026-04-19T22:07:45.4283020Z [INFO] Downloading from central: https://repo.maven.apache.org/maven2/javax/activation/javax.activation-api/1.2.0/javax.activation-api-1.2.0.pom
2026-04-19T22:07:45.4529690Z [INFO] Downloaded from central: https://repo.maven.apache.org/maven2/javax/activation/javax.activation-api/1.2.0/javax.activation-api-1.2.0.pom (4.9 kB at 197 kB/s)
2026-04-19T22:07:45.4564140Z [INFO] Downloading from central: https://repo.maven.apache.org/maven2/com/sun/activation/all/1.2.0/all-1.2.0.pom
2026-04-19T22:07:45.4833190Z [INFO] Downloaded from central: https://repo.maven.apache.org/maven2/com/sun/activation/all/1.2.0/all-1.2.0.pom (18 kB at 641 kB/s)
2026-04-19T22:07:45.4867500Z [INFO] Downloading from central: https://repo.maven.apache.org/maven2/net/java/jvnet-parent/1/jvnet-parent-1.pom
2026-04-19T22:07:45.5072540Z [INFO] Downloaded from central: https://repo.maven.apache.org/maven2/net/java/jvnet-parent/1/jvnet-parent-1.pom (4.7 kB at 236 kB/s)
2026-04-19T22:07:45.5115360Z [INFO] Downloading from central: https://repo.maven.apache.org/maven2/com/sun/xml/bind/jaxb-impl/2.3.2/jaxb-impl-2.3.2.pom
2026-04-19T22:07:45.5457770Z [INFO] Downloaded from central: https://repo.maven.apache.org/maven2/com/sun/xml/bind/jaxb-impl/2.3.2/jaxb-impl-2.3.2.pom (13 kB at 368 kB/s)
2026-04-19T22:07:45.5482000Z [INFO] Downloading from central: https://repo.maven.apache.org/maven2/com/sun/xml/bind/mvn/jaxb-bundles/2.3.2/jaxb-bundles-2.3.2.pom
2026-04-19T22:07:45.5726720Z [INFO] Downloaded from central: https://repo.maven.apache.org/maven2/com/sun/xml/bind/mvn/jaxb-bundles/2.3.2/jaxb-bundles-2.3.2.pom (1.3 kB at 53 kB/s)
2026-04-19T22:07:45.5758050Z [INFO] Downloading from central: https://repo.maven.apache.org/maven2/com/sun/xml/bind/mvn/jaxb-parent/2.3.2/jaxb-parent-2.3.2.pom
2026-04-19T22:07:45.6006950Z [INFO] Downloaded from central: https://repo.maven.apache.org/maven2/com/sun/xml/bind/mvn/jaxb-parent/2.3.2/jaxb-parent-2.3.2.pom (30 kB at 1.2 MB/s)
2026-04-19T22:07:45.6042350Z [INFO] Downloading from central: https://repo.maven.apache.org/maven2/com/sun/xml/bind/jaxb-bom-ext/2.3.2/jaxb-bom-ext-2.3.2.pom
2026-04-19T22:07:45.6295240Z [INFO] Downloaded from central: https://repo.maven.apache.org/maven2/com/sun/xml/bind/jaxb-bom-ext/2.3.2/jaxb-bom-ext-2.3.2.pom (3.1 kB at 121 kB/s)
2026-04-19T22:07:45.6346420Z [INFO] Downloading from central: https://repo.maven.apache.org/maven2/org/glassfish/jaxb/jaxb-bom/2.3.2/jaxb-bom-2.3.2.pom
2026-04-19T22:07:45.6586860Z [INFO] Downloaded from central: https://repo.maven.apache.org/maven2/org/glassfish/jaxb/jaxb-bom/2.3.2/jaxb-bom-2.3.2.pom (8.0 kB at 308 kB/s)
2026-04-19T22:07:45.6597600Z [INFO] Downloading from central: https://repo.maven.apache.org/maven2/org/eclipse/ee4j/project/1.0.5/project-1.0.5.pom
2026-04-19T22:07:45.6869840Z [INFO] Downloaded from central: https://repo.maven.apache.org/maven2/org/eclipse/ee4j/project/1.0.5/project-1.0.5.pom (13 kB at 488 kB/s)
2026-04-19T22:07:45.6903880Z [INFO] Downloading from central: https://repo.maven.apache.org/maven2/com/sun/xml/bind/jaxb-core/2.3.0.1/jaxb-core-2.3.0.1.pom
2026-04-19T22:07:45.7113020Z [INFO] Downloaded from central: https://repo.maven.apache.org/maven2/com/sun/xml/bind/jaxb-core/2.3.0.1/jaxb-core-2.3.0.1.pom (16 kB at 809 kB/s)
2026-04-19T22:07:45.7146850Z [INFO] Downloading from central: https://repo.maven.apache.org/maven2/com/sun/xml/bind/mvn/jaxb-bundles/2.3.0.1/jaxb-bundles-2.3.0.1.pom
2026-04-19T22:07:45.7347930Z [INFO] Downloaded from central: https://repo.maven.apache.org/maven2/com/sun/xml/bind/mvn/jaxb-bundles/2.3.0.1/jaxb-bundles-2.3.0.1.pom (2.9 kB at 146 kB/s)
2026-04-19T22:07:45.7377780Z [INFO] Downloading from central: https://repo.maven.apache.org/maven2/com/sun/xml/bind/mvn/jaxb-parent/2.3.0.1/jaxb-parent-2.3.0.1.pom
2026-04-19T22:07:45.7589020Z [INFO] Downloaded from central: https://repo.maven.apache.org/maven2/com/sun/xml/bind/mvn/jaxb-parent/2.3.0.1/jaxb-parent-2.3.0.1.pom (43 kB at 2.0 MB/s)
2026-04-19T22:07:45.7693980Z [INFO] Downloading from central: https://repo.maven.apache.org/maven2/com/sun/xml/bind/jaxb-bom-ext/2.3.0.1/jaxb-bom-ext-2.3.0.1.pom
2026-04-19T22:07:45.7948680Z [INFO] Downloaded from central: https://repo.maven.apache.org/maven2/com/sun/xml/bind/jaxb-bom-ext/2.3.0.1/jaxb-bom-ext-2.3.0.1.pom (5.4 kB at 235 kB/s)
2026-04-19T22:07:45.7972550Z [INFO] Downloading from central: https://repo.maven.apache.org/maven2/org/glassfish/jaxb/jaxb-bom/2.3.0.1/jaxb-bom-2.3.0.1.pom
2026-04-19T22:07:45.8169490Z [INFO] Downloaded from central: https://repo.maven.apache.org/maven2/org/glassfish/jaxb/jaxb-bom/2.3.0.1/jaxb-bom-2.3.0.1.pom (11 kB at 508 kB/s)
2026-04-19T22:07:45.8189100Z [INFO] Downloading from central: https://repo.maven.apache.org/maven2/com/fasterxml/jackson/core/jackson-databind/2.15.0/jackson-databind-2.15.0.pom
2026-04-19T22:07:45.8413440Z [INFO] Downloaded from central: https://repo.maven.apache.org/maven2/com/fasterxml/jackson/core/jackson-databind/2.15.0/jackson-databind-2.15.0.pom (19 kB at 818 kB/s)
2026-04-19T22:07:45.8428860Z [INFO] Downloading from central: https://repo.maven.apache.org/maven2/com/fasterxml/jackson/jackson-base/2.15.0/jackson-base-2.15.0.pom
2026-04-19T22:07:45.8647100Z [INFO] Downloaded from central: https://repo.maven.apache.org/maven2/com/fasterxml/jackson/jackson-base/2.15.0/jackson-base-2.15.0.pom (11 kB at 506 kB/s)
2026-04-19T22:07:45.8662390Z [INFO] Downloading from central: https://repo.maven.apache.org/maven2/com/fasterxml/jackson/jackson-bom/2.15.0/jackson-bom-2.15.0.pom
2026-04-19T22:07:45.8891280Z [INFO] Downloaded from central: https://repo.maven.apache.org/maven2/com/fasterxml/jackson/jackson-bom/2.15.0/jackson-bom-2.15.0.pom (18 kB at 782 kB/s)
2026-04-19T22:07:45.8919830Z [INFO] Downloading from central: https://repo.maven.apache.org/maven2/com/fasterxml/jackson/jackson-parent/2.15/jackson-parent-2.15.pom
2026-04-19T22:07:45.9182580Z [INFO] Downloaded from central: https://repo.maven.apache.org/maven2/com/fasterxml/jackson/jackson-parent/2.15/jackson-parent-2.15.pom (6.5 kB at 242 kB/s)
2026-04-19T22:07:45.9193190Z [INFO] Downloading from central: https://repo.maven.apache.org/maven2/com/fasterxml/oss-parent/50/oss-parent-50.pom
2026-04-19T22:07:45.9439100Z [INFO] Downloaded from central: https://repo.maven.apache.org/maven2/com/fasterxml/oss-parent/50/oss-parent-50.pom (24 kB at 984 kB/s)
2026-04-19T22:07:45.9480910Z [INFO] Downloading from central: https://repo.maven.apache.org/maven2/com/fasterxml/jackson/core/jackson-annotations/2.15.0/jackson-annotations-2.15.0.pom
2026-04-19T22:07:45.9665280Z [INFO] Downloaded from central: https://repo.maven.apache.org/maven2/com/fasterxml/jackson/core/jackson-annotations/2.15.0/jackson-annotations-2.15.0.pom (7.1 kB at 353 kB/s)
2026-04-19T22:07:45.9683850Z [INFO] Downloading from central: https://repo.maven.apache.org/maven2/com/fasterxml/jackson/core/jackson-core/2.15.0/jackson-core-2.15.0.pom
2026-04-19T22:07:45.9885650Z [INFO] Downloaded from central: https://repo.maven.apache.org/maven2/com/fasterxml/jackson/core/jackson-core/2.15.0/jackson-core-2.15.0.pom (8.6 kB at 430 kB/s)
2026-04-19T22:07:45.9903770Z [INFO] Downloading from central: https://repo.maven.apache.org/maven2/org/junit/junit-bom/5.9.2/junit-bom-5.9.2.pom
2026-04-19T22:07:46.0157960Z [INFO] Downloaded from central: https://repo.maven.apache.org/maven2/org/junit/junit-bom/5.9.2/junit-bom-5.9.2.pom (5.6 kB at 225 kB/s)
2026-04-19T22:07:46.0174120Z [INFO] Downloading from central: https://repo.maven.apache.org/maven2/net/java/dev/stax-utils/stax-utils/20070216/stax-utils-20070216.pom
2026-04-19T22:07:46.0385320Z [INFO] Downloaded from central: https://repo.maven.apache.org/maven2/net/java/dev/stax-utils/stax-utils/20070216/stax-utils-20070216.pom (1.2 kB at 56 kB/s)
2026-04-19T22:07:46.0398880Z [INFO] Downloading from central: https://repo.maven.apache.org/maven2/org/verapdf/feature-reporting/1.28.2/feature-reporting-1.28.2.pom
2026-04-19T22:07:46.0599200Z [INFO] Downloaded from central: https://repo.maven.apache.org/maven2/org/verapdf/feature-reporting/1.28.2/feature-reporting-1.28.2.pom (2.6 kB at 128 kB/s)
2026-04-19T22:07:46.0627570Z [INFO] Downloading from central: https://repo.maven.apache.org/maven2/javax/xml/bind/jaxb-api/2.3.1/jaxb-api-2.3.1.pom
2026-04-19T22:07:46.0844930Z [INFO] Downloaded from central: https://repo.maven.apache.org/maven2/javax/xml/bind/jaxb-api/2.3.1/jaxb-api-2.3.1.pom (20 kB at 877 kB/s)
2026-04-19T22:07:46.0859200Z [INFO] Downloading from central: https://repo.maven.apache.org/maven2/javax/xml/bind/jaxb-api-parent/2.3.1/jaxb-api-parent-2.3.1.pom
2026-04-19T22:07:46.1072920Z [INFO] Downloaded from central: https://repo.maven.apache.org/maven2/javax/xml/bind/jaxb-api-parent/2.3.1/jaxb-api-parent-2.3.1.pom (8.1 kB at 368 kB/s)
2026-04-19T22:07:46.1090340Z [INFO] Downloading from central: https://repo.maven.apache.org/maven2/org/verapdf/metadata-fixer/1.28.2/metadata-fixer-1.28.2.pom
2026-04-19T22:07:46.1294430Z [INFO] Downloaded from central: https://repo.maven.apache.org/maven2/org/verapdf/metadata-fixer/1.28.2/metadata-fixer-1.28.2.pom (2.2 kB at 104 kB/s)
2026-04-19T22:07:46.1356900Z [INFO] Downloading from central: https://repo.maven.apache.org/maven2/com/ibm/icu/icu4j/78.2/icu4j-78.2.jar
2026-04-19T22:07:46.2260200Z [INFO] Downloaded from central: https://repo.maven.apache.org/maven2/com/ibm/icu/icu4j/78.2/icu4j-78.2.jar (15 MB at 168 MB/s)
2026-04-19T22:07:46.2277400Z [INFO] Downloading from central: https://repo.maven.apache.org/maven2/org/bouncycastle/bcprov-jdk18on/1.83/bcprov-jdk18on-1.83.jar
2026-04-19T22:07:46.2278520Z [INFO] Downloading from central: https://repo.maven.apache.org/maven2/org/bouncycastle/bcpkix-jdk18on/1.83/bcpkix-jdk18on-1.83.jar
2026-04-19T22:07:46.2279370Z [INFO] Downloading from central: https://repo.maven.apache.org/maven2/org/bouncycastle/bcutil-jdk18on/1.83/bcutil-jdk18on-1.83.jar
2026-04-19T22:07:46.2283330Z [INFO] Downloading from central: https://repo.maven.apache.org/maven2/org/apache/xmlgraphics/fop/2.11/fop-2.11.jar
2026-04-19T22:07:46.2283980Z [INFO] Downloading from central: https://repo.maven.apache.org/maven2/org/apache/xmlgraphics/fop-util/2.11/fop-util-2.11.jar
2026-04-19T22:07:46.2587960Z [INFO] Downloaded from central: https://repo.maven.apache.org/maven2/org/apache/xmlgraphics/fop/2.11/fop-2.11.jar (2.5 kB at 112 kB/s)
2026-04-19T22:07:46.2631910Z [INFO] Downloading from central: https://repo.maven.apache.org/maven2/org/apache/xmlgraphics/xmlgraphics-commons/2.11/xmlgraphics-commons-2.11.jar
2026-04-19T22:07:46.2651200Z [INFO] Downloaded from central: https://repo.maven.apache.org/maven2/org/apache/xmlgraphics/fop-util/2.11/fop-util-2.11.jar (26 kB at 809 kB/s)
2026-04-19T22:07:46.2760330Z [INFO] Downloading from central: https://repo.maven.apache.org/maven2/org/apache/xmlgraphics/fop-events/2.11/fop-events-2.11.jar
2026-04-19T22:07:46.2861910Z [INFO] Downloaded from central: https://repo.maven.apache.org/maven2/org/bouncycastle/bcutil-jdk18on/1.83/bcutil-jdk18on-1.83.jar (707 kB at 20 MB/s)
2026-04-19T22:07:46.2967490Z [INFO] Downloading from central: https://repo.maven.apache.org/maven2/com/thoughtworks/qdox/qdox/1.12/qdox-1.12.jar
2026-04-19T22:07:46.3091150Z [INFO] Downloaded from central: https://repo.maven.apache.org/maven2/org/bouncycastle/bcpkix-jdk18on/1.83/bcpkix-jdk18on-1.83.jar (1.2 MB at 32 MB/s)
2026-04-19T22:07:46.3195070Z [INFO] Downloading from central: https://repo.maven.apache.org/maven2/org/apache/xmlgraphics/fop-core/2.11/fop-core-2.11.jar
2026-04-19T22:07:46.3249670Z [INFO] Downloaded from central: https://repo.maven.apache.org/maven2/org/apache/xmlgraphics/xmlgraphics-commons/2.11/xmlgraphics-commons-2.11.jar (686 kB at 14 MB/s)
2026-04-19T22:07:46.3332480Z [INFO] Downloading from central: https://repo.maven.apache.org/maven2/org/apache/xmlgraphics/batik-anim/1.19/batik-anim-1.19.jar
2026-04-19T22:07:46.3333490Z [INFO] Downloaded from central: https://repo.maven.apache.org/maven2/org/apache/xmlgraphics/fop-events/2.11/fop-events-2.11.jar (45 kB at 881 kB/s)
2026-04-19T22:07:46.3334330Z [INFO] Downloading from central: https://repo.maven.apache.org/maven2/org/apache/xmlgraphics/batik-css/1.19/batik-css-1.19.jar
2026-04-19T22:07:46.3335050Z [INFO] Downloaded from central: https://repo.maven.apache.org/maven2/com/thoughtworks/qdox/qdox/1.12/qdox-1.12.jar (180 kB at 3.2 MB/s)
2026-04-19T22:07:46.3335730Z [INFO] Downloading from central: https://repo.maven.apache.org/maven2/org/apache/xmlgraphics/batik-dom/1.19/batik-dom-1.19.jar
2026-04-19T22:07:46.3336790Z [INFO] Downloaded from central: https://repo.maven.apache.org/maven2/org/apache/xmlgraphics/batik-css/1.19/batik-css-1.19.jar (331 kB at 4.3 MB/s)
2026-04-19T22:07:46.3337470Z [INFO] Downloading from central: https://repo.maven.apache.org/maven2/xml-apis/xml-apis/1.4.01/xml-apis-1.4.01.jar
2026-04-19T22:07:46.3338150Z [INFO] Downloaded from central: https://repo.maven.apache.org/maven2/org/apache/xmlgraphics/batik-anim/1.19/batik-anim-1.19.jar (486 kB at 5.7 MB/s)
2026-04-19T22:07:46.3338860Z [INFO] Downloading from central: https://repo.maven.apache.org/maven2/org/apache/xmlgraphics/batik-ext/1.19/batik-ext-1.19.jar
2026-04-19T22:07:46.3339560Z [INFO] Downloaded from central: https://repo.maven.apache.org/maven2/org/apache/xmlgraphics/batik-dom/1.19/batik-dom-1.19.jar (184 kB at 2.1 MB/s)
2026-04-19T22:07:46.3340280Z [INFO] Downloading from central: https://repo.maven.apache.org/maven2/org/apache/xmlgraphics/batik-parser/1.19/batik-parser-1.19.jar
2026-04-19T22:07:46.3340990Z [INFO] Downloaded from central: https://repo.maven.apache.org/maven2/xml-apis/xml-apis/1.4.01/xml-apis-1.4.01.jar (221 kB at 2.4 MB/s)
2026-04-19T22:07:46.3341740Z [INFO] Downloading from central: https://repo.maven.apache.org/maven2/org/apache/xmlgraphics/batik-shared-resources/1.19/batik-shared-resources-1.19.jar
2026-04-19T22:07:46.3342520Z [INFO] Downloaded from central: https://repo.maven.apache.org/maven2/org/apache/xmlgraphics/fop-core/2.11/fop-core-2.11.jar (4.5 MB at 46 MB/s)
2026-04-19T22:07:46.3343240Z [INFO] Downloading from central: https://repo.maven.apache.org/maven2/org/apache/xmlgraphics/batik-svg-dom/1.19/batik-svg-dom-1.19.jar
2026-04-19T22:07:46.3343980Z [INFO] Downloaded from central: https://repo.maven.apache.org/maven2/org/bouncycastle/bcprov-jdk18on/1.83/bcprov-jdk18on-1.83.jar (8.5 MB at 86 MB/s)
2026-04-19T22:07:46.3344710Z [INFO] Downloading from central: https://repo.maven.apache.org/maven2/org/apache/xmlgraphics/batik-util/1.19/batik-util-1.19.jar
2026-04-19T22:07:46.3345450Z [INFO] Downloaded from central: https://repo.maven.apache.org/maven2/org/apache/xmlgraphics/batik-parser/1.19/batik-parser-1.19.jar (77 kB at 740 kB/s)
2026-04-19T22:07:46.3346210Z [INFO] Downloading from central: https://repo.maven.apache.org/maven2/org/apache/xmlgraphics/batik-constants/1.19/batik-constants-1.19.jar
2026-04-19T22:07:46.3346950Z [INFO] Downloaded from central: https://repo.maven.apache.org/maven2/org/apache/xmlgraphics/batik-ext/1.19/batik-ext-1.19.jar (10 kB at 99 kB/s)
2026-04-19T22:07:46.3347650Z [INFO] Downloading from central: https://repo.maven.apache.org/maven2/org/apache/xmlgraphics/batik-i18n/1.19/batik-i18n-1.19.jar
2026-04-19T22:07:46.3348440Z [INFO] Downloaded from central: https://repo.maven.apache.org/maven2/org/apache/xmlgraphics/batik-shared-resources/1.19/batik-shared-resources-1.19.jar (6.7 kB at 62 kB/s)
2026-04-19T22:07:46.3349220Z [INFO] Downloading from central: https://repo.maven.apache.org/maven2/xml-apis/xml-apis-ext/1.3.04/xml-apis-ext-1.3.04.jar
2026-04-19T22:07:46.3403470Z [INFO] Downloaded from central: https://repo.maven.apache.org/maven2/org/apache/xmlgraphics/batik-svg-dom/1.19/batik-svg-dom-1.19.jar (231 kB at 2.0 MB/s)
2026-04-19T22:07:46.3404870Z [INFO] Downloading from central: https://repo.maven.apache.org/maven2/org/apache/xmlgraphics/batik-awt-util/1.19/batik-awt-util-1.19.jar
2026-04-19T22:07:46.3494030Z [INFO] Downloaded from central: https://repo.maven.apache.org/maven2/org/apache/xmlgraphics/batik-constants/1.19/batik-constants-1.19.jar (8.6 kB at 72 kB/s)
2026-04-19T22:07:46.3499620Z [INFO] Downloading from central: https://repo.maven.apache.org/maven2/org/apache/xmlgraphics/batik-bridge/1.19/batik-bridge-1.19.jar
2026-04-19T22:07:46.3500680Z [INFO] Downloaded from central: https://repo.maven.apache.org/maven2/xml-apis/xml-apis-ext/1.3.04/xml-apis-ext-1.3.04.jar (86 kB at 714 kB/s)
2026-04-19T22:07:46.3501520Z [INFO] Downloading from central: https://repo.maven.apache.org/maven2/org/apache/xmlgraphics/batik-script/1.19/batik-script-1.19.jar
2026-04-19T22:07:46.3502710Z [INFO] Downloaded from central: https://repo.maven.apache.org/maven2/org/apache/xmlgraphics/batik-i18n/1.19/batik-i18n-1.19.jar (12 kB at 95 kB/s)
2026-04-19T22:07:46.3503530Z [INFO] Downloading from central: https://repo.maven.apache.org/maven2/org/apache/xmlgraphics/batik-xml/1.19/batik-xml-1.19.jar
2026-04-19T22:07:46.3504350Z [INFO] Downloaded from central: https://repo.maven.apache.org/maven2/org/apache/xmlgraphics/batik-util/1.19/batik-util-1.19.jar (127 kB at 1.0 MB/s)
2026-04-19T22:07:46.3505190Z [INFO] Downloading from central: https://repo.maven.apache.org/maven2/org/apache/xmlgraphics/batik-extension/1.19/batik-extension-1.19.jar
2026-04-19T22:07:46.3574520Z [INFO] Downloaded from central: https://repo.maven.apache.org/maven2/org/apache/xmlgraphics/batik-awt-util/1.19/batik-awt-util-1.19.jar (425 kB at 3.3 MB/s)
2026-04-19T22:07:46.3575560Z [INFO] Downloading from central: https://repo.maven.apache.org/maven2/org/apache/xmlgraphics/batik-gvt/1.19/batik-gvt-1.19.jar
2026-04-19T22:07:46.3649600Z [INFO] Downloaded from central: https://repo.maven.apache.org/maven2/org/apache/xmlgraphics/batik-bridge/1.19/batik-bridge-1.19.jar (705 kB at 5.1 MB/s)
2026-04-19T22:07:46.3654650Z [INFO] Downloading from central: https://repo.maven.apache.org/maven2/org/apache/xmlgraphics/batik-transcoder/1.19/batik-transcoder-1.19.jar
2026-04-19T22:07:46.3655690Z [INFO] Downloaded from central: https://repo.maven.apache.org/maven2/org/apache/xmlgraphics/batik-extension/1.19/batik-extension-1.19.jar (73 kB at 527 kB/s)
2026-04-19T22:07:46.3656490Z [INFO] Downloading from central: https://repo.maven.apache.org/maven2/org/apache/xmlgraphics/batik-svggen/1.19/batik-svggen-1.19.jar
2026-04-19T22:07:46.3669650Z [INFO] Downloaded from central: https://repo.maven.apache.org/maven2/org/apache/xmlgraphics/batik-xml/1.19/batik-xml-1.19.jar (34 kB at 244 kB/s)
2026-04-19T22:07:46.3672450Z [INFO] Downloading from central: https://repo.maven.apache.org/maven2/org/apache/xmlgraphics/batik-codec/1.19/batik-codec-1.19.jar
2026-04-19T22:07:46.3717870Z [INFO] Downloaded from central: https://repo.maven.apache.org/maven2/org/apache/xmlgraphics/batik-script/1.19/batik-script-1.19.jar (25 kB at 172 kB/s)
2026-04-19T22:07:46.3718990Z [INFO] Downloading from central: https://repo.maven.apache.org/maven2/commons-logging/commons-logging/1.3.0/commons-logging-1.3.0.jar
2026-04-19T22:07:46.3738810Z [INFO] Downloaded from central: https://repo.maven.apache.org/maven2/org/apache/xmlgraphics/batik-gvt/1.19/batik-gvt-1.19.jar (192 kB at 1.3 MB/s)
2026-04-19T22:07:46.3739720Z [INFO] Downloading from central: https://repo.maven.apache.org/maven2/org/apache/pdfbox/fontbox/3.0.3/fontbox-3.0.3.jar
2026-04-19T22:07:46.3816390Z [INFO] Downloaded from central: https://repo.maven.apache.org/maven2/org/apache/xmlgraphics/batik-transcoder/1.19/batik-transcoder-1.19.jar (129 kB at 840 kB/s)
2026-04-19T22:07:46.3818090Z [INFO] Downloading from central: https://repo.maven.apache.org/maven2/org/apache/pdfbox/pdfbox-io/3.0.3/pdfbox-io-3.0.3.jar
2026-04-19T22:07:46.3836460Z [INFO] Downloaded from central: https://repo.maven.apache.org/maven2/org/apache/xmlgraphics/batik-svggen/1.19/batik-svggen-1.19.jar (228 kB at 1.5 MB/s)
2026-04-19T22:07:46.3839790Z [INFO] Downloading from central: https://repo.maven.apache.org/maven2/org/junit/jupiter/junit-jupiter-api/6.0.3/junit-jupiter-api-6.0.3.jar
2026-04-19T22:07:46.3885970Z [INFO] Downloaded from central: https://repo.maven.apache.org/maven2/org/apache/xmlgraphics/batik-codec/1.19/batik-codec-1.19.jar (112 kB at 703 kB/s)
2026-04-19T22:07:46.3923580Z [INFO] Downloading from central: https://repo.maven.apache.org/maven2/org/opentest4j/opentest4j/1.3.0/opentest4j-1.3.0.jar
2026-04-19T22:07:46.3976590Z [INFO] Downloaded from central: https://repo.maven.apache.org/maven2/commons-logging/commons-logging/1.3.0/commons-logging-1.3.0.jar (71 kB at 422 kB/s)
2026-04-19T22:07:46.3978550Z [INFO] Downloading from central: https://repo.maven.apache.org/maven2/org/junit/platform/junit-platform-commons/6.0.3/junit-platform-commons-6.0.3.jar
2026-04-19T22:07:46.3980680Z [INFO] Downloaded from central: https://repo.maven.apache.org/maven2/org/apache/pdfbox/pdfbox-io/3.0.3/pdfbox-io-3.0.3.jar (48 kB at 280 kB/s)
2026-04-19T22:07:46.3981530Z [INFO] Downloaded from central: https://repo.maven.apache.org/maven2/org/apache/pdfbox/fontbox/3.0.3/fontbox-3.0.3.jar (1.6 MB at 9.7 MB/s)
2026-04-19T22:07:46.3982300Z [INFO] Downloading from central: https://repo.maven.apache.org/maven2/org/jspecify/jspecify/1.0.0/jspecify-1.0.0.jar
2026-04-19T22:07:46.3983980Z [INFO] Downloading from central: https://repo.maven.apache.org/maven2/org/apiguardian/apiguardian-api/1.1.2/apiguardian-api-1.1.2.jar
2026-04-19T22:07:46.4032170Z [INFO] Downloaded from central: https://repo.maven.apache.org/maven2/org/junit/jupiter/junit-jupiter-api/6.0.3/junit-jupiter-api-6.0.3.jar (251 kB at 1.4 MB/s)
2026-04-19T22:07:46.4035010Z [INFO] Downloading from central: https://repo.maven.apache.org/maven2/org/junit/jupiter/junit-jupiter-params/6.0.3/junit-jupiter-params-6.0.3.jar
2026-04-19T22:07:46.4117620Z [INFO] Downloaded from central: https://repo.maven.apache.org/maven2/org/opentest4j/opentest4j/1.3.0/opentest4j-1.3.0.jar (14 kB at 78 kB/s)
2026-04-19T22:07:46.4119690Z [INFO] Downloading from central: https://repo.maven.apache.org/maven2/org/assertj/assertj-core/3.27.7/assertj-core-3.27.7.jar
2026-04-19T22:07:46.4122100Z [INFO] Downloaded from central: https://repo.maven.apache.org/maven2/org/apiguardian/apiguardian-api/1.1.2/apiguardian-api-1.1.2.jar (6.8 kB at 37 kB/s)
2026-04-19T22:07:46.4123240Z [INFO] Downloading from central: https://repo.maven.apache.org/maven2/net/bytebuddy/byte-buddy/1.18.3/byte-buddy-1.18.3.jar
2026-04-19T22:07:46.4124040Z [INFO] Downloaded from central: https://repo.maven.apache.org/maven2/org/jspecify/jspecify/1.0.0/jspecify-1.0.0.jar (3.8 kB at 21 kB/s)
2026-04-19T22:07:46.4124840Z [INFO] Downloading from central: https://repo.maven.apache.org/maven2/org/mockito/mockito-core/5.18.0/mockito-core-5.18.0.jar
2026-04-19T22:07:46.4201910Z [INFO] Downloaded from central: https://repo.maven.apache.org/maven2/org/junit/platform/junit-platform-commons/6.0.3/junit-platform-commons-6.0.3.jar (171 kB at 892 kB/s)
2026-04-19T22:07:46.4203170Z [INFO] Downloading from central: https://repo.maven.apache.org/maven2/net/bytebuddy/byte-buddy-agent/1.17.5/byte-buddy-agent-1.17.5.jar
2026-04-19T22:07:46.4204020Z [INFO] Downloaded from central: https://repo.maven.apache.org/maven2/org/junit/jupiter/junit-jupiter-params/6.0.3/junit-jupiter-params-6.0.3.jar (297 kB at 1.5 MB/s)
2026-04-19T22:07:46.4204760Z [INFO] Downloading from central: https://repo.maven.apache.org/maven2/org/objenesis/objenesis/3.3/objenesis-3.3.jar
2026-04-19T22:07:46.4413860Z [INFO] Downloaded from central: https://repo.maven.apache.org/maven2/org/mockito/mockito-core/5.18.0/mockito-core-5.18.0.jar (710 kB at 3.4 MB/s)
2026-04-19T22:07:46.4455620Z [INFO] Downloading from central: https://repo.maven.apache.org/maven2/commons-io/commons-io/2.21.0/commons-io-2.21.0.jar
2026-04-19T22:07:46.4509970Z [INFO] Downloaded from central: https://repo.maven.apache.org/maven2/org/assertj/assertj-core/3.27.7/assertj-core-3.27.7.jar (1.4 MB at 6.3 MB/s)
2026-04-19T22:07:46.4510780Z [INFO] Downloading from central: https://repo.maven.apache.org/maven2/org/verapdf/validation-model/1.28.2/validation-model-1.28.2.jar
2026-04-19T22:07:46.4619340Z [INFO] Downloaded from central: https://repo.maven.apache.org/maven2/org/objenesis/objenesis/3.3/objenesis-3.3.jar (49 kB at 215 kB/s)
2026-04-19T22:07:46.4629600Z [INFO] Downloading from central: https://repo.maven.apache.org/maven2/org/verapdf/parser/1.28.2/parser-1.28.2.jar
2026-04-19T22:07:46.4630490Z [INFO] Downloaded from central: https://repo.maven.apache.org/maven2/net/bytebuddy/byte-buddy-agent/1.17.5/byte-buddy-agent-1.17.5.jar (366 kB at 1.6 MB/s)
2026-04-19T22:07:46.4631290Z [INFO] Downloading from central: https://repo.maven.apache.org/maven2/org/verapdf/pdf-model/1.28.2/pdf-model-1.28.2.jar
2026-04-19T22:07:46.4632420Z [INFO] Downloaded from central: https://repo.maven.apache.org/maven2/commons-io/commons-io/2.21.0/commons-io-2.21.0.jar (585 kB at 2.5 MB/s)
2026-04-19T22:07:46.4633310Z [INFO] Downloading from central: https://repo.maven.apache.org/maven2/org/verapdf/core/1.28.2/core-1.28.2.jar
2026-04-19T22:07:46.4738300Z [INFO] Downloaded from central: https://repo.maven.apache.org/maven2/org/verapdf/validation-model/1.28.2/validation-model-1.28.2.jar (438 kB at 1.8 MB/s)
2026-04-19T22:07:46.4868550Z [INFO] Downloading from central: https://repo.maven.apache.org/maven2/org/verapdf/verapdf-xmp-core/1.28.2/verapdf-xmp-core-1.28.2.jar
2026-04-19T22:07:46.4997600Z [INFO] Downloaded from central: https://repo.maven.apache.org/maven2/org/verapdf/pdf-model/1.28.2/pdf-model-1.28.2.jar (171 kB at 643 kB/s)
2026-04-19T22:07:46.5061360Z [INFO] Downloading from central: https://repo.maven.apache.org/maven2/org/mozilla/rhino/1.7.13/rhino-1.7.13.jar
2026-04-19T22:07:46.5062170Z [INFO] Downloaded from central: https://repo.maven.apache.org/maven2/org/verapdf/core/1.28.2/core-1.28.2.jar (916 kB at 3.4 MB/s)
2026-04-19T22:07:46.5062950Z [INFO] Downloading from central: https://repo.maven.apache.org/maven2/javax/xml/bind/jaxb-api/2.4.0-b180830.0359/jaxb-api-2.4.0-b180830.0359.jar
2026-04-19T22:07:46.5063880Z [INFO] Downloaded from central: https://repo.maven.apache.org/maven2/org/verapdf/verapdf-xmp-core/1.28.2/verapdf-xmp-core-1.28.2.jar (142 kB at 520 kB/s)
2026-04-19T22:07:46.5064720Z [INFO] Downloading from central: https://repo.maven.apache.org/maven2/javax/activation/javax.activation-api/1.2.0/javax.activation-api-1.2.0.jar
2026-04-19T22:07:46.5065570Z [INFO] Downloaded from central: https://repo.maven.apache.org/maven2/net/bytebuddy/byte-buddy/1.18.3/byte-buddy-1.18.3.jar (9.2 MB at 33 MB/s)
2026-04-19T22:07:46.5066470Z [INFO] Downloading from central: https://repo.maven.apache.org/maven2/com/sun/xml/bind/jaxb-impl/2.3.2/jaxb-impl-2.3.2.jar
2026-04-19T22:07:46.5104000Z [INFO] Downloaded from central: https://repo.maven.apache.org/maven2/org/verapdf/parser/1.28.2/parser-1.28.2.jar (2.4 MB at 8.4 MB/s)
2026-04-19T22:07:46.5107530Z [INFO] Downloading from central: https://repo.maven.apache.org/maven2/com/sun/xml/bind/jaxb-core/2.3.0.1/jaxb-core-2.3.0.1.jar
2026-04-19T22:07:46.5199980Z [INFO] Downloaded from central: https://repo.maven.apache.org/maven2/javax/xml/bind/jaxb-api/2.4.0-b180830.0359/jaxb-api-2.4.0-b180830.0359.jar (128 kB at 440 kB/s)
2026-04-19T22:07:46.5201730Z [INFO] Downloading from central: https://repo.maven.apache.org/maven2/com/fasterxml/jackson/core/jackson-databind/2.15.0/jackson-databind-2.15.0.jar
2026-04-19T22:07:46.5202620Z [INFO] Downloaded from central: https://repo.maven.apache.org/maven2/org/mozilla/rhino/1.7.13/rhino-1.7.13.jar (1.3 MB at 4.5 MB/s)
2026-04-19T22:07:46.5203790Z [INFO] Downloading from central: https://repo.maven.apache.org/maven2/com/fasterxml/jackson/core/jackson-annotations/2.15.0/jackson-annotations-2.15.0.jar
2026-04-19T22:07:46.5204900Z [INFO] Downloaded from central: https://repo.maven.apache.org/maven2/javax/activation/javax.activation-api/1.2.0/javax.activation-api-1.2.0.jar (57 kB at 193 kB/s)
2026-04-19T22:07:46.5205860Z [INFO] Downloading from central: https://repo.maven.apache.org/maven2/com/fasterxml/jackson/core/jackson-core/2.15.0/jackson-core-2.15.0.jar
2026-04-19T22:07:46.5309300Z [INFO] Downloaded from central: https://repo.maven.apache.org/maven2/com/sun/xml/bind/jaxb-impl/2.3.2/jaxb-impl-2.3.2.jar (1.0 MB at 3.4 MB/s)
2026-04-19T22:07:46.5310270Z [INFO] Downloading from central: https://repo.maven.apache.org/maven2/net/java/dev/stax-utils/stax-utils/20070216/stax-utils-20070216.jar
2026-04-19T22:07:46.5377060Z [INFO] Downloaded from central: https://repo.maven.apache.org/maven2/com/fasterxml/jackson/core/jackson-annotations/2.15.0/jackson-annotations-2.15.0.jar (76 kB at 245 kB/s)
2026-04-19T22:07:46.5450640Z [INFO] Downloading from central: https://repo.maven.apache.org/maven2/org/verapdf/feature-reporting/1.28.2/feature-reporting-1.28.2.jar
2026-04-19T22:07:46.5451980Z [INFO] Downloaded from central: https://repo.maven.apache.org/maven2/com/fasterxml/jackson/core/jackson-core/2.15.0/jackson-core-2.15.0.jar (543 kB at 1.7 MB/s)
2026-04-19T22:07:46.5452820Z [INFO] Downloading from central: https://repo.maven.apache.org/maven2/org/verapdf/metadata-fixer/1.28.2/metadata-fixer-1.28.2.jar
2026-04-19T22:07:46.5453620Z [INFO] Downloaded from central: https://repo.maven.apache.org/maven2/com/sun/xml/bind/jaxb-core/2.3.0.1/jaxb-core-2.3.0.1.jar (255 kB at 804 kB/s)
2026-04-19T22:07:46.5462840Z [INFO] Downloaded from central: https://repo.maven.apache.org/maven2/com/fasterxml/jackson/core/jackson-databind/2.15.0/jackson-databind-2.15.0.jar (1.6 MB at 5.1 MB/s)
2026-04-19T22:07:46.5532390Z [INFO] Downloaded from central: https://repo.maven.apache.org/maven2/org/verapdf/feature-reporting/1.28.2/feature-reporting-1.28.2.jar (71 kB at 218 kB/s)
2026-04-19T22:07:46.5533510Z [INFO] Downloaded from central: https://repo.maven.apache.org/maven2/net/java/dev/stax-utils/stax-utils/20070216/stax-utils-20070216.jar (129 kB at 394 kB/s)
2026-04-19T22:07:46.5614290Z [INFO] Downloaded from central: https://repo.maven.apache.org/maven2/org/verapdf/metadata-fixer/1.28.2/metadata-fixer-1.28.2.jar (32 kB at 95 kB/s)
2026-04-19T22:07:46.5889860Z [INFO] 
2026-04-19T22:07:46.5925490Z [INFO] --- jacoco:0.8.14:prepare-agent (default) @ openpdf ---
2026-04-19T22:07:46.5926370Z [INFO] argLine set to -javaagent:/Users/runner/.m2/repository/org/jacoco/org.jacoco.agent/0.8.14/org.jacoco.agent-0.8.14-runtime.jar=destfile=/Users/runner/work/OpenPDF/OpenPDF/openpdf-core/target/jacoco.exec
2026-04-19T22:07:46.5927110Z [INFO] 
2026-04-19T22:07:46.5927400Z [INFO] --- resources:3.4.0:resources (default-resources) @ openpdf ---
2026-04-19T22:07:46.5928090Z [INFO] Downloading from central: https://repo.maven.apache.org/maven2/org/apache/maven/shared/maven-filtering/3.4.0/maven-filtering-3.4.0.pom
2026-04-19T22:07:46.6068710Z [INFO] Downloaded from central: https://repo.maven.apache.org/maven2/org/apache/maven/shared/maven-filtering/3.4.0/maven-filtering-3.4.0.pom (6.5 kB at 431 kB/s)
2026-04-19T22:07:46.6080890Z [INFO] Downloading from central: https://repo.maven.apache.org/maven2/org/apache/maven/shared/maven-shared-components/43/maven-shared-components-43.pom
2026-04-19T22:07:46.6231950Z [INFO] Downloaded from central: https://repo.maven.apache.org/maven2/org/apache/maven/shared/maven-shared-components/43/maven-shared-components-43.pom (3.8 kB at 236 kB/s)
2026-04-19T22:07:46.6257780Z [INFO] Downloading from central: https://repo.maven.apache.org/maven2/org/codehaus/plexus/plexus-interpolation/1.27/plexus-interpolation-1.27.pom
2026-04-19T22:07:46.6389640Z [INFO] Downloaded from central: https://repo.maven.apache.org/maven2/org/codehaus/plexus/plexus-interpolation/1.27/plexus-interpolation-1.27.pom (3.0 kB at 232 kB/s)
2026-04-19T22:07:46.6406790Z [INFO] Downloading from central: https://repo.maven.apache.org/maven2/org/codehaus/plexus/plexus/16/plexus-16.pom
2026-04-19T22:07:46.6550790Z [INFO] Downloaded from central: https://repo.maven.apache.org/maven2/org/codehaus/plexus/plexus/16/plexus-16.pom (28 kB at 2.0 MB/s)
2026-04-19T22:07:46.6570040Z [INFO] Downloading from central: https://repo.maven.apache.org/maven2/commons-io/commons-io/2.16.1/commons-io-2.16.1.pom
2026-04-19T22:07:46.6729290Z [INFO] Downloaded from central: https://repo.maven.apache.org/maven2/commons-io/commons-io/2.16.1/commons-io-2.16.1.pom (20 kB at 1.2 MB/s)
2026-04-19T22:07:46.6746290Z [INFO] Downloading from central: https://repo.maven.apache.org/maven2/org/apache/commons/commons-parent/69/commons-parent-69.pom
2026-04-19T22:07:46.6935880Z [INFO] Downloaded from central: https://repo.maven.apache.org/maven2/org/apache/commons/commons-parent/69/commons-parent-69.pom (77 kB at 4.1 MB/s)
2026-04-19T22:07:46.6962610Z [INFO] Downloading from central: https://repo.maven.apache.org/maven2/org/apache/commons/commons-lang3/3.16.0/commons-lang3-3.16.0.pom
2026-04-19T22:07:46.7108720Z [INFO] Downloaded from central: https://repo.maven.apache.org/maven2/org/apache/commons/commons-lang3/3.16.0/commons-lang3-3.16.0.pom (31 kB at 2.2 MB/s)
2026-04-19T22:07:46.7123640Z [INFO] Downloading from central: https://repo.maven.apache.org/maven2/org/apache/commons/commons-parent/72/commons-parent-72.pom
2026-04-19T22:07:46.7300160Z [INFO] Downloaded from central: https://repo.maven.apache.org/maven2/org/apache/commons/commons-parent/72/commons-parent-72.pom (78 kB at 4.6 MB/s)
2026-04-19T22:07:46.7327830Z [INFO] Downloading from central: https://repo.maven.apache.org/maven2/org/apache/commons/commons-lang3/3.20.0/commons-lang3-3.20.0.pom
2026-04-19T22:07:46.7489250Z [INFO] Downloaded from central: https://repo.maven.apache.org/maven2/org/apache/commons/commons-lang3/3.20.0/commons-lang3-3.20.0.pom (33 kB at 2.0 MB/s)
2026-04-19T22:07:46.7504910Z [INFO] Downloading from central: https://repo.maven.apache.org/maven2/org/apache/commons/commons-parent/92/commons-parent-92.pom
2026-04-19T22:07:46.7694900Z [INFO] Downloaded from central: https://repo.maven.apache.org/maven2/org/apache/commons/commons-parent/92/commons-parent-92.pom (80 kB at 4.2 MB/s)
2026-04-19T22:07:46.7736290Z [INFO] Downloading from central: https://repo.maven.apache.org/maven2/org/apache/maven/shared/maven-filtering/3.4.0/maven-filtering-3.4.0.jar
2026-04-19T22:07:46.7877580Z [INFO] Downloaded from central: https://repo.maven.apache.org/maven2/org/apache/maven/shared/maven-filtering/3.4.0/maven-filtering-3.4.0.jar (56 kB at 4.0 MB/s)
2026-04-19T22:07:46.7879270Z [INFO] Downloading from central: https://repo.maven.apache.org/maven2/org/codehaus/plexus/plexus-utils/4.0.2/plexus-utils-4.0.2.jar
2026-04-19T22:07:46.7882960Z [INFO] Downloading from central: https://repo.maven.apache.org/maven2/org/codehaus/plexus/plexus-interpolation/1.27/plexus-interpolation-1.27.jar
2026-04-19T22:07:46.7883700Z [INFO] Downloading from central: https://repo.maven.apache.org/maven2/commons-io/commons-io/2.16.1/commons-io-2.16.1.jar
2026-04-19T22:07:46.7884370Z [INFO] Downloading from central: https://repo.maven.apache.org/maven2/org/apache/commons/commons-lang3/3.20.0/commons-lang3-3.20.0.jar
2026-04-19T22:07:46.8023130Z [INFO] Downloaded from central: https://repo.maven.apache.org/maven2/org/codehaus/plexus/plexus-utils/4.0.2/plexus-utils-4.0.2.jar (193 kB at 13 MB/s)
2026-04-19T22:07:46.8058930Z [INFO] Downloaded from central: https://repo.maven.apache.org/maven2/commons-io/commons-io/2.16.1/commons-io-2.16.1.jar (509 kB at 28 MB/s)
2026-04-19T22:07:46.8130530Z [INFO] Downloaded from central: https://repo.maven.apache.org/maven2/org/codehaus/plexus/plexus-interpolation/1.27/plexus-interpolation-1.27.jar (86 kB at 3.4 MB/s)
2026-04-19T22:07:46.8132390Z [INFO] Downloaded from central: https://repo.maven.apache.org/maven2/org/apache/commons/commons-lang3/3.20.0/commons-lang3-3.20.0.jar (714 kB at 30 MB/s)
2026-04-19T22:07:46.8473440Z [INFO] Copying 53 resources from src/main/resources to target/classes
2026-04-19T22:07:46.8685380Z [INFO] Copying 1 resource from src/main/resources-filtered to target/classes
2026-04-19T22:07:46.8724570Z [INFO] The encoding used to copy filtered properties files has not been set. This means that the same encoding will be used to copy filtered properties files as when copying other filtered resources. This might not be what you want! Run your build with --debug to see which files might be affected. Read more at https://maven.apache.org/plugins/maven-resources-plugin/examples/filtering-properties-files.html
2026-04-19T22:07:46.8725800Z [INFO] 
2026-04-19T22:07:46.8726130Z [INFO] --- compiler:3.15.0:compile (default-compile) @ openpdf ---
2026-04-19T22:07:46.8753360Z [INFO] Downloading from central: https://repo.maven.apache.org/maven2/org/ow2/asm/asm/9.9.1/asm-9.9.1.pom
2026-04-19T22:07:46.8887720Z [INFO] Downloaded from central: https://repo.maven.apache.org/maven2/org/ow2/asm/asm/9.9.1/asm-9.9.1.pom (2.4 kB at 182 kB/s)
2026-04-19T22:07:46.8905770Z [INFO] Downloading from central: https://repo.maven.apache.org/maven2/org/apache/maven/shared/maven-shared-utils/3.4.2/maven-shared-utils-3.4.2.pom
2026-04-19T22:07:46.9054820Z [INFO] Downloaded from central: https://repo.maven.apache.org/maven2/org/apache/maven/shared/maven-shared-utils/3.4.2/maven-shared-utils-3.4.2.pom (5.9 kB at 393 kB/s)
2026-04-19T22:07:46.9067670Z [INFO] Downloading from central: https://repo.maven.apache.org/maven2/org/apache/maven/shared/maven-shared-components/39/maven-shared-components-39.pom
2026-04-19T22:07:46.9232940Z [INFO] Downloaded from central: https://repo.maven.apache.org/maven2/org/apache/maven/shared/maven-shared-components/39/maven-shared-components-39.pom (3.2 kB at 189 kB/s)
2026-04-19T22:07:46.9243430Z [INFO] Downloading from central: https://repo.maven.apache.org/maven2/org/apache/maven/maven-parent/39/maven-parent-39.pom
2026-04-19T22:07:46.9421290Z [INFO] Downloaded from central: https://repo.maven.apache.org/maven2/org/apache/maven/maven-parent/39/maven-parent-39.pom (48 kB at 2.8 MB/s)
2026-04-19T22:07:46.9437000Z [INFO] Downloading from central: https://repo.maven.apache.org/maven2/org/apache/apache/29/apache-29.pom
2026-04-19T22:07:46.9584330Z [INFO] Downloaded from central: https://repo.maven.apache.org/maven2/org/apache/apache/29/apache-29.pom (21 kB at 1.4 MB/s)
2026-04-19T22:07:46.9602580Z [INFO] Downloading from central: https://repo.maven.apache.org/maven2/commons-io/commons-io/2.11.0/commons-io-2.11.0.pom
2026-04-19T22:07:46.9770640Z [INFO] Downloaded from central: https://repo.maven.apache.org/maven2/commons-io/commons-io/2.11.0/commons-io-2.11.0.pom (20 kB at 1.2 MB/s)
2026-04-19T22:07:46.9793950Z [INFO] Downloading from central: https://repo.maven.apache.org/maven2/org/junit/junit-bom/5.7.2/junit-bom-5.7.2.pom
2026-04-19T22:07:46.9947930Z [INFO] Downloaded from central: https://repo.maven.apache.org/maven2/org/junit/junit-bom/5.7.2/junit-bom-5.7.2.pom (5.1 kB at 340 kB/s)
2026-04-19T22:07:46.9967670Z [INFO] Downloading from central: https://repo.maven.apache.org/maven2/org/apache/maven/shared/maven-shared-incremental/1.1/maven-shared-incremental-1.1.pom
2026-04-19T22:07:47.0116590Z [INFO] Downloaded from central: https://repo.maven.apache.org/maven2/org/apache/maven/shared/maven-shared-incremental/1.1/maven-shared-incremental-1.1.pom (4.7 kB at 316 kB/s)
2026-04-19T22:07:47.0132330Z [INFO] Downloading from central: https://repo.maven.apache.org/maven2/org/apache/maven/shared/maven-shared-components/19/maven-shared-components-19.pom
2026-04-19T22:07:47.0279750Z [INFO] Downloaded from central: https://repo.maven.apache.org/maven2/org/apache/maven/shared/maven-shared-components/19/maven-shared-components-19.pom (6.4 kB at 424 kB/s)
2026-04-19T22:07:47.0298950Z [INFO] Downloading from central: https://repo.maven.apache.org/maven2/org/codehaus/plexus/plexus-java/1.5.2/plexus-java-1.5.2.pom
2026-04-19T22:07:47.0478720Z [INFO] Downloaded from central: https://repo.maven.apache.org/maven2/org/codehaus/plexus/plexus-java/1.5.2/plexus-java-1.5.2.pom (4.1 kB at 227 kB/s)
2026-04-19T22:07:47.0490760Z [INFO] Downloading from central: https://repo.maven.apache.org/maven2/org/codehaus/plexus/plexus-languages/1.5.2/plexus-languages-1.5.2.pom
2026-04-19T22:07:47.0678730Z [INFO] Downloaded from central: https://repo.maven.apache.org/maven2/org/codehaus/plexus/plexus-languages/1.5.2/plexus-languages-1.5.2.pom (3.9 kB at 203 kB/s)
2026-04-19T22:07:47.0689310Z [INFO] Downloading from central: https://repo.maven.apache.org/maven2/org/codehaus/plexus/plexus/24/plexus-24.pom
2026-04-19T22:07:47.0869840Z [INFO] Downloaded from central: https://repo.maven.apache.org/maven2/org/codehaus/plexus/plexus/24/plexus-24.pom (31 kB at 1.7 MB/s)
2026-04-19T22:07:47.0888520Z [INFO] Downloading from central: https://repo.maven.apache.org/maven2/com/thoughtworks/qdox/qdox/2.2.0/qdox-2.2.0.pom
2026-04-19T22:07:47.1090820Z [INFO] Downloaded from central: https://repo.maven.apache.org/maven2/com/thoughtworks/qdox/qdox/2.2.0/qdox-2.2.0.pom (18 kB at 883 kB/s)
2026-04-19T22:07:47.1103750Z [INFO] Downloading from central: https://repo.maven.apache.org/maven2/org/sonatype/oss/oss-parent/9/oss-parent-9.pom
2026-04-19T22:07:47.1289540Z [INFO] Downloaded from central: https://repo.maven.apache.org/maven2/org/sonatype/oss/oss-parent/9/oss-parent-9.pom (6.6 kB at 365 kB/s)
2026-04-19T22:07:47.1306490Z [INFO] Downloading from central: https://repo.maven.apache.org/maven2/org/codehaus/plexus/plexus-compiler-api/2.16.2/plexus-compiler-api-2.16.2.pom
2026-04-19T22:07:47.1443960Z [INFO] Downloaded from central: https://repo.maven.apache.org/maven2/org/codehaus/plexus/plexus-compiler-api/2.16.2/plexus-compiler-api-2.16.2.pom (1.4 kB at 97 kB/s)
2026-04-19T22:07:47.1455050Z [INFO] Downloading from central: https://repo.maven.apache.org/maven2/org/codehaus/plexus/plexus-compiler/2.16.2/plexus-compiler-2.16.2.pom
2026-04-19T22:07:47.1602530Z [INFO] Downloaded from central: https://repo.maven.apache.org/maven2/org/codehaus/plexus/plexus-compiler/2.16.2/plexus-compiler-2.16.2.pom (7.5 kB at 503 kB/s)
2026-04-19T22:07:47.1613040Z [INFO] Downloading from central: https://repo.maven.apache.org/maven2/org/codehaus/plexus/plexus/25/plexus-25.pom
2026-04-19T22:07:47.1781570Z [INFO] Downloaded from central: https://repo.maven.apache.org/maven2/org/codehaus/plexus/plexus/25/plexus-25.pom (31 kB at 1.8 MB/s)
2026-04-19T22:07:47.1820670Z [INFO] Downloading from central: https://repo.maven.apache.org/maven2/org/junit/junit-bom/5.14.1/junit-bom-5.14.1.pom
2026-04-19T22:07:47.1980070Z [INFO] Downloaded from central: https://repo.maven.apache.org/maven2/org/junit/junit-bom/5.14.1/junit-bom-5.14.1.pom (5.7 kB at 354 kB/s)
2026-04-19T22:07:47.1997580Z [INFO] Downloading from central: https://repo.maven.apache.org/maven2/org/codehaus/plexus/plexus-compiler-manager/2.16.2/plexus-compiler-manager-2.16.2.pom
2026-04-19T22:07:47.2187790Z [INFO] Downloaded from central: https://repo.maven.apache.org/maven2/org/codehaus/plexus/plexus-compiler-manager/2.16.2/plexus-compiler-manager-2.16.2.pom (1.3 kB at 84 kB/s)
2026-04-19T22:07:47.2188710Z [INFO] Downloading from central: https://repo.maven.apache.org/maven2/org/codehaus/plexus/plexus-compiler-javac/2.16.2/plexus-compiler-javac-2.16.2.pom
2026-04-19T22:07:47.2336550Z [INFO] Downloaded from central: https://repo.maven.apache.org/maven2/org/codehaus/plexus/plexus-compiler-javac/2.16.2/plexus-compiler-javac-2.16.2.pom (1.3 kB at 81 kB/s)
2026-04-19T22:07:47.2349350Z [INFO] Downloading from central: https://repo.maven.apache.org/maven2/org/codehaus/plexus/plexus-compilers/2.16.2/plexus-compilers-2.16.2.pom
2026-04-19T22:07:47.2499680Z [INFO] Downloaded from central: https://repo.maven.apache.org/maven2/org/codehaus/plexus/plexus-compilers/2.16.2/plexus-compilers-2.16.2.pom (1.6 kB at 104 kB/s)
2026-04-19T22:07:47.2534850Z [INFO] Downloading from central: https://repo.maven.apache.org/maven2/org/ow2/asm/asm/9.9.1/asm-9.9.1.jar
2026-04-19T22:07:47.2686710Z [INFO] Downloaded from central: https://repo.maven.apache.org/maven2/org/ow2/asm/asm/9.9.1/asm-9.9.1.jar (126 kB at 7.9 MB/s)
2026-04-19T22:07:47.2701860Z [INFO] Downloading from central: https://repo.maven.apache.org/maven2/org/apache/maven/shared/maven-shared-utils/3.4.2/maven-shared-utils-3.4.2.jar
2026-04-19T22:07:47.2702820Z [INFO] Downloading from central: https://repo.maven.apache.org/maven2/commons-io/commons-io/2.11.0/commons-io-2.11.0.jar
2026-04-19T22:07:47.2703690Z [INFO] Downloading from central: https://repo.maven.apache.org/maven2/org/apache/maven/shared/maven-shared-incremental/1.1/maven-shared-incremental-1.1.jar
2026-04-19T22:07:47.2704570Z [INFO] Downloading from central: https://repo.maven.apache.org/maven2/org/codehaus/plexus/plexus-java/1.5.2/plexus-java-1.5.2.jar
2026-04-19T22:07:47.2710930Z [INFO] Downloading from central: https://repo.maven.apache.org/maven2/com/thoughtworks/qdox/qdox/2.2.0/qdox-2.2.0.jar
2026-04-19T22:07:47.2860560Z [INFO] Downloaded from central: https://repo.maven.apache.org/maven2/org/apache/maven/shared/maven-shared-utils/3.4.2/maven-shared-utils-3.4.2.jar (151 kB at 9.4 MB/s)
2026-04-19T22:07:47.2873200Z [INFO] Downloading from central: https://repo.maven.apache.org/maven2/org/codehaus/plexus/plexus-compiler-api/2.16.2/plexus-compiler-api-2.16.2.jar
2026-04-19T22:07:47.2874500Z [INFO] Downloaded from central: https://repo.maven.apache.org/maven2/commons-io/commons-io/2.11.0/commons-io-2.11.0.jar (327 kB at 19 MB/s)
2026-04-19T22:07:47.2875570Z [INFO] Downloading from central: https://repo.maven.apache.org/maven2/org/codehaus/plexus/plexus-compiler-manager/2.16.2/plexus-compiler-manager-2.16.2.jar
2026-04-19T22:07:47.2878050Z [INFO] Downloaded from central: https://repo.maven.apache.org/maven2/org/codehaus/plexus/plexus-java/1.5.2/plexus-java-1.5.2.jar (57 kB at 3.4 MB/s)
2026-04-19T22:07:47.2878980Z [INFO] Downloading from central: https://repo.maven.apache.org/maven2/org/codehaus/plexus/plexus-compiler-javac/2.16.2/plexus-compiler-javac-2.16.2.jar
2026-04-19T22:07:47.2919520Z [INFO] Downloaded from central: https://repo.maven.apache.org/maven2/org/apache/maven/shared/maven-shared-incremental/1.1/maven-shared-incremental-1.1.jar (14 kB at 589 kB/s)
2026-04-19T22:07:47.2987070Z [INFO] Downloaded from central: https://repo.maven.apache.org/maven2/org/codehaus/plexus/plexus-compiler-manager/2.16.2/plexus-compiler-manager-2.16.2.jar (5.2 kB at 181 kB/s)
2026-04-19T22:07:47.2998590Z [INFO] Downloaded from central: https://repo.maven.apache.org/maven2/org/codehaus/plexus/plexus-compiler-javac/2.16.2/plexus-compiler-javac-2.16.2.jar (30 kB at 997 kB/s)
2026-04-19T22:07:47.3020690Z [INFO] Downloaded from central: https://repo.maven.apache.org/maven2/org/codehaus/plexus/plexus-compiler-api/2.16.2/plexus-compiler-api-2.16.2.jar (29 kB at 909 kB/s)
2026-04-19T22:07:47.3028680Z [INFO] Downloaded from central: https://repo.maven.apache.org/maven2/com/thoughtworks/qdox/qdox/2.2.0/qdox-2.2.0.jar (353 kB at 11 MB/s)
2026-04-19T22:07:47.3586640Z [INFO] Recompiling the module because of changed source code.
2026-04-19T22:07:47.3641840Z [INFO] Compiling 384 source files with javac [debug release 21] to target/classes
2026-04-19T22:07:50.8610420Z [WARNING] /Users/runner/work/OpenPDF/OpenPDF/openpdf-core/src/main/java/org/openpdf/text/pdf/PdfWriter.java:[1455,55] unchecked method invocation: method iterateOutlines in class org.openpdf.text.pdf.SimpleBookmark is applied to given types
2026-04-19T22:07:50.8615090Z   required: org.openpdf.text.pdf.PdfWriter,org.openpdf.text.pdf.PdfIndirectReference,java.util.List<java.util.Map<java.lang.String,java.lang.Object>>,boolean
2026-04-19T22:07:50.8642800Z   found:    org.openpdf.text.pdf.PdfWriter,org.openpdf.text.pdf.PdfIndirectReference,java.util.List,boolean
2026-04-19T22:07:50.8653970Z [WARNING] /Users/runner/work/OpenPDF/OpenPDF/openpdf-core/src/main/java/org/openpdf/text/pdf/PdfWriter.java:[1455,70] unchecked conversion
2026-04-19T22:07:50.8654720Z   required: java.util.List<java.util.Map<java.lang.String,java.lang.Object>>
2026-04-19T22:07:50.8655120Z   found:    java.util.List
2026-04-19T22:07:50.8655880Z [WARNING] /Users/runner/work/OpenPDF/OpenPDF/openpdf-core/src/main/java/org/openpdf/text/pdf/PdfReader.java:[3061,21] unchecked method invocation: method putAll in class java.util.HashMap is applied to given types
2026-04-19T22:07:50.8658160Z   required: java.util.Map<? extends K,? extends V>
2026-04-19T22:07:50.8658530Z   found:    java.util.HashMap
2026-04-19T22:07:50.8659180Z [WARNING] /Users/runner/work/OpenPDF/OpenPDF/openpdf-core/src/main/java/org/openpdf/text/pdf/PdfReader.java:[3061,52] unchecked conversion
2026-04-19T22:07:50.8662010Z   required: java.util.Map<? extends K,? extends V>
2026-04-19T22:07:50.8662330Z   found:    java.util.HashMap
2026-04-19T22:07:50.8662890Z [WARNING] /Users/runner/work/OpenPDF/OpenPDF/openpdf-core/src/main/java/org/openpdf/text/pdf/FopGlyphProcessor.java:[67,75] unchecked conversion
2026-04-19T22:07:50.8663580Z   required: java.util.List<org.apache.fop.complexscripts.util.CharAssociation>
2026-04-19T22:07:50.8663970Z   found:    java.util.List
2026-04-19T22:07:50.8664620Z [INFO] /Users/runner/work/OpenPDF/OpenPDF/openpdf-core/src/main/java/org/openpdf/text/html/simpleparser/FactoryProperties.java: Some input files use or override a deprecated API.
2026-04-19T22:07:50.8665680Z [INFO] /Users/runner/work/OpenPDF/OpenPDF/openpdf-core/src/main/java/org/openpdf/text/html/simpleparser/FactoryProperties.java: Recompile with -Xlint:deprecation for details.
2026-04-19T22:07:50.8671200Z [INFO] 
2026-04-19T22:07:50.8673410Z [INFO] --- bundle:6.0.2:manifest (bundle-manifest) @ openpdf ---
2026-04-19T22:07:50.8673950Z [INFO] No MANIFEST.MF file found, generating manifest.
2026-04-19T22:07:51.5667170Z [WARNING] Manifest com.github.librepdf:openpdf:jar:3.0.4-SNAPSHOT : Export org.openpdf.text.pdf,  has 1,  private references [org.openpdf.text.pdf.internal]
2026-04-19T22:07:51.5690370Z [INFO] Writing manifest: /Users/runner/work/OpenPDF/OpenPDF/openpdf-core/target/classes/META-INF/MANIFEST.MF
2026-04-19T22:07:51.5711750Z [INFO] 
2026-04-19T22:07:51.5712290Z [INFO] --- resources:3.4.0:testResources (default-testResources) @ openpdf ---
2026-04-19T22:07:51.5744960Z [INFO] Copying 86 resources from src/test/resources to target/test-classes
2026-04-19T22:07:51.6066250Z [INFO] 
2026-04-19T22:07:51.6067090Z [INFO] --- compiler:3.15.0:testCompile (default-testCompile) @ openpdf ---
2026-04-19T22:07:51.6168080Z [INFO] Recompiling the module because of changed dependency.
2026-04-19T22:07:51.6219110Z [INFO] Compiling 93 source files with javac [debug release 21] to target/test-classes
2026-04-19T22:07:52.3854830Z [INFO] /Users/runner/work/OpenPDF/OpenPDF/openpdf-core/src/test/java/org/openpdf/text/html/EmbeddedImageTest.java: Some input files use or override a deprecated API.
2026-04-19T22:07:52.3957580Z [INFO] /Users/runner/work/OpenPDF/OpenPDF/openpdf-core/src/test/java/org/openpdf/text/html/EmbeddedImageTest.java: Recompile with -Xlint:deprecation for details.
2026-04-19T22:07:52.4059050Z [INFO] 
2026-04-19T22:07:52.4098290Z [INFO] --- surefire:3.5.5:test (default-test) @ openpdf ---
2026-04-19T22:07:52.4098970Z [INFO] Downloading from central: https://repo.maven.apache.org/maven2/org/apache/maven/surefire/surefire-api/3.5.5/surefire-api-3.5.5.pom
2026-04-19T22:07:52.4218420Z [INFO] Downloaded from central: https://repo.maven.apache.org/maven2/org/apache/maven/surefire/surefire-api/3.5.5/surefire-api-3.5.5.pom (3.7 kB at 137 kB/s)
2026-04-19T22:07:52.4343620Z [INFO] Downloading from central: https://repo.maven.apache.org/maven2/org/apache/maven/surefire/surefire-logger-api/3.5.5/surefire-logger-api-3.5.5.pom
2026-04-19T22:07:52.4546060Z [INFO] Downloaded from central: https://repo.maven.apache.org/maven2/org/apache/maven/surefire/surefire-logger-api/3.5.5/surefire-logger-api-3.5.5.pom (3.5 kB at 146 kB/s)
2026-04-19T22:07:52.4555070Z [INFO] Downloading from central: https://repo.maven.apache.org/maven2/org/apache/maven/surefire/surefire-shared-utils/3.5.5/surefire-shared-utils-3.5.5.pom
2026-04-19T22:07:52.4723350Z [INFO] Downloaded from central: https://repo.maven.apache.org/maven2/org/apache/maven/surefire/surefire-shared-utils/3.5.5/surefire-shared-utils-3.5.5.pom (4.0 kB at 165 kB/s)
2026-04-19T22:07:52.4745250Z [INFO] Downloading from central: https://repo.maven.apache.org/maven2/org/apache/maven/surefire/surefire-extensions-api/3.5.5/surefire-extensions-api-3.5.5.pom
2026-04-19T22:07:52.4987520Z [INFO] Downloaded from central: https://repo.maven.apache.org/maven2/org/apache/maven/surefire/surefire-extensions-api/3.5.5/surefire-extensions-api-3.5.5.pom (3.6 kB at 148 kB/s)
2026-04-19T22:07:52.5009390Z [INFO] Downloading from central: https://repo.maven.apache.org/maven2/org/apache/maven/surefire/maven-surefire-common/3.5.5/maven-surefire-common-3.5.5.pom
2026-04-19T22:07:52.5263800Z [INFO] Downloaded from central: https://repo.maven.apache.org/maven2/org/apache/maven/surefire/maven-surefire-common/3.5.5/maven-surefire-common-3.5.5.pom (7.3 kB at 291 kB/s)
2026-04-19T22:07:52.5286570Z [INFO] Downloading from central: https://repo.maven.apache.org/maven2/org/apache/maven/surefire/surefire-booter/3.5.5/surefire-booter-3.5.5.pom
2026-04-19T22:07:52.5522000Z [INFO] Downloaded from central: https://repo.maven.apache.org/maven2/org/apache/maven/surefire/surefire-booter/3.5.5/surefire-booter-3.5.5.pom (5.1 kB at 213 kB/s)
2026-04-19T22:07:52.5561440Z [INFO] Downloading from central: https://repo.maven.apache.org/maven2/org/apache/maven/surefire/surefire-extensions-spi/3.5.5/surefire-extensions-spi-3.5.5.pom
2026-04-19T22:07:52.5769120Z [INFO] Downloaded from central: https://repo.maven.apache.org/maven2/org/apache/maven/surefire/surefire-extensions-spi/3.5.5/surefire-extensions-spi-3.5.5.pom (1.7 kB at 78 kB/s)
2026-04-19T22:07:52.5801650Z [INFO] Downloading from central: https://repo.maven.apache.org/maven2/org/apache/maven/resolver/maven-resolver-util/1.4.1/maven-resolver-util-1.4.1.pom
2026-04-19T22:07:52.6049990Z [INFO] Downloaded from central: https://repo.maven.apache.org/maven2/org/apache/maven/resolver/maven-resolver-util/1.4.1/maven-resolver-util-1.4.1.pom (2.8 kB at 108 kB/s)
2026-04-19T22:07:52.6071810Z [INFO] Downloading from central: https://repo.maven.apache.org/maven2/org/apache/maven/resolver/maven-resolver/1.4.1/maven-resolver-1.4.1.pom
2026-04-19T22:07:52.6280310Z [INFO] Downloaded from central: https://repo.maven.apache.org/maven2/org/apache/maven/resolver/maven-resolver/1.4.1/maven-resolver-1.4.1.pom (18 kB at 866 kB/s)
2026-04-19T22:07:52.6300630Z [INFO] Downloading from central: https://repo.maven.apache.org/maven2/org/apache/maven/maven-parent/33/maven-parent-33.pom
2026-04-19T22:07:52.6533400Z [INFO] Downloaded from central: https://repo.maven.apache.org/maven2/org/apache/maven/maven-parent/33/maven-parent-33.pom (44 kB at 1.8 MB/s)
2026-04-19T22:07:52.6555990Z [INFO] Downloading from central: https://repo.maven.apache.org/maven2/org/apache/maven/resolver/maven-resolver-api/1.4.1/maven-resolver-api-1.4.1.pom
2026-04-19T22:07:52.6778060Z [INFO] Downloaded from central: https://repo.maven.apache.org/maven2/org/apache/maven/resolver/maven-resolver-api/1.4.1/maven-resolver-api-1.4.1.pom (2.6 kB at 119 kB/s)
2026-04-19T22:07:52.6801620Z [INFO] Downloading from central: https://repo.maven.apache.org/maven2/org/apache/maven/shared/maven-common-artifact-filters/3.4.0/maven-common-artifact-filters-3.4.0.pom
2026-04-19T22:07:52.7025840Z [INFO] Downloaded from central: https://repo.maven.apache.org/maven2/org/apache/maven/shared/maven-common-artifact-filters/3.4.0/maven-common-artifact-filters-3.4.0.pom (5.4 kB at 234 kB/s)
2026-04-19T22:07:52.7038880Z [INFO] Downloading from central: https://repo.maven.apache.org/maven2/org/apache/maven/shared/maven-shared-components/42/maven-shared-components-42.pom
2026-04-19T22:07:52.7279620Z [INFO] Downloaded from central: https://repo.maven.apache.org/maven2/org/apache/maven/shared/maven-shared-components/42/maven-shared-components-42.pom (3.8 kB at 157 kB/s)
2026-04-19T22:07:52.7317300Z [INFO] Downloading from central: https://repo.maven.apache.org/maven2/org/apache/maven/surefire/surefire-api/3.5.5/surefire-api-3.5.5.jar
2026-04-19T22:07:52.7505440Z [INFO] Downloaded from central: https://repo.maven.apache.org/maven2/org/apache/maven/surefire/surefire-api/3.5.5/surefire-api-3.5.5.jar (174 kB at 9.1 MB/s)
2026-04-19T22:07:52.7512100Z [INFO] Downloading from central: https://repo.maven.apache.org/maven2/org/apache/maven/surefire/surefire-logger-api/3.5.5/surefire-logger-api-3.5.5.jar
2026-04-19T22:07:52.7513030Z [INFO] Downloading from central: https://repo.maven.apache.org/maven2/org/apache/maven/surefire/surefire-shared-utils/3.5.5/surefire-shared-utils-3.5.5.jar
2026-04-19T22:07:52.7513910Z [INFO] Downloading from central: https://repo.maven.apache.org/maven2/org/apache/maven/surefire/surefire-extensions-api/3.5.5/surefire-extensions-api-3.5.5.jar
2026-04-19T22:07:52.7514780Z [INFO] Downloading from central: https://repo.maven.apache.org/maven2/org/apache/maven/surefire/maven-surefire-common/3.5.5/maven-surefire-common-3.5.5.jar
2026-04-19T22:07:52.7515600Z [INFO] Downloading from central: https://repo.maven.apache.org/maven2/org/apache/maven/surefire/surefire-booter/3.5.5/surefire-booter-3.5.5.jar
2026-04-19T22:07:52.7714060Z [INFO] Downloaded from central: https://repo.maven.apache.org/maven2/org/apache/maven/surefire/surefire-extensions-api/3.5.5/surefire-extensions-api-3.5.5.jar (26 kB at 1.4 MB/s)
2026-04-19T22:07:52.7794760Z [INFO] Downloading from central: https://repo.maven.apache.org/maven2/org/apache/maven/surefire/surefire-extensions-spi/3.5.5/surefire-extensions-spi-3.5.5.jar
2026-04-19T22:07:52.7796500Z [INFO] Downloaded from central: https://repo.maven.apache.org/maven2/org/apache/maven/surefire/surefire-logger-api/3.5.5/surefire-logger-api-3.5.5.jar (14 kB at 678 kB/s)
2026-04-19T22:07:52.7797550Z [INFO] Downloading from central: https://repo.maven.apache.org/maven2/org/apache/maven/resolver/maven-resolver-util/1.4.1/maven-resolver-util-1.4.1.jar
2026-04-19T22:07:52.7798440Z [INFO] Downloaded from central: https://repo.maven.apache.org/maven2/org/apache/maven/surefire/maven-surefire-common/3.5.5/maven-surefire-common-3.5.5.jar (316 kB at 15 MB/s)
2026-04-19T22:07:52.7799320Z [INFO] Downloading from central: https://repo.maven.apache.org/maven2/org/apache/maven/resolver/maven-resolver-api/1.4.1/maven-resolver-api-1.4.1.jar
2026-04-19T22:07:52.7800220Z [INFO] Downloaded from central: https://repo.maven.apache.org/maven2/org/apache/maven/surefire/surefire-booter/3.5.5/surefire-booter-3.5.5.jar (123 kB at 4.9 MB/s)
2026-04-19T22:07:52.7801500Z [INFO] Downloading from central: https://repo.maven.apache.org/maven2/org/apache/maven/shared/maven-common-artifact-filters/3.4.0/maven-common-artifact-filters-3.4.0.jar
2026-04-19T22:07:52.7806350Z [INFO] Downloaded from central: https://repo.maven.apache.org/maven2/org/apache/maven/surefire/surefire-shared-utils/3.5.5/surefire-shared-utils-3.5.5.jar (3.0 MB at 99 MB/s)
2026-04-19T22:07:52.7855400Z [INFO] Downloaded from central: https://repo.maven.apache.org/maven2/org/apache/maven/surefire/surefire-extensions-spi/3.5.5/surefire-extensions-spi-3.5.5.jar (8.2 kB at 241 kB/s)
2026-04-19T22:07:52.7905360Z [INFO] Downloaded from central: https://repo.maven.apache.org/maven2/org/apache/maven/resolver/maven-resolver-api/1.4.1/maven-resolver-api-1.4.1.jar (149 kB at 3.8 MB/s)
2026-04-19T22:07:52.7913090Z [INFO] Downloaded from central: https://repo.maven.apache.org/maven2/org/apache/maven/resolver/maven-resolver-util/1.4.1/maven-resolver-util-1.4.1.jar (168 kB at 4.2 MB/s)
2026-04-19T22:07:52.7950980Z [INFO] Downloaded from central: https://repo.maven.apache.org/maven2/org/apache/maven/shared/maven-common-artifact-filters/3.4.0/maven-common-artifact-filters-3.4.0.jar (58 kB at 1.4 MB/s)
2026-04-19T22:07:52.8528190Z [INFO] Using auto detected provider org.apache.maven.surefire.junitplatform.JUnitPlatformProvider
2026-04-19T22:07:52.8639980Z [INFO] Downloading from central: https://repo.maven.apache.org/maven2/org/apache/maven/surefire/surefire-junit-platform/3.5.5/surefire-junit-platform-3.5.5.pom
2026-04-19T22:07:52.8910020Z [INFO] Downloaded from central: https://repo.maven.apache.org/maven2/org/apache/maven/surefire/surefire-junit-platform/3.5.5/surefire-junit-platform-3.5.5.pom (5.2 kB at 191 kB/s)
2026-04-19T22:07:52.8934640Z [INFO] Downloading from central: https://repo.maven.apache.org/maven2/org/apache/maven/surefire/surefire-providers/3.5.5/surefire-providers-3.5.5.pom
2026-04-19T22:07:52.9119490Z [INFO] Downloaded from central: https://repo.maven.apache.org/maven2/org/apache/maven/surefire/surefire-providers/3.5.5/surefire-providers-3.5.5.pom (2.5 kB at 134 kB/s)
2026-04-19T22:07:52.9145810Z [INFO] Downloading from central: https://repo.maven.apache.org/maven2/org/apache/maven/surefire/common-java5/3.5.5/common-java5-3.5.5.pom
2026-04-19T22:07:52.9361340Z [INFO] Downloaded from central: https://repo.maven.apache.org/maven2/org/apache/maven/surefire/common-java5/3.5.5/common-java5-3.5.5.pom (3.1 kB at 146 kB/s)
2026-04-19T22:07:52.9387790Z [INFO] Downloading from central: https://repo.maven.apache.org/maven2/org/junit/platform/junit-platform-engine/1.12.2/junit-platform-engine-1.12.2.pom
2026-04-19T22:07:52.9613250Z [INFO] Downloaded from central: https://repo.maven.apache.org/maven2/org/junit/platform/junit-platform-engine/1.12.2/junit-platform-engine-1.12.2.pom (3.2 kB at 139 kB/s)
2026-04-19T22:07:52.9716650Z [INFO] Downloading from central: https://repo.maven.apache.org/maven2/org/junit/platform/junit-platform-commons/1.12.2/junit-platform-commons-1.12.2.pom
2026-04-19T22:07:52.9965160Z [INFO] Downloaded from central: https://repo.maven.apache.org/maven2/org/junit/platform/junit-platform-commons/1.12.2/junit-platform-commons-1.12.2.pom (2.8 kB at 142 kB/s)
2026-04-19T22:07:52.9967580Z [INFO] Downloading from central: https://repo.maven.apache.org/maven2/org/junit/platform/junit-platform-launcher/1.12.2/junit-platform-launcher-1.12.2.pom
2026-04-19T22:07:53.0120780Z [INFO] Downloaded from central: https://repo.maven.apache.org/maven2/org/junit/platform/junit-platform-launcher/1.12.2/junit-platform-launcher-1.12.2.pom (3.0 kB at 144 kB/s)
2026-04-19T22:07:53.0145790Z [INFO] Downloading from central: https://repo.maven.apache.org/maven2/org/apache/maven/surefire/surefire-junit-platform/3.5.5/surefire-junit-platform-3.5.5.jar
2026-04-19T22:07:53.0329470Z [INFO] Downloaded from central: https://repo.maven.apache.org/maven2/org/apache/maven/surefire/surefire-junit-platform/3.5.5/surefire-junit-platform-3.5.5.jar (35 kB at 2.0 MB/s)
2026-04-19T22:07:53.0361540Z [INFO] Downloading from central: https://repo.maven.apache.org/maven2/org/apache/maven/surefire/common-java5/3.5.5/common-java5-3.5.5.jar
2026-04-19T22:07:53.0362350Z [INFO] Downloading from central: https://repo.maven.apache.org/maven2/org/junit/platform/junit-platform-engine/1.12.2/junit-platform-engine-1.12.2.jar
2026-04-19T22:07:53.0363170Z [INFO] Downloading from central: https://repo.maven.apache.org/maven2/org/junit/platform/junit-platform-commons/1.12.2/junit-platform-commons-1.12.2.jar
2026-04-19T22:07:53.0364010Z [INFO] Downloading from central: https://repo.maven.apache.org/maven2/org/junit/platform/junit-platform-launcher/1.12.2/junit-platform-launcher-1.12.2.jar
2026-04-19T22:07:53.0509360Z [INFO] Downloaded from central: https://repo.maven.apache.org/maven2/org/junit/platform/junit-platform-launcher/1.12.2/junit-platform-launcher-1.12.2.jar (208 kB at 12 MB/s)
2026-04-19T22:07:53.0528430Z [INFO] Downloaded from central: https://repo.maven.apache.org/maven2/org/junit/platform/junit-platform-engine/1.12.2/junit-platform-engine-1.12.2.jar (256 kB at 13 MB/s)
2026-04-19T22:07:53.0533940Z [INFO] Downloaded from central: https://repo.maven.apache.org/maven2/org/apache/maven/surefire/common-java5/3.5.5/common-java5-3.5.5.jar (18 kB at 839 kB/s)
2026-04-19T22:07:53.0546640Z [INFO] Downloaded from central: https://repo.maven.apache.org/maven2/org/junit/platform/junit-platform-commons/1.12.2/junit-platform-commons-1.12.2.jar (152 kB at 7.2 MB/s)
2026-04-19T22:07:53.0574100Z [INFO] Downloading from central: https://repo.maven.apache.org/maven2/org/junit/jupiter/junit-jupiter-engine/6.0.3/junit-jupiter-engine-6.0.3.pom
2026-04-19T22:07:53.0738140Z [INFO] Downloaded from central: https://repo.maven.apache.org/maven2/org/junit/jupiter/junit-jupiter-engine/6.0.3/junit-jupiter-engine-6.0.3.pom (3.4 kB at 212 kB/s)
2026-04-19T22:07:53.0753760Z [INFO] Downloading from central: https://repo.maven.apache.org/maven2/org/junit/platform/junit-platform-engine/6.0.3/junit-platform-engine-6.0.3.pom
2026-04-19T22:07:53.0888970Z [INFO] Downloaded from central: https://repo.maven.apache.org/maven2/org/junit/platform/junit-platform-engine/6.0.3/junit-platform-engine-6.0.3.pom (3.4 kB at 261 kB/s)
2026-04-19T22:07:53.0911400Z [INFO] Downloading from central: https://repo.maven.apache.org/maven2/org/junit/jupiter/junit-jupiter-engine/6.0.3/junit-jupiter-engine-6.0.3.jar
2026-04-19T22:07:53.1045460Z [INFO] Downloaded from central: https://repo.maven.apache.org/maven2/org/junit/jupiter/junit-jupiter-engine/6.0.3/junit-jupiter-engine-6.0.3.jar (356 kB at 27 MB/s)
2026-04-19T22:07:53.1050370Z [INFO] Downloading from central: https://repo.maven.apache.org/maven2/org/junit/platform/junit-platform-engine/6.0.3/junit-platform-engine-6.0.3.jar
2026-04-19T22:07:53.1190720Z [INFO] Downloaded from central: https://repo.maven.apache.org/maven2/org/junit/platform/junit-platform-engine/6.0.3/junit-platform-engine-6.0.3.jar (280 kB at 20 MB/s)
2026-04-19T22:07:53.1212680Z [INFO] Downloading from central: https://repo.maven.apache.org/maven2/org/junit/platform/junit-platform-launcher/6.0.3/junit-platform-launcher-6.0.3.pom
2026-04-19T22:07:53.1346160Z [INFO] Downloaded from central: https://repo.maven.apache.org/maven2/org/junit/platform/junit-platform-launcher/6.0.3/junit-platform-launcher-6.0.3.pom (3.2 kB at 230 kB/s)
2026-04-19T22:07:53.1368130Z [INFO] Downloading from central: https://repo.maven.apache.org/maven2/org/junit/platform/junit-platform-launcher/6.0.3/junit-platform-launcher-6.0.3.jar
2026-04-19T22:07:53.1515730Z [INFO] Downloaded from central: https://repo.maven.apache.org/maven2/org/junit/platform/junit-platform-launcher/6.0.3/junit-platform-launcher-6.0.3.jar (246 kB at 16 MB/s)
2026-04-19T22:07:53.1563700Z [INFO] 
2026-04-19T22:07:53.1564040Z [INFO] -------------------------------------------------------
2026-04-19T22:07:53.1564470Z [INFO]  T E S T S
2026-04-19T22:07:53.1564830Z [INFO] -------------------------------------------------------
2026-04-19T22:07:54.0380930Z [INFO] Running org.openpdf.text.Pdf20ComplianceTest
2026-04-19T22:07:54.1818650Z [INFO] Tests run: 1, Failures: 0, Errors: 0, Skipped: 0, Time elapsed: 0.124 s -- in org.openpdf.text.Pdf20ComplianceTest
2026-04-19T22:07:54.1855580Z [INFO] Running org.openpdf.text.HeaderFooterTest
2026-04-19T22:07:54.3164120Z [INFO] Tests run: 17, Failures: 0, Errors: 0, Skipped: 0, Time elapsed: 0.146 s -- in org.openpdf.text.HeaderFooterTest
2026-04-19T22:07:54.3265550Z [INFO] Running org.openpdf.text.pdf.LayoutProcessorTest
2026-04-19T22:07:54.3399710Z [INFO] Tests run: 1, Failures: 0, Errors: 0, Skipped: 0, Time elapsed: 0.030 s -- in org.openpdf.text.pdf.LayoutProcessorTest
2026-04-19T22:07:54.3400370Z [INFO] Running org.openpdf.text.pdf.encryption.DecryptAES256R6Test
2026-04-19T22:07:54.6642180Z [INFO] Tests run: 24, Failures: 0, Errors: 0, Skipped: 0, Time elapsed: 0.316 s -- in org.openpdf.text.pdf.encryption.DecryptAES256R6Test
2026-04-19T22:07:54.6766390Z [INFO] Running org.openpdf.text.pdf.encryption.StandardDecryptionTest
2026-04-19T22:07:54.6883860Z [INFO] Tests run: 1, Failures: 0, Errors: 0, Skipped: 0, Time elapsed: 0.004 s -- in org.openpdf.text.pdf.encryption.StandardDecryptionTest
2026-04-19T22:07:54.6890750Z [INFO] Running org.openpdf.text.pdf.encryption.EncryptAES256R6Test
2026-04-19T22:07:54.7726960Z [INFO] Tests run: 2, Failures: 0, Errors: 0, Skipped: 0, Time elapsed: 0.089 s -- in org.openpdf.text.pdf.encryption.EncryptAES256R6Test
2026-04-19T22:07:54.7840250Z [INFO] Running org.openpdf.text.pdf.encryption.PdfEncryptionTest
2026-04-19T22:07:54.7956260Z [INFO] Tests run: 1, Failures: 0, Errors: 0, Skipped: 0, Time elapsed: 0.002 s -- in org.openpdf.text.pdf.encryption.PdfEncryptionTest
2026-04-19T22:07:54.8077500Z [INFO] Running org.openpdf.text.pdf.LayoutProcessor534Test
2026-04-19T22:07:55.0292210Z WARNING: A terminally deprecated method in sun.misc.Unsafe has been called
2026-04-19T22:07:55.0307530Z WARNING: sun.misc.Unsafe::objectFieldOffset has been called by net.bytebuddy.dynamic.loading.ClassInjector$UsingUnsafe$Dispatcher$CreationAction (file:/Users/runner/.m2/repository/net/bytebuddy/byte-buddy/1.18.3/byte-buddy-1.18.3.jar)
2026-04-19T22:07:55.0325460Z WARNING: Please consider reporting this to the maintainers of class net.bytebuddy.dynamic.loading.ClassInjector$UsingUnsafe$Dispatcher$CreationAction
2026-04-19T22:07:55.0332370Z WARNING: sun.misc.Unsafe::objectFieldOffset will be removed in a future release
2026-04-19T22:07:55.2795270Z Apr 19, 2026 10:07:55 PM org.apache.fop.fonts.apps.AbstractFontReader loadTTF
2026-04-19T22:07:55.2818740Z INFO: Reading font-fallback/LiberationSans-Regular.ttf...
2026-04-19T22:07:55.3364600Z [INFO] Tests run: 2, Failures: 0, Errors: 0, Skipped: 0, Time elapsed: 0.576 s -- in org.openpdf.text.pdf.LayoutProcessor534Test
2026-04-19T22:07:55.3512370Z [INFO] Running org.openpdf.text.pdf.BarcodeMacroPDF417Test
2026-04-19T22:07:55.3638690Z [INFO] Tests run: 1, Failures: 0, Errors: 0, Skipped: 0, Time elapsed: 0.009 s -- in org.openpdf.text.pdf.BarcodeMacroPDF417Test
2026-04-19T22:07:55.3745860Z [INFO] Running org.openpdf.text.pdf.SimpleBookmarkTest
2026-04-19T22:07:55.3782120Z [INFO] Tests run: 2, Failures: 0, Errors: 0, Skipped: 0, Time elapsed: 0.003 s -- in org.openpdf.text.pdf.SimpleBookmarkTest
2026-04-19T22:07:55.3851470Z [INFO] Running org.openpdf.text.pdf.BaseFontTest
2026-04-19T22:07:55.3866020Z [INFO] Tests run: 3, Failures: 0, Errors: 0, Skipped: 0, Time elapsed: 0.011 s -- in org.openpdf.text.pdf.BaseFontTest
2026-04-19T22:07:55.3878890Z [INFO] Running org.openpdf.text.pdf.BarcodeDatamatrixTest
2026-04-19T22:07:55.3879500Z [INFO] Tests run: 1, Failures: 0, Errors: 0, Skipped: 0, Time elapsed: 0.003 s -- in org.openpdf.text.pdf.BarcodeDatamatrixTest
2026-04-19T22:07:55.3880060Z [INFO] Running org.openpdf.text.pdf.PdfTestBaseTest
2026-04-19T22:07:55.3880670Z [INFO] Tests run: 1, Failures: 0, Errors: 0, Skipped: 0, Time elapsed: 0.005 s -- in org.openpdf.text.pdf.PdfTestBaseTest
2026-04-19T22:07:55.3881180Z [INFO] Running org.openpdf.text.pdf.core.document.PdfCrossReferenceTest
2026-04-19T22:07:55.5831940Z Mockito is currently self-attaching to enable the inline-mock-maker. This will no longer work in future releases of the JDK. Please add Mockito as an agent to your build as described in Mockito's documentation: https://javadoc.io/doc/org.mockito/mockito-core/latest/org.mockito/org/mockito/Mockito.html#0.3
2026-04-19T22:07:55.6133260Z OpenJDK 64-Bit Server VM warning: Sharing is only supported for boot loader classes because bootstrap classpath has been appended
2026-04-19T22:07:55.7763810Z WARNING: A Java agent has been loaded dynamically (/Users/runner/.m2/repository/net/bytebuddy/byte-buddy-agent/1.17.5/byte-buddy-agent-1.17.5.jar)
2026-04-19T22:07:55.7777460Z WARNING: If a serviceability tool is in use, please run with -XX:+EnableDynamicAgentLoading to hide this warning
2026-04-19T22:07:55.7778200Z [INFO] Tests run: 16, Failures: 0, Errors: 0, Skipped: 0, Time elapsed: 0.406 s -- in org.openpdf.text.pdf.core.document.PdfCrossReferenceTest
2026-04-19T22:07:55.7879620Z WARNING: If a serviceability tool is not in use, please run with -Djdk.instrument.traceUsage for more information
2026-04-19T22:07:55.7880130Z [INFO] Running org.openpdf.text.pdf.TrueTypeFontTest
2026-04-19T22:07:55.7985790Z WARNING: Dynamic loading of agents will be disallowed by default in a future release
2026-04-19T22:07:55.7987650Z [INFO] Tests run: 3, Failures: 0, Errors: 0, Skipped: 0, Time elapsed: 0.006 s -- in org.openpdf.text.pdf.TrueTypeFontTest
2026-04-19T22:07:55.8114170Z [INFO] Running org.openpdf.text.pdf.PdfStamperImpTest
2026-04-19T22:07:55.8216800Z [INFO] Tests run: 2, Failures: 0, Errors: 0, Skipped: 0, Time elapsed: 0.013 s -- in org.openpdf.text.pdf.PdfStamperImpTest
2026-04-19T22:07:55.8332850Z [INFO] Running org.openpdf.text.pdf.ColumnTextTableTest
2026-04-19T22:07:55.8457120Z [INFO] Tests run: 2, Failures: 0, Errors: 0, Skipped: 0, Time elapsed: 0.010 s -- in org.openpdf.text.pdf.ColumnTextTableTest
2026-04-19T22:07:55.8562710Z [INFO] Running org.openpdf.text.pdf.LargePdfTest
2026-04-19T22:07:55.8673390Z [WARNING] Tests run: 1, Failures: 0, Errors: 0, Skipped: 1, Time elapsed: 0.004 s -- in org.openpdf.text.pdf.LargePdfTest
2026-04-19T22:07:55.8787480Z [INFO] Running org.openpdf.text.pdf.PdfSignatureAppearanceTest
2026-04-19T22:07:55.9147840Z [INFO] Tests run: 2, Failures: 0, Errors: 0, Skipped: 0, Time elapsed: 0.100 s -- in org.openpdf.text.pdf.PdfSignatureAppearanceTest
2026-04-19T22:07:55.9249490Z [INFO] Running org.openpdf.text.pdf.TextExtractTest
2026-04-19T22:07:56.0735300Z [INFO] Tests run: 3, Failures: 0, Errors: 0, Skipped: 0, Time elapsed: 0.162 s -- in org.openpdf.text.pdf.TextExtractTest
2026-04-19T22:07:56.0773950Z [INFO] Running org.openpdf.text.pdf.PdfDocument620Test
2026-04-19T22:07:56.0881620Z [INFO] Tests run: 2, Failures: 0, Errors: 0, Skipped: 0, Time elapsed: 0.013 s -- in org.openpdf.text.pdf.PdfDocument620Test
2026-04-19T22:07:56.0983060Z [INFO] Running org.openpdf.text.pdf.TabTest
2026-04-19T22:07:56.1006050Z [INFO] Tests run: 1, Failures: 0, Errors: 0, Skipped: 0, Time elapsed: 0.001 s -- in org.openpdf.text.pdf.TabTest
2026-04-19T22:07:56.1007400Z [INFO] Running org.openpdf.text.pdf.TrueTypeFontUnicodeTest
2026-04-19T22:07:56.1010720Z [INFO] Tests run: 1, Failures: 0, Errors: 0, Skipped: 0, Time elapsed: 0.005 s -- in org.openpdf.text.pdf.TrueTypeFontUnicodeTest
2026-04-19T22:07:56.1011260Z [INFO] Running org.openpdf.text.pdf.AcroFieldsTest
2026-04-19T22:07:56.3302290Z [INFO] Tests run: 2, Failures: 0, Errors: 0, Skipped: 0, Time elapsed: 0.226 s -- in org.openpdf.text.pdf.AcroFieldsTest
2026-04-19T22:07:56.3380070Z [INFO] Running org.openpdf.text.pdf.FontSelectorTest
2026-04-19T22:07:56.3381710Z [INFO] Tests run: 1, Failures: 0, Errors: 0, Skipped: 0, Time elapsed: 0.005 s -- in org.openpdf.text.pdf.FontSelectorTest
2026-04-19T22:07:56.3383430Z [INFO] Running org.openpdf.text.pdf.SimplePdfTest
2026-04-19T22:07:56.3609480Z [INFO] Tests run: 4, Failures: 0, Errors: 0, Skipped: 0, Time elapsed: 0.021 s -- in org.openpdf.text.pdf.SimplePdfTest
2026-04-19T22:07:56.3682050Z [INFO] Running org.openpdf.text.pdf.FontDetailsTest
2026-04-19T22:07:56.3766340Z Apr 19, 2026 10:07:56 PM org.apache.fop.fonts.apps.AbstractFontReader loadTTF
2026-04-19T22:07:56.3893670Z INFO: Reading src/test/resources/fonts/font-awesome/fa-v4compatibility.ttf...
2026-04-19T22:07:56.3894210Z [INFO] Tests run: 5, Failures: 0, Errors: 0, Skipped: 0, Time elapsed: 0.020 s -- in org.openpdf.text.pdf.FontDetailsTest
2026-04-19T22:07:56.4020530Z Apr 19, 2026 10:07:56 PM org.apache.fop.fonts.apps.AbstractFontReader loadTTF
2026-04-19T22:07:56.4020920Z [INFO] Running org.openpdf.text.pdf.FopGlyphProcessorTest
2026-04-19T22:07:56.4135250Z INFO: Font Family: [Font Awesome v4 Compatibility Regular, Font Awesome v4 Compatibility]
2026-04-19T22:07:56.4135850Z [INFO] Tests run: 1, Failures: 0, Errors: 0, Skipped: 0, Time elapsed: 0.013 s -- in org.openpdf.text.pdf.FopGlyphProcessorTest
2026-04-19T22:07:56.4152380Z Apr 19, 2026 10:07:56 PM org.openpdf.text.pdf.FopGlyphProcessorTest textCreateDocument
2026-04-19T22:07:56.4152930Z [INFO] Running org.openpdf.text.pdf.CrossReferenceTableEncodingTest
2026-04-19T22:07:56.4153820Z INFO: Save to: /var/folders/tb/y368xp_x10s3ty1b_mtl5mxr0000gn/T/ThaiFopTest2015316278252078968.pdf
2026-04-19T22:07:56.4154450Z [WARNING] Tests run: 1, Failures: 0, Errors: 0, Skipped: 1, Time elapsed: 0.001 s -- in org.openpdf.text.pdf.CrossReferenceTableEncodingTest
2026-04-19T22:07:56.4155120Z Apr 19, 2026 10:07:56 PM org.apache.fop.fonts.apps.AbstractFontReader loadTTF
2026-04-19T22:07:56.4156120Z [INFO] Running org.openpdf.text.pdf.PRAcroFormTest
2026-04-19T22:07:56.4156690Z INFO: Reading file:/Users/runner/work/OpenPDF/OpenPDF/openpdf-core/target/test-classes/fonts/Sarabun/Sarabun-Regular.ttf...
2026-04-19T22:07:56.4158490Z [INFO] Tests run: 1, Failures: 0, Errors: 0, Skipped: 0, Time elapsed: 0.005 s -- in org.openpdf.text.pdf.PRAcroFormTest
2026-04-19T22:07:56.4278240Z [INFO] Running org.openpdf.text.pdf.Barcode128Test
2026-04-19T22:07:56.4297400Z [INFO] Tests run: 2, Failures: 0, Errors: 0, Skipped: 0, Time elapsed: 0.006 s -- in org.openpdf.text.pdf.Barcode128Test
2026-04-19T22:07:56.4306610Z [INFO] Running org.openpdf.text.pdf.parser.PdfTextExtractorTest
2026-04-19T22:07:56.4466890Z [INFO] Tests run: 13, Failures: 0, Errors: 0, Skipped: 0, Time elapsed: 0.034 s -- in org.openpdf.text.pdf.parser.PdfTextExtractorTest
2026-04-19T22:07:56.4568970Z [INFO] Running org.openpdf.text.pdf.PdfStructureTreeRootTest
2026-04-19T22:07:56.5732160Z [INFO] Tests run: 8, Failures: 0, Errors: 0, Skipped: 0, Time elapsed: 0.130 s -- in org.openpdf.text.pdf.PdfStructureTreeRootTest
2026-04-19T22:07:56.5849620Z [INFO] Running org.openpdf.text.pdf.PdfSignatureRangeTest
2026-04-19T22:07:56.6554690Z [INFO] Tests run: 2, Failures: 0, Errors: 0, Skipped: 0, Time elapsed: 0.081 s -- in org.openpdf.text.pdf.PdfSignatureRangeTest
2026-04-19T22:07:56.6662780Z [INFO] Running org.openpdf.text.pdf.TablePdfTest
2026-04-19T22:07:56.6764110Z [INFO] Tests run: 3, Failures: 0, Errors: 0, Skipped: 0, Time elapsed: 0.007 s -- in org.openpdf.text.pdf.TablePdfTest
2026-04-19T22:07:56.6865970Z [INFO] Running org.openpdf.text.pdf.PdfCopyTest
2026-04-19T22:07:56.6966930Z [INFO] Tests run: 1, Failures: 0, Errors: 0, Skipped: 0, Time elapsed: 0.007 s -- in org.openpdf.text.pdf.PdfCopyTest
2026-04-19T22:07:56.7070420Z [INFO] Running org.openpdf.text.pdf.PdfWriterTest
2026-04-19T22:07:56.7171670Z [INFO] Tests run: 2, Failures: 0, Errors: 0, Skipped: 0, Time elapsed: 0.003 s -- in org.openpdf.text.pdf.PdfWriterTest
2026-04-19T22:07:56.7276240Z [INFO] Running org.openpdf.text.pdf.PdfProtectedDocumentTest
2026-04-19T22:07:56.7990430Z [INFO] Tests run: 2, Failures: 0, Errors: 0, Skipped: 0, Time elapsed: 0.127 s -- in org.openpdf.text.pdf.PdfProtectedDocumentTest
2026-04-19T22:07:56.7991170Z [INFO] Running org.openpdf.text.pdf.table.TableEndlessTest
2026-04-19T22:07:56.8094270Z [INFO] Tests run: 2, Failures: 0, Errors: 0, Skipped: 0, Time elapsed: 0.007 s -- in org.openpdf.text.pdf.table.TableEndlessTest
2026-04-19T22:07:56.8095140Z [INFO] Running org.openpdf.text.pdf.table.TableElementsAlignmentTest
2026-04-19T22:07:56.8095840Z [INFO] Tests run: 8, Failures: 0, Errors: 0, Skipped: 0, Time elapsed: 0.002 s -- in org.openpdf.text.pdf.table.TableElementsAlignmentTest
2026-04-19T22:07:56.8104050Z [INFO] Running org.openpdf.text.pdf.PdfPrinterGraphics2DTest
2026-04-19T22:07:58.2496730Z [INFO] Tests run: 1, Failures: 0, Errors: 0, Skipped: 0, Time elapsed: 1.437 s -- in org.openpdf.text.pdf.PdfPrinterGraphics2DTest
2026-04-19T22:07:58.2609100Z [INFO] Running org.openpdf.text.pdf.Issue1430Test
2026-04-19T22:07:58.2722950Z Comparison PDF created: /Users/runner/work/OpenPDF/OpenPDF/openpdf-core/target/issue-1430-comparison.pdf
2026-04-19T22:07:58.2738090Z Issue #1430 solution PDF created: /Users/runner/work/OpenPDF/OpenPDF/openpdf-core/target/issue-1430-solution.pdf
2026-04-19T22:07:58.2795320Z [INFO] Tests run: 2, Failures: 0, Errors: 0, Skipped: 0, Time elapsed: 0.005 s -- in org.openpdf.text.pdf.Issue1430Test
2026-04-19T22:07:58.2796120Z [INFO] Running org.openpdf.text.pdf.PdfDocument536Test
2026-04-19T22:07:58.2796820Z [INFO] Tests run: 1, Failures: 0, Errors: 0, Skipped: 0, Time elapsed: 0.019 s -- in org.openpdf.text.pdf.PdfDocument536Test
2026-04-19T22:07:58.2797500Z [INFO] Running org.openpdf.text.pdf.NonBreakingSpaceJustificationTest
2026-04-19T22:07:58.2798140Z [INFO] Tests run: 3, Failures: 0, Errors: 0, Skipped: 0, Time elapsed: 0.006 s -- in org.openpdf.text.pdf.NonBreakingSpaceJustificationTest
2026-04-19T22:07:58.2798790Z [INFO] Running org.openpdf.text.pdf.PdfSmartCopyTest
2026-04-19T22:08:03.6891350Z [INFO] Tests run: 3, Failures: 0, Errors: 0, Skipped: 0, Time elapsed: 5.405 s -- in org.openpdf.text.pdf.PdfSmartCopyTest
2026-04-19T22:08:03.7016300Z [INFO] Running org.openpdf.text.pdf.SmallPdfReadTest
2026-04-19T22:08:03.9029250Z [INFO] Tests run: 1, Failures: 0, Errors: 0, Skipped: 0, Time elapsed: 0.217 s -- in org.openpdf.text.pdf.SmallPdfReadTest
2026-04-19T22:08:03.9046740Z [INFO] Running org.openpdf.text.pdf.PdfBatchUtilsTest
2026-04-19T22:08:03.9146480Z [INFO] Tests run: 2, Failures: 0, Errors: 0, Skipped: 0, Time elapsed: 0.012 s -- in org.openpdf.text.pdf.PdfBatchUtilsTest
2026-04-19T22:08:03.9147250Z [INFO] Running org.openpdf.text.pdf.FontSubsetTest
2026-04-19T22:08:03.9318190Z Apr 19, 2026 10:08:03 PM org.apache.fop.fonts.apps.AbstractFontReader loadTTF
2026-04-19T22:08:03.9371790Z INFO: Reading LiberationSerif-Regular.ttf...
2026-04-19T22:08:03.9373270Z [INFO] Tests run: 2, Failures: 0, Errors: 0, Skipped: 0, Time elapsed: 0.020 s -- in org.openpdf.text.pdf.FontSubsetTest
2026-04-19T22:08:03.9454630Z [INFO] Running org.openpdf.text.pdf.TableRowSpanEvenSplitTest
2026-04-19T22:08:04.2306360Z COLS
2026-04-19T22:08:04.2643820Z 11.0, 1
2026-04-19T22:08:04.2860680Z 11.0, 2
2026-04-19T22:08:04.2961960Z 11.0, 3
2026-04-19T22:08:04.3062720Z 11.0, 4
2026-04-19T22:08:04.3164220Z 11.0, 5
2026-04-19T22:08:04.3266910Z [INFO] Tests run: 7, Failures: 0, Errors: 0, Skipped: 0, Time elapsed: 0.296 s -- in org.openpdf.text.pdf.TableRowSpanEvenSplitTest
2026-04-19T22:08:04.3474650Z [INFO] Running org.openpdf.text.pdf.PdfPTableTest
2026-04-19T22:08:04.3585350Z [INFO] Tests run: 2, Failures: 0, Errors: 0, Skipped: 0, Time elapsed: 0.002 s -- in org.openpdf.text.pdf.PdfPTableTest
2026-04-19T22:08:04.3698470Z [INFO] Running org.openpdf.text.pdf.PdfNameTreeTest
2026-04-19T22:08:04.3870220Z [INFO] Tests run: 1, Failures: 0, Errors: 0, Skipped: 0, Time elapsed: 0.001 s -- in org.openpdf.text.pdf.PdfNameTreeTest
2026-04-19T22:08:04.3870900Z [INFO] Running org.openpdf.text.pdf.fonts.FontTest
2026-04-19T22:08:05.8516840Z [ERROR] Tests run: 22, Failures: 0, Errors: 3, Skipped: 0, Time elapsed: 1.607 s <<< FAILURE! -- in org.openpdf.text.pdf.fonts.FontTest
2026-04-19T22:08:05.8591190Z Apr 19, 2026 10:08:05 PM org.apache.fop.fonts.apps.AbstractFontReader loadTTF
2026-04-19T22:08:05.8591830Z [ERROR] org.openpdf.text.pdf.fonts.FontTest.testFontStyleOfStyledFont(int)[2] -- Time elapsed: 0.009 s <<< ERROR!
2026-04-19T22:08:05.8644790Z INFO: Reading fonts/Viaoda_Libre/ViaodaLibre-Regular.ttf...
2026-04-19T22:08:05.8645520Z org.openpdf.text.DocumentException: Table 'OS/2' does not exist in /System/Library/Fonts/Courier.ttc
2026-04-19T22:08:05.8650950Z 	at org.openpdf.text.pdf.TrueTypeFont.fillTables(TrueTypeFont.java:396)
2026-04-19T22:08:05.8754580Z Apr 19, 2026 10:08:05 PM org.apache.fop.fonts.apps.AbstractFontReader loadTTF
2026-04-19T22:08:05.8756010Z 	at org.openpdf.text.pdf.TrueTypeFont.process(TrueTypeFont.java:651)
2026-04-19T22:08:05.8857980Z INFO: Reading Viaoda Libre...
2026-04-19T22:08:05.8858520Z 	at org.openpdf.text.pdf.TrueTypeFont.<init>(TrueTypeFont.java:290)
2026-04-19T22:08:05.8908480Z 	at org.openpdf.text.pdf.BaseFont.createFont(BaseFont.java:744)
2026-04-19T22:08:05.9010510Z 	at org.openpdf.text.pdf.BaseFont.createFont(BaseFont.java:650)
2026-04-19T22:08:05.9112200Z 	at org.openpdf.text.pdf.BaseFont.createFont(BaseFont.java:593)
2026-04-19T22:08:05.9213410Z 	at org.openpdf.text.FontFactoryImp.getFont(FontFactoryImp.java:229)
2026-04-19T22:08:05.9314530Z 	at org.openpdf.text.FontFactoryImp.getFont(FontFactoryImp.java:167)
2026-04-19T22:08:05.9415640Z 	at org.openpdf.text.FontFactory.getFont(FontFactory.java:172)
2026-04-19T22:08:05.9516940Z 	at org.openpdf.text.FontFactory.getFont(FontFactory.java:341)
2026-04-19T22:08:05.9618140Z 	at org.openpdf.text.pdf.fonts.FontTest.testFontStyleOfStyledFont(FontTest.java:87)
2026-04-19T22:08:05.9720800Z 	at java.base/jdk.internal.reflect.DirectMethodHandleAccessor.invoke(DirectMethodHandleAccessor.java:104)
2026-04-19T22:08:05.9823780Z 	at java.base/java.lang.reflect.Method.invoke(Method.java:565)
2026-04-19T22:08:05.9924910Z 	at org.junit.platform.commons.util.ReflectionUtils.invokeMethod(ReflectionUtils.java:701)
2026-04-19T22:08:06.0026930Z 	at org.junit.platform.commons.support.ReflectionSupport.invokeMethod(ReflectionSupport.java:502)
2026-04-19T22:08:06.0127200Z 	at org.junit.jupiter.engine.support.MethodReflectionUtils.invoke(MethodReflectionUtils.java:45)
2026-04-19T22:08:06.0231750Z 	at org.junit.jupiter.engine.execution.MethodInvocation.proceed(MethodInvocation.java:61)
2026-04-19T22:08:06.0348130Z 	at org.junit.jupiter.engine.execution.InvocationInterceptorChain$ValidatingInvocation.proceed(InvocationInterceptorChain.java:124)
2026-04-19T22:08:06.0452620Z 	at org.junit.jupiter.engine.extension.TimeoutExtension.intercept(TimeoutExtension.java:163)
2026-04-19T22:08:06.0555140Z 	at org.junit.jupiter.engine.extension.TimeoutExtension.interceptTestableMethod(TimeoutExtension.java:148)
2026-04-19T22:08:06.0656810Z 	at org.junit.jupiter.engine.extension.TimeoutExtension.interceptTestTemplateMethod(TimeoutExtension.java:94)
2026-04-19T22:08:06.0759830Z 	at org.junit.jupiter.engine.execution.InterceptingExecutableInvoker$ReflectiveInterceptorCall.lambda$ofVoidMethod$0(InterceptingExecutableInvoker.java:123)
2026-04-19T22:08:06.0864580Z 	at org.junit.jupiter.engine.execution.InterceptingExecutableInvoker.lambda$invoke$0(InterceptingExecutableInvoker.java:105)
2026-04-19T22:08:06.0991840Z 	at org.junit.jupiter.engine.execution.InvocationInterceptorChain$InterceptedInvocation.proceed(InvocationInterceptorChain.java:99)
2026-04-19T22:08:06.1098720Z 	at org.junit.jupiter.engine.execution.InvocationInterceptorChain.proceed(InvocationInterceptorChain.java:66)
2026-04-19T22:08:06.1213600Z 	at org.junit.jupiter.engine.execution.InvocationInterceptorChain.chainAndInvoke(InvocationInterceptorChain.java:47)
2026-04-19T22:08:06.1318990Z 	at org.junit.jupiter.engine.execution.InvocationInterceptorChain.invoke(InvocationInterceptorChain.java:39)
2026-04-19T22:08:06.1442000Z 	at org.junit.jupiter.engine.execution.InterceptingExecutableInvoker.invoke(InterceptingExecutableInvoker.java:104)
2026-04-19T22:08:06.1570730Z 	at org.junit.jupiter.engine.execution.InterceptingExecutableInvoker.invoke(InterceptingExecutableInvoker.java:98)
2026-04-19T22:08:06.1685640Z 	at org.junit.jupiter.engine.execution.InterceptingExecutableInvoker.invokeVoid(InterceptingExecutableInvoker.java:71)
2026-04-19T22:08:06.1806030Z 	at org.junit.jupiter.engine.descriptor.TestMethodTestDescriptor.lambda$invokeTestMethod$0(TestMethodTestDescriptor.java:219)
2026-04-19T22:08:06.1938030Z 	at org.junit.platform.engine.support.hierarchical.ThrowableCollector.execute(ThrowableCollector.java:74)
2026-04-19T22:08:06.2067510Z 	at org.junit.jupiter.engine.descriptor.TestMethodTestDescriptor.invokeTestMethod(TestMethodTestDescriptor.java:215)
2026-04-19T22:08:06.2170220Z 	at org.junit.jupiter.engine.descriptor.TestMethodTestDescriptor.execute(TestMethodTestDescriptor.java:157)
2026-04-19T22:08:06.2272290Z 	at org.junit.jupiter.engine.descriptor.TestMethodTestDescriptor.execute(TestMethodTestDescriptor.java:70)
2026-04-19T22:08:06.2372790Z 	at org.junit.platform.engine.support.hierarchical.NodeTestTask.lambda$executeRecursively$2(NodeTestTask.java:176)
2026-04-19T22:08:06.2473020Z 	at org.junit.platform.engine.support.hierarchical.ThrowableCollector.execute(ThrowableCollector.java:74)
2026-04-19T22:08:06.2575270Z 	at org.junit.platform.engine.support.hierarchical.NodeTestTask.lambda$executeRecursively$1(NodeTestTask.java:166)
2026-04-19T22:08:06.2677540Z 	at org.junit.platform.engine.support.hierarchical.Node.around(Node.java:138)
2026-04-19T22:08:06.2777670Z 	at org.junit.platform.engine.support.hierarchical.NodeTestTask.lambda$executeRecursively$0(NodeTestTask.java:164)
2026-04-19T22:08:06.2878290Z 	at org.junit.platform.engine.support.hierarchical.ThrowableCollector.execute(ThrowableCollector.java:74)
2026-04-19T22:08:06.2982750Z 	at org.junit.platform.engine.support.hierarchical.NodeTestTask.executeRecursively(NodeTestTask.java:163)
2026-04-19T22:08:06.3087400Z 	at org.junit.platform.engine.support.hierarchical.NodeTestTask.execute(NodeTestTask.java:116)
2026-04-19T22:08:06.3189490Z 	at org.junit.platform.engine.support.hierarchical.SameThreadHierarchicalTestExecutorService.submit(SameThreadHierarchicalTestExecutorService.java:36)
2026-04-19T22:08:06.3296260Z 	at org.junit.platform.engine.support.hierarchical.NodeTestTask$DefaultDynamicTestExecutor.execute(NodeTestTask.java:268)
2026-04-19T22:08:06.3398810Z 	at org.junit.platform.engine.support.hierarchical.NodeTestTask$DefaultDynamicTestExecutor.execute(NodeTestTask.java:246)
2026-04-19T22:08:06.3500500Z 	at org.junit.jupiter.engine.descriptor.TemplateExecutor.execute(TemplateExecutor.java:96)
2026-04-19T22:08:06.3600260Z 	at org.junit.jupiter.engine.descriptor.TemplateExecutor.lambda$executeForProvider$1(TemplateExecutor.java:59)
2026-04-19T22:08:06.3701660Z 	at java.base/java.util.Optional.ifPresent(Optional.java:178)
2026-04-19T22:08:06.3804370Z 	at org.junit.jupiter.engine.descriptor.TemplateExecutor.lambda$executeForProvider$0(TemplateExecutor.java:59)
2026-04-19T22:08:06.3906180Z 	at java.base/java.util.stream.ForEachOps$ForEachOp$OfRef.accept(ForEachOps.java:186)
2026-04-19T22:08:06.4010650Z 	at java.base/java.util.stream.ReferencePipeline$3$1.accept(ReferencePipeline.java:214)
2026-04-19T22:08:06.4111880Z 	at java.base/java.util.stream.ForEachOps$ForEachOp$OfRef.accept(ForEachOps.java:186)
2026-04-19T22:08:06.4212090Z 	at java.base/java.util.stream.ForEachOps$ForEachOp$OfRef.accept(ForEachOps.java:186)
2026-04-19T22:08:06.4313440Z 	at java.base/java.util.stream.ReferencePipeline$3$1.accept(ReferencePipeline.java:214)
2026-04-19T22:08:06.4419700Z 	at java.base/java.util.HashMap$KeySpliterator.forEachRemaining(HashMap.java:1716)
2026-04-19T22:08:06.4521260Z 	at java.base/java.util.stream.ReferencePipeline$Head.forEach(ReferencePipeline.java:803)
2026-04-19T22:08:06.4623350Z 	at java.base/java.util.stream.ReferencePipeline$7$1FlatMap.accept(ReferencePipeline.java:293)
2026-04-19T22:08:06.4723670Z 	at java.base/java.util.stream.ReferencePipeline$3$1.accept(ReferencePipeline.java:214)
2026-04-19T22:08:06.4825940Z 	at java.base/java.util.stream.ReferencePipeline$3$1.accept(ReferencePipeline.java:214)
2026-04-19T22:08:06.4933210Z 	at java.base/java.util.stream.ReferencePipeline$3$1.accept(ReferencePipeline.java:214)
2026-04-19T22:08:06.5034500Z 	at java.base/java.util.Spliterators$ArraySpliterator.forEachRemaining(Spliterators.java:1024)
2026-04-19T22:08:06.5141980Z 	at java.base/java.util.stream.AbstractPipeline.copyInto(AbstractPipeline.java:570)
2026-04-19T22:08:06.5247150Z 	at java.base/java.util.stream.AbstractPipeline.wrapAndCopyInto(AbstractPipeline.java:560)
2026-04-19T22:08:06.5350010Z 	at java.base/java.util.stream.ForEachOps$ForEachOp.evaluateSequential(ForEachOps.java:153)
2026-04-19T22:08:06.5451470Z 	at java.base/java.util.stream.ForEachOps$ForEachOp$OfRef.evaluateSequential(ForEachOps.java:176)
2026-04-19T22:08:06.5559200Z 	at java.base/java.util.stream.AbstractPipeline.evaluate(AbstractPipeline.java:265)
2026-04-19T22:08:06.5660390Z 	at java.base/java.util.stream.ReferencePipeline.forEach(ReferencePipeline.java:632)
2026-04-19T22:08:06.5762370Z 	at java.base/java.util.stream.ReferencePipeline$7$1FlatMap.accept(ReferencePipeline.java:293)
2026-04-19T22:08:06.5865400Z 	at java.base/java.util.ArrayList$ArrayListSpliterator.forEachRemaining(ArrayList.java:1716)
2026-04-19T22:08:06.5966750Z 	at java.base/java.util.stream.AbstractPipeline.copyInto(AbstractPipeline.java:570)
2026-04-19T22:08:06.6068080Z 	at java.base/java.util.stream.AbstractPipeline.wrapAndCopyInto(AbstractPipeline.java:560)
2026-04-19T22:08:06.6169410Z 	at java.base/java.util.stream.ForEachOps$ForEachOp.evaluateSequential(ForEachOps.java:153)
2026-04-19T22:08:06.6270880Z 	at java.base/java.util.stream.ForEachOps$ForEachOp$OfRef.evaluateSequential(ForEachOps.java:176)
2026-04-19T22:08:06.6372170Z 	at java.base/java.util.stream.AbstractPipeline.evaluate(AbstractPipeline.java:265)
2026-04-19T22:08:06.6473660Z 	at java.base/java.util.stream.ReferencePipeline.forEach(ReferencePipeline.java:632)
2026-04-19T22:08:06.6575940Z 	at java.base/java.util.stream.ReferencePipeline$7$1FlatMap.accept(ReferencePipeline.java:293)
2026-04-19T22:08:06.6678460Z 	at java.base/java.util.stream.ReferencePipeline$3$1.accept(ReferencePipeline.java:214)
2026-04-19T22:08:06.6779930Z 	at java.base/java.util.stream.ReferencePipeline$3$1.accept(ReferencePipeline.java:214)
2026-04-19T22:08:06.6881310Z 	at java.base/java.util.stream.ReferencePipeline$3$1.accept(ReferencePipeline.java:214)
2026-04-19T22:08:06.6982540Z 	at java.base/java.util.Collections$2.tryAdvance(Collections.java:5182)
2026-04-19T22:08:06.7084030Z 	at java.base/java.util.Collections$2.forEachRemaining(Collections.java:5190)
2026-04-19T22:08:06.7185610Z 	at java.base/java.util.stream.AbstractPipeline.copyInto(AbstractPipeline.java:570)
2026-04-19T22:08:06.7289670Z 	at java.base/java.util.stream.AbstractPipeline.wrapAndCopyInto(AbstractPipeline.java:560)
2026-04-19T22:08:06.7391740Z 	at java.base/java.util.stream.ForEachOps$ForEachOp.evaluateSequential(ForEachOps.java:153)
2026-04-19T22:08:06.7494850Z 	at java.base/java.util.stream.ForEachOps$ForEachOp$OfRef.evaluateSequential(ForEachOps.java:176)
2026-04-19T22:08:06.7601100Z 	at java.base/java.util.stream.AbstractPipeline.evaluate(AbstractPipeline.java:265)
2026-04-19T22:08:06.7702460Z 	at java.base/java.util.stream.ReferencePipeline.forEach(ReferencePipeline.java:632)
2026-04-19T22:08:06.7804700Z 	at org.junit.jupiter.engine.descriptor.TemplateExecutor.executeForProvider(TemplateExecutor.java:57)
2026-04-19T22:08:06.7911400Z 	at org.junit.jupiter.engine.descriptor.TemplateExecutor.execute(TemplateExecutor.java:46)
2026-04-19T22:08:06.8014590Z 	at org.junit.jupiter.engine.descriptor.TestTemplateTestDescriptor.execute(TestTemplateTestDescriptor.java:112)
2026-04-19T22:08:06.8116150Z 	at org.junit.jupiter.engine.descriptor.TestTemplateTestDescriptor.execute(TestTemplateTestDescriptor.java:40)
2026-04-19T22:08:06.8217670Z 	at org.junit.platform.engine.support.hierarchical.NodeTestTask.lambda$executeRecursively$2(NodeTestTask.java:176)
2026-04-19T22:08:06.8319150Z 	at org.junit.platform.engine.support.hierarchical.ThrowableCollector.execute(ThrowableCollector.java:74)
2026-04-19T22:08:06.8420810Z 	at org.junit.platform.engine.support.hierarchical.NodeTestTask.lambda$executeRecursively$1(NodeTestTask.java:166)
2026-04-19T22:08:06.8522090Z 	at org.junit.platform.engine.support.hierarchical.Node.around(Node.java:138)
2026-04-19T22:08:06.8623910Z 	at org.junit.platform.engine.support.hierarchical.NodeTestTask.lambda$executeRecursively$0(NodeTestTask.java:164)
2026-04-19T22:08:06.8725500Z 	at org.junit.platform.engine.support.hierarchical.ThrowableCollector.execute(ThrowableCollector.java:74)
2026-04-19T22:08:06.8827260Z 	at org.junit.platform.engine.support.hierarchical.NodeTestTask.executeRecursively(NodeTestTask.java:163)
2026-04-19T22:08:06.8928740Z 	at org.junit.platform.engine.support.hierarchical.NodeTestTask.execute(NodeTestTask.java:116)
2026-04-19T22:08:06.9030790Z 	at java.base/java.util.ArrayList.forEach(ArrayList.java:1604)
2026-04-19T22:08:06.9133030Z 	at org.junit.platform.engine.support.hierarchical.SameThreadHierarchicalTestExecutorService.invokeAll(SameThreadHierarchicalTestExecutorService.java:42)
2026-04-19T22:08:06.9234710Z 	at org.junit.platform.engine.support.hierarchical.NodeTestTask.lambda$executeRecursively$2(NodeTestTask.java:180)
2026-04-19T22:08:06.9336320Z 	at org.junit.platform.engine.support.hierarchical.ThrowableCollector.execute(ThrowableCollector.java:74)
2026-04-19T22:08:06.9446490Z 	at org.junit.platform.engine.support.hierarchical.NodeTestTask.lambda$executeRecursively$1(NodeTestTask.java:166)
2026-04-19T22:08:06.9575080Z 	at org.junit.platform.engine.support.hierarchical.Node.around(Node.java:138)
2026-04-19T22:08:06.9676490Z 	at org.junit.platform.engine.support.hierarchical.NodeTestTask.lambda$executeRecursively$0(NodeTestTask.java:164)
2026-04-19T22:08:06.9784300Z 	at org.junit.platform.engine.support.hierarchical.ThrowableCollector.execute(ThrowableCollector.java:74)
2026-04-19T22:08:06.9887410Z 	at org.junit.platform.engine.support.hierarchical.NodeTestTask.executeRecursively(NodeTestTask.java:163)
2026-04-19T22:08:06.9988850Z 	at org.junit.platform.engine.support.hierarchical.NodeTestTask.execute(NodeTestTask.java:116)
2026-04-19T22:08:07.0090790Z 	at java.base/java.util.ArrayList.forEach(ArrayList.java:1604)
2026-04-19T22:08:07.0193310Z 	at org.junit.platform.engine.support.hierarchical.SameThreadHierarchicalTestExecutorService.invokeAll(SameThreadHierarchicalTestExecutorService.java:42)
2026-04-19T22:08:07.0295140Z 	at org.junit.platform.engine.support.hierarchical.NodeTestTask.lambda$executeRecursively$2(NodeTestTask.java:180)
2026-04-19T22:08:07.0396660Z 	at org.junit.platform.engine.support.hierarchical.ThrowableCollector.execute(ThrowableCollector.java:74)
2026-04-19T22:08:07.0498400Z 	at org.junit.platform.engine.support.hierarchical.NodeTestTask.lambda$executeRecursively$1(NodeTestTask.java:166)
2026-04-19T22:08:07.0603310Z 	at org.junit.platform.engine.support.hierarchical.Node.around(Node.java:138)
2026-04-19T22:08:07.0704970Z 	at org.junit.platform.engine.support.hierarchical.NodeTestTask.lambda$executeRecursively$0(NodeTestTask.java:164)
2026-04-19T22:08:07.0807710Z 	at org.junit.platform.engine.support.hierarchical.ThrowableCollector.execute(ThrowableCollector.java:74)
2026-04-19T22:08:07.0911460Z 	at org.junit.platform.engine.support.hierarchical.NodeTestTask.executeRecursively(NodeTestTask.java:163)
2026-04-19T22:08:07.1016080Z 	at org.junit.platform.engine.support.hierarchical.NodeTestTask.execute(NodeTestTask.java:116)
2026-04-19T22:08:07.1020220Z 	at org.junit.platform.engine.support.hierarchical.SameThreadHierarchicalTestExecutorService.submit(SameThreadHierarchicalTestExecutorService.java:36)
2026-04-19T22:08:07.1125470Z 	at org.junit.platform.engine.support.hierarchical.HierarchicalTestExecutor.execute(HierarchicalTestExecutor.java:52)
2026-04-19T22:08:07.1227700Z 	at org.junit.platform.engine.support.hierarchical.HierarchicalTestEngine.execute(HierarchicalTestEngine.java:58)
2026-04-19T22:08:07.1329190Z 	at org.junit.platform.launcher.core.EngineExecutionOrchestrator.executeEngine(EngineExecutionOrchestrator.java:246)
2026-04-19T22:08:07.1389290Z 	at org.junit.platform.launcher.core.EngineExecutionOrchestrator.failOrExecuteEngine(EngineExecutionOrchestrator.java:218)
2026-04-19T22:08:07.1409560Z 	at org.junit.platform.launcher.core.EngineExecutionOrchestrator.execute(EngineExecutionOrchestrator.java:179)
2026-04-19T22:08:07.1415740Z 	at org.junit.platform.launcher.core.EngineExecutionOrchestrator.execute(EngineExecutionOrchestrator.java:108)
2026-04-19T22:08:07.1420370Z 	at org.junit.platform.launcher.core.EngineExecutionOrchestrator.lambda$execute$0(EngineExecutionOrchestrator.java:66)
2026-04-19T22:08:07.1431110Z 	at org.junit.platform.launcher.core.EngineExecutionOrchestrator.withInterceptedStreams(EngineExecutionOrchestrator.java:157)
2026-04-19T22:08:07.1450990Z 	at org.junit.platform.launcher.core.EngineExecutionOrchestrator.execute(EngineExecutionOrchestrator.java:65)
2026-04-19T22:08:07.1473610Z 	at org.junit.platform.launcher.core.DefaultLauncher.execute(DefaultLauncher.java:125)
2026-04-19T22:08:07.1514290Z 	at org.junit.platform.launcher.core.DefaultLauncher.execute(DefaultLauncher.java:114)
2026-04-19T22:08:07.1549640Z 	at org.junit.platform.launcher.core.DelegatingLauncher.execute(DelegatingLauncher.java:58)
2026-04-19T22:08:07.1566810Z 	at org.junit.platform.launcher.core.InterceptingLauncher.lambda$execute$2(InterceptingLauncher.java:57)
2026-04-19T22:08:07.1591670Z 	at org.junit.platform.launcher.core.ClasspathAlignmentCheckingLauncherInterceptor.intercept(ClasspathAlignmentCheckingLauncherInterceptor.java:25)
2026-04-19T22:08:07.1592890Z 	at org.junit.platform.launcher.core.InterceptingLauncher.execute(InterceptingLauncher.java:56)
2026-04-19T22:08:07.1600720Z 	at org.junit.platform.launcher.core.DelegatingLauncher.execute(DelegatingLauncher.java:58)
2026-04-19T22:08:07.1617180Z 	at java.base/jdk.internal.reflect.DirectMethodHandleAccessor.invoke(DirectMethodHandleAccessor.java:104)
2026-04-19T22:08:07.1646240Z 	at java.base/java.lang.reflect.Method.invoke(Method.java:565)
2026-04-19T22:08:07.1654350Z 	at org.apache.maven.surefire.api.util.ReflectionUtils.invokeMethodWithArray(ReflectionUtils.java:125)
2026-04-19T22:08:07.1669320Z 	at org.apache.maven.surefire.junitplatform.LauncherAdapter.executeWithCancellationToken(LauncherAdapter.java:68)
2026-04-19T22:08:07.1767650Z 	at org.apache.maven.surefire.junitplatform.LauncherAdapter.execute(LauncherAdapter.java:54)
2026-04-19T22:08:07.1777330Z 	at org.apache.maven.surefire.junitplatform.JUnitPlatformProvider.execute(JUnitPlatformProvider.java:203)
2026-04-19T22:08:07.1797660Z 	at org.apache.maven.surefire.junitplatform.JUnitPlatformProvider.invokeAllTests(JUnitPlatformProvider.java:168)
2026-04-19T22:08:07.1806550Z 	at org.apache.maven.surefire.junitplatform.JUnitPlatformProvider.invoke(JUnitPlatformProvider.java:136)
2026-04-19T22:08:07.1811060Z 	at org.apache.maven.surefire.booter.ForkedBooter.runSuitesInProcess(ForkedBooter.java:385)
2026-04-19T22:08:07.1821260Z 	at org.apache.maven.surefire.booter.ForkedBooter.execute(ForkedBooter.java:162)
2026-04-19T22:08:07.1860760Z 	at org.apache.maven.surefire.booter.ForkedBooter.run(ForkedBooter.java:507)
2026-04-19T22:08:07.1861380Z 	at org.apache.maven.surefire.booter.ForkedBooter.main(ForkedBooter.java:495)
2026-04-19T22:08:07.1861780Z 
2026-04-19T22:08:07.1862490Z [ERROR] org.openpdf.text.pdf.fonts.FontTest.testFontStyleOfStyledFont(int)[3] -- Time elapsed: 0.003 s <<< ERROR!
2026-04-19T22:08:07.1863370Z org.openpdf.text.DocumentException: Table 'OS/2' does not exist in /System/Library/Fonts/Courier.ttc
2026-04-19T22:08:07.1863990Z 	at org.openpdf.text.pdf.TrueTypeFont.fillTables(TrueTypeFont.java:396)
2026-04-19T22:08:07.1864550Z 	at org.openpdf.text.pdf.TrueTypeFont.process(TrueTypeFont.java:651)
2026-04-19T22:08:07.1865040Z 	at org.openpdf.text.pdf.TrueTypeFont.<init>(TrueTypeFont.java:290)
2026-04-19T22:08:07.1865510Z 	at org.openpdf.text.pdf.BaseFont.createFont(BaseFont.java:744)
2026-04-19T22:08:07.1866090Z 	at org.openpdf.text.pdf.BaseFont.createFont(BaseFont.java:650)
2026-04-19T22:08:07.1866550Z 	at org.openpdf.text.pdf.BaseFont.createFont(BaseFont.java:593)
2026-04-19T22:08:07.1867140Z 	at org.openpdf.text.FontFactoryImp.getFont(FontFactoryImp.java:229)
2026-04-19T22:08:07.1867630Z 	at org.openpdf.text.FontFactoryImp.getFont(FontFactoryImp.java:167)
2026-04-19T22:08:07.1868190Z 	at org.openpdf.text.FontFactory.getFont(FontFactory.java:172)
2026-04-19T22:08:07.1868640Z 	at org.openpdf.text.FontFactory.getFont(FontFactory.java:341)
2026-04-19T22:08:07.1869150Z 	at org.openpdf.text.pdf.fonts.FontTest.testFontStyleOfStyledFont(FontTest.java:87)
2026-04-19T22:08:07.1869820Z 	at java.base/jdk.internal.reflect.DirectMethodHandleAccessor.invoke(DirectMethodHandleAccessor.java:104)
2026-04-19T22:08:07.1870480Z 	at java.base/java.lang.reflect.Method.invoke(Method.java:565)
2026-04-19T22:08:07.1870970Z 	at org.junit.platform.commons.util.ReflectionUtils.invokeMethod(ReflectionUtils.java:701)
2026-04-19T22:08:07.1871660Z 	at org.junit.platform.commons.support.ReflectionSupport.invokeMethod(ReflectionSupport.java:502)
2026-04-19T22:08:07.1872360Z 	at org.junit.jupiter.engine.support.MethodReflectionUtils.invoke(MethodReflectionUtils.java:45)
2026-04-19T22:08:07.1873010Z 	at org.junit.jupiter.engine.execution.MethodInvocation.proceed(MethodInvocation.java:61)
2026-04-19T22:08:07.1873790Z 	at org.junit.jupiter.engine.execution.InvocationInterceptorChain$ValidatingInvocation.proceed(InvocationInterceptorChain.java:124)
2026-04-19T22:08:07.1874590Z 	at org.junit.jupiter.engine.extension.TimeoutExtension.intercept(TimeoutExtension.java:163)
2026-04-19T22:08:07.1875350Z 	at org.junit.jupiter.engine.extension.TimeoutExtension.interceptTestableMethod(TimeoutExtension.java:148)
2026-04-19T22:08:07.1876130Z 	at org.junit.jupiter.engine.extension.TimeoutExtension.interceptTestTemplateMethod(TimeoutExtension.java:94)
2026-04-19T22:08:07.1877060Z 	at org.junit.jupiter.engine.execution.InterceptingExecutableInvoker$ReflectiveInterceptorCall.lambda$ofVoidMethod$0(InterceptingExecutableInvoker.java:123)
2026-04-19T22:08:07.1878060Z 	at org.junit.jupiter.engine.execution.InterceptingExecutableInvoker.lambda$invoke$0(InterceptingExecutableInvoker.java:105)
2026-04-19T22:08:07.1878980Z 	at org.junit.jupiter.engine.execution.InvocationInterceptorChain$InterceptedInvocation.proceed(InvocationInterceptorChain.java:99)
2026-04-19T22:08:07.1879820Z 	at org.junit.jupiter.engine.execution.InvocationInterceptorChain.proceed(InvocationInterceptorChain.java:66)
2026-04-19T22:08:07.1880690Z 	at org.junit.jupiter.engine.execution.InvocationInterceptorChain.chainAndInvoke(InvocationInterceptorChain.java:47)
2026-04-19T22:08:07.1881940Z 	at org.junit.jupiter.engine.execution.InvocationInterceptorChain.invoke(InvocationInterceptorChain.java:39)
2026-04-19T22:08:07.1882730Z 	at org.junit.jupiter.engine.execution.InterceptingExecutableInvoker.invoke(InterceptingExecutableInvoker.java:104)
2026-04-19T22:08:07.1883590Z 	at org.junit.jupiter.engine.execution.InterceptingExecutableInvoker.invoke(InterceptingExecutableInvoker.java:98)
2026-04-19T22:08:07.1884420Z 	at org.junit.jupiter.engine.execution.InterceptingExecutableInvoker.invokeVoid(InterceptingExecutableInvoker.java:71)
2026-04-19T22:08:07.1885270Z 	at org.junit.jupiter.engine.descriptor.TestMethodTestDescriptor.lambda$invokeTestMethod$0(TestMethodTestDescriptor.java:219)
2026-04-19T22:08:07.1886350Z 	at org.junit.platform.engine.support.hierarchical.ThrowableCollector.execute(ThrowableCollector.java:74)
2026-04-19T22:08:07.1887230Z 	at org.junit.jupiter.engine.descriptor.TestMethodTestDescriptor.invokeTestMethod(TestMethodTestDescriptor.java:215)
2026-04-19T22:08:07.1888090Z 	at org.junit.jupiter.engine.descriptor.TestMethodTestDescriptor.execute(TestMethodTestDescriptor.java:157)
2026-04-19T22:08:07.1888850Z 	at org.junit.jupiter.engine.descriptor.TestMethodTestDescriptor.execute(TestMethodTestDescriptor.java:70)
2026-04-19T22:08:07.1889620Z 	at org.junit.platform.engine.support.hierarchical.NodeTestTask.lambda$executeRecursively$2(NodeTestTask.java:176)
2026-04-19T22:08:07.1890390Z 	at org.junit.platform.engine.support.hierarchical.ThrowableCollector.execute(ThrowableCollector.java:74)
2026-04-19T22:08:07.1892620Z 	at org.junit.platform.engine.support.hierarchical.NodeTestTask.lambda$executeRecursively$1(NodeTestTask.java:166)
2026-04-19T22:08:07.1893310Z 	at org.junit.platform.engine.support.hierarchical.Node.around(Node.java:138)
2026-04-19T22:08:07.1894040Z 	at org.junit.platform.engine.support.hierarchical.NodeTestTask.lambda$executeRecursively$0(NodeTestTask.java:164)
2026-04-19T22:08:07.1894810Z 	at org.junit.platform.engine.support.hierarchical.ThrowableCollector.execute(ThrowableCollector.java:74)
2026-04-19T22:08:07.1895550Z 	at org.junit.platform.engine.support.hierarchical.NodeTestTask.executeRecursively(NodeTestTask.java:163)
2026-04-19T22:08:07.1896320Z 	at org.junit.platform.engine.support.hierarchical.NodeTestTask.execute(NodeTestTask.java:116)
2026-04-19T22:08:07.1897210Z 	at org.junit.platform.engine.support.hierarchical.SameThreadHierarchicalTestExecutorService.submit(SameThreadHierarchicalTestExecutorService.java:36)
2026-04-19T22:08:07.1898160Z 	at org.junit.platform.engine.support.hierarchical.NodeTestTask$DefaultDynamicTestExecutor.execute(NodeTestTask.java:268)
2026-04-19T22:08:07.1899030Z 	at org.junit.platform.engine.support.hierarchical.NodeTestTask$DefaultDynamicTestExecutor.execute(NodeTestTask.java:246)
2026-04-19T22:08:07.1899770Z 	at org.junit.jupiter.engine.descriptor.TemplateExecutor.execute(TemplateExecutor.java:96)
2026-04-19T22:08:07.1900470Z 	at org.junit.jupiter.engine.descriptor.TemplateExecutor.lambda$executeForProvider$1(TemplateExecutor.java:59)
2026-04-19T22:08:07.1901120Z 	at java.base/java.util.Optional.ifPresent(Optional.java:178)
2026-04-19T22:08:07.1901710Z 	at org.junit.jupiter.engine.descriptor.TemplateExecutor.lambda$executeForProvider$0(TemplateExecutor.java:59)
2026-04-19T22:08:07.1902370Z 	at java.base/java.util.stream.ForEachOps$ForEachOp$OfRef.accept(ForEachOps.java:186)
2026-04-19T22:08:07.1903050Z 	at java.base/java.util.stream.ReferencePipeline$3$1.accept(ReferencePipeline.java:214)
2026-04-19T22:08:07.1903570Z 	at java.base/java.util.stream.ForEachOps$ForEachOp$OfRef.accept(ForEachOps.java:186)
2026-04-19T22:08:07.1904120Z 	at java.base/java.util.stream.ForEachOps$ForEachOp$OfRef.accept(ForEachOps.java:186)
2026-04-19T22:08:07.1904780Z 	at java.base/java.util.stream.ReferencePipeline$3$1.accept(ReferencePipeline.java:214)
2026-04-19T22:08:07.1905350Z 	at java.base/java.util.HashMap$KeySpliterator.forEachRemaining(HashMap.java:1716)
2026-04-19T22:08:07.1905910Z 	at java.base/java.util.stream.ReferencePipeline$Head.forEach(ReferencePipeline.java:803)
2026-04-19T22:08:07.1906520Z 	at java.base/java.util.stream.ReferencePipeline$7$1FlatMap.accept(ReferencePipeline.java:293)
2026-04-19T22:08:07.1907160Z 	at java.base/java.util.stream.ReferencePipeline$3$1.accept(ReferencePipeline.java:214)
2026-04-19T22:08:07.1907730Z 	at java.base/java.util.stream.ReferencePipeline$3$1.accept(ReferencePipeline.java:214)
2026-04-19T22:08:07.1908390Z 	at java.base/java.util.stream.ReferencePipeline$3$1.accept(ReferencePipeline.java:214)
2026-04-19T22:08:07.1908950Z 	at java.base/java.util.Spliterators$ArraySpliterator.forEachRemaining(Spliterators.java:1024)
2026-04-19T22:08:07.1909600Z 	at java.base/java.util.stream.AbstractPipeline.copyInto(AbstractPipeline.java:570)
2026-04-19T22:08:07.1910390Z 	at java.base/java.util.stream.AbstractPipeline.wrapAndCopyInto(AbstractPipeline.java:560)
2026-04-19T22:08:07.1911130Z 	at java.base/java.util.stream.ForEachOps$ForEachOp.evaluateSequential(ForEachOps.java:153)
2026-04-19T22:08:07.1911770Z 	at java.base/java.util.stream.ForEachOps$ForEachOp$OfRef.evaluateSequential(ForEachOps.java:176)
2026-04-19T22:08:07.1912390Z 	at java.base/java.util.stream.AbstractPipeline.evaluate(AbstractPipeline.java:265)
2026-04-19T22:08:07.1913060Z 	at java.base/java.util.stream.ReferencePipeline.forEach(ReferencePipeline.java:632)
2026-04-19T22:08:07.1913650Z 	at java.base/java.util.stream.ReferencePipeline$7$1FlatMap.accept(ReferencePipeline.java:293)
2026-04-19T22:08:07.1914220Z 	at java.base/java.util.ArrayList$ArrayListSpliterator.forEachRemaining(ArrayList.java:1716)
2026-04-19T22:08:07.1915610Z 	at java.base/java.util.stream.AbstractPipeline.copyInto(AbstractPipeline.java:570)
2026-04-19T22:08:07.1916320Z 	at java.base/java.util.stream.AbstractPipeline.wrapAndCopyInto(AbstractPipeline.java:560)
2026-04-19T22:08:07.1916960Z 	at java.base/java.util.stream.ForEachOps$ForEachOp.evaluateSequential(ForEachOps.java:153)
2026-04-19T22:08:07.1917590Z 	at java.base/java.util.stream.ForEachOps$ForEachOp$OfRef.evaluateSequential(ForEachOps.java:176)
2026-04-19T22:08:07.1918200Z 	at java.base/java.util.stream.AbstractPipeline.evaluate(AbstractPipeline.java:265)
2026-04-19T22:08:07.1918730Z 	at java.base/java.util.stream.ReferencePipeline.forEach(ReferencePipeline.java:632)
2026-04-19T22:08:07.1919330Z 	at java.base/java.util.stream.ReferencePipeline$7$1FlatMap.accept(ReferencePipeline.java:293)
2026-04-19T22:08:07.1920010Z 	at java.base/java.util.stream.ReferencePipeline$3$1.accept(ReferencePipeline.java:214)
2026-04-19T22:08:07.1920630Z 	at java.base/java.util.stream.ReferencePipeline$3$1.accept(ReferencePipeline.java:214)
2026-04-19T22:08:07.1921200Z 	at java.base/java.util.stream.ReferencePipeline$3$1.accept(ReferencePipeline.java:214)
2026-04-19T22:08:07.1921740Z 	at java.base/java.util.Collections$2.tryAdvance(Collections.java:5182)
2026-04-19T22:08:07.1922190Z 	at java.base/java.util.Collections$2.forEachRemaining(Collections.java:5190)
2026-04-19T22:08:07.1922680Z 	at java.base/java.util.stream.AbstractPipeline.copyInto(AbstractPipeline.java:570)
2026-04-19T22:08:07.1923280Z 	at java.base/java.util.stream.AbstractPipeline.wrapAndCopyInto(AbstractPipeline.java:560)
2026-04-19T22:08:07.1923880Z 	at java.base/java.util.stream.ForEachOps$ForEachOp.evaluateSequential(ForEachOps.java:153)
2026-04-19T22:08:07.1924460Z 	at java.base/java.util.stream.ForEachOps$ForEachOp$OfRef.evaluateSequential(ForEachOps.java:176)
2026-04-19T22:08:07.1925110Z 	at java.base/java.util.stream.AbstractPipeline.evaluate(AbstractPipeline.java:265)
2026-04-19T22:08:07.1925630Z 	at java.base/java.util.stream.ReferencePipeline.forEach(ReferencePipeline.java:632)
2026-04-19T22:08:07.1926230Z 	at org.junit.jupiter.engine.descriptor.TemplateExecutor.executeForProvider(TemplateExecutor.java:57)
2026-04-19T22:08:07.1926870Z 	at org.junit.jupiter.engine.descriptor.TemplateExecutor.execute(TemplateExecutor.java:46)
2026-04-19T22:08:07.1927600Z 	at org.junit.jupiter.engine.descriptor.TestTemplateTestDescriptor.execute(TestTemplateTestDescriptor.java:112)
2026-04-19T22:08:07.1928340Z 	at org.junit.jupiter.engine.descriptor.TestTemplateTestDescriptor.execute(TestTemplateTestDescriptor.java:40)
2026-04-19T22:08:07.1929080Z 	at org.junit.platform.engine.support.hierarchical.NodeTestTask.lambda$executeRecursively$2(NodeTestTask.java:176)
2026-04-19T22:08:07.1929930Z 	at org.junit.platform.engine.support.hierarchical.ThrowableCollector.execute(ThrowableCollector.java:74)
2026-04-19T22:08:07.1930710Z 	at org.junit.platform.engine.support.hierarchical.NodeTestTask.lambda$executeRecursively$1(NodeTestTask.java:166)
2026-04-19T22:08:07.1931380Z 	at org.junit.platform.engine.support.hierarchical.Node.around(Node.java:138)
2026-04-19T22:08:07.1932150Z 	at org.junit.platform.engine.support.hierarchical.NodeTestTask.lambda$executeRecursively$0(NodeTestTask.java:164)
2026-04-19T22:08:07.1933240Z 	at org.junit.platform.engine.support.hierarchical.ThrowableCollector.execute(ThrowableCollector.java:74)
2026-04-19T22:08:07.1934000Z 	at org.junit.platform.engine.support.hierarchical.NodeTestTask.executeRecursively(NodeTestTask.java:163)
2026-04-19T22:08:07.1934710Z 	at org.junit.platform.engine.support.hierarchical.NodeTestTask.execute(NodeTestTask.java:116)
2026-04-19T22:08:07.1935380Z 	at java.base/java.util.ArrayList.forEach(ArrayList.java:1604)
2026-04-19T22:08:07.1959900Z 	at org.junit.platform.engine.support.hierarchical.SameThreadHierarchicalTestExecutorService.invokeAll(SameThreadHierarchicalTestExecutorService.java:42)
2026-04-19T22:08:07.1961110Z 	at org.junit.platform.engine.support.hierarchical.NodeTestTask.lambda$executeRecursively$2(NodeTestTask.java:180)
2026-04-19T22:08:07.1961950Z 	at org.junit.platform.engine.support.hierarchical.ThrowableCollector.execute(ThrowableCollector.java:74)
2026-04-19T22:08:07.1962750Z 	at org.junit.platform.engine.support.hierarchical.NodeTestTask.lambda$executeRecursively$1(NodeTestTask.java:166)
2026-04-19T22:08:07.1963520Z 	at org.junit.platform.engine.support.hierarchical.Node.around(Node.java:138)
2026-04-19T22:08:07.1964250Z 	at org.junit.platform.engine.support.hierarchical.NodeTestTask.lambda$executeRecursively$0(NodeTestTask.java:164)
2026-04-19T22:08:07.1964970Z 	at org.junit.platform.engine.support.hierarchical.ThrowableCollector.execute(ThrowableCollector.java:74)
2026-04-19T22:08:07.1972790Z 	at org.junit.platform.engine.support.hierarchical.NodeTestTask.executeRecursively(NodeTestTask.java:163)
2026-04-19T22:08:07.1973460Z 	at org.junit.platform.engine.support.hierarchical.NodeTestTask.execute(NodeTestTask.java:116)
2026-04-19T22:08:07.1974040Z 	at java.base/java.util.ArrayList.forEach(ArrayList.java:1604)
2026-04-19T22:08:07.1974790Z 	at org.junit.platform.engine.support.hierarchical.SameThreadHierarchicalTestExecutorService.invokeAll(SameThreadHierarchicalTestExecutorService.java:42)
2026-04-19T22:08:07.1975630Z 	at org.junit.platform.engine.support.hierarchical.NodeTestTask.lambda$executeRecursively$2(NodeTestTask.java:180)
2026-04-19T22:08:07.1976590Z 	at org.junit.platform.engine.support.hierarchical.ThrowableCollector.execute(ThrowableCollector.java:74)
2026-04-19T22:08:07.1977220Z 	at org.junit.platform.engine.support.hierarchical.NodeTestTask.lambda$executeRecursively$1(NodeTestTask.java:166)
2026-04-19T22:08:07.1977760Z 	at org.junit.platform.engine.support.hierarchical.Node.around(Node.java:138)
2026-04-19T22:08:07.1978290Z 	at org.junit.platform.engine.support.hierarchical.NodeTestTask.lambda$executeRecursively$0(NodeTestTask.java:164)
2026-04-19T22:08:07.1978930Z 	at org.junit.platform.engine.support.hierarchical.ThrowableCollector.execute(ThrowableCollector.java:74)
2026-04-19T22:08:07.1979540Z 	at org.junit.platform.engine.support.hierarchical.NodeTestTask.executeRecursively(NodeTestTask.java:163)
2026-04-19T22:08:07.1980250Z 	at org.junit.platform.engine.support.hierarchical.NodeTestTask.execute(NodeTestTask.java:116)
2026-04-19T22:08:07.1981040Z 	at org.junit.platform.engine.support.hierarchical.SameThreadHierarchicalTestExecutorService.submit(SameThreadHierarchicalTestExecutorService.java:36)
2026-04-19T22:08:07.1981880Z 	at org.junit.platform.engine.support.hierarchical.HierarchicalTestExecutor.execute(HierarchicalTestExecutor.java:52)
2026-04-19T22:08:07.1982570Z 	at org.junit.platform.engine.support.hierarchical.HierarchicalTestEngine.execute(HierarchicalTestEngine.java:58)
2026-04-19T22:08:07.1983550Z 	at org.junit.platform.launcher.core.EngineExecutionOrchestrator.executeEngine(EngineExecutionOrchestrator.java:246)
2026-04-19T22:08:07.1984320Z 	at org.junit.platform.launcher.core.EngineExecutionOrchestrator.failOrExecuteEngine(EngineExecutionOrchestrator.java:218)
2026-04-19T22:08:07.1985030Z 	at org.junit.platform.launcher.core.EngineExecutionOrchestrator.execute(EngineExecutionOrchestrator.java:179)
2026-04-19T22:08:07.1986050Z 	at org.junit.platform.launcher.core.EngineExecutionOrchestrator.execute(EngineExecutionOrchestrator.java:108)
2026-04-19T22:08:07.1986940Z 	at org.junit.platform.launcher.core.EngineExecutionOrchestrator.lambda$execute$0(EngineExecutionOrchestrator.java:66)
2026-04-19T22:08:07.1987690Z 	at org.junit.platform.launcher.core.EngineExecutionOrchestrator.withInterceptedStreams(EngineExecutionOrchestrator.java:157)
2026-04-19T22:08:07.1988390Z 	at org.junit.platform.launcher.core.EngineExecutionOrchestrator.execute(EngineExecutionOrchestrator.java:65)
2026-04-19T22:08:07.1988950Z 	at org.junit.platform.launcher.core.DefaultLauncher.execute(DefaultLauncher.java:125)
2026-04-19T22:08:07.1989430Z 	at org.junit.platform.launcher.core.DefaultLauncher.execute(DefaultLauncher.java:114)
2026-04-19T22:08:07.1989920Z 	at org.junit.platform.launcher.core.DelegatingLauncher.execute(DelegatingLauncher.java:58)
2026-04-19T22:08:07.1990470Z 	at org.junit.platform.launcher.core.InterceptingLauncher.lambda$execute$2(InterceptingLauncher.java:57)
2026-04-19T22:08:07.1991350Z 	at org.junit.platform.launcher.core.ClasspathAlignmentCheckingLauncherInterceptor.intercept(ClasspathAlignmentCheckingLauncherInterceptor.java:25)
2026-04-19T22:08:07.1992090Z 	at org.junit.platform.launcher.core.InterceptingLauncher.execute(InterceptingLauncher.java:56)
2026-04-19T22:08:07.1992620Z 	at org.junit.platform.launcher.core.DelegatingLauncher.execute(DelegatingLauncher.java:58)
2026-04-19T22:08:07.1993180Z 	at java.base/jdk.internal.reflect.DirectMethodHandleAccessor.invoke(DirectMethodHandleAccessor.java:104)
2026-04-19T22:08:07.1993640Z 	at java.base/java.lang.reflect.Method.invoke(Method.java:565)
2026-04-19T22:08:07.1994090Z 	at org.apache.maven.surefire.api.util.ReflectionUtils.invokeMethodWithArray(ReflectionUtils.java:125)
2026-04-19T22:08:07.1994730Z 	at org.apache.maven.surefire.junitplatform.LauncherAdapter.executeWithCancellationToken(LauncherAdapter.java:68)
2026-04-19T22:08:07.1995340Z 	at org.apache.maven.surefire.junitplatform.LauncherAdapter.execute(LauncherAdapter.java:54)
2026-04-19T22:08:07.1995920Z 	at org.apache.maven.surefire.junitplatform.JUnitPlatformProvider.execute(JUnitPlatformProvider.java:203)
2026-04-19T22:08:07.1996570Z 	at org.apache.maven.surefire.junitplatform.JUnitPlatformProvider.invokeAllTests(JUnitPlatformProvider.java:168)
2026-04-19T22:08:07.1997210Z 	at org.apache.maven.surefire.junitplatform.JUnitPlatformProvider.invoke(JUnitPlatformProvider.java:136)
2026-04-19T22:08:07.1997780Z 	at org.apache.maven.surefire.booter.ForkedBooter.runSuitesInProcess(ForkedBooter.java:385)
2026-04-19T22:08:07.1998260Z 	at org.apache.maven.surefire.booter.ForkedBooter.execute(ForkedBooter.java:162)
2026-04-19T22:08:07.1998680Z 	at org.apache.maven.surefire.booter.ForkedBooter.run(ForkedBooter.java:507)
2026-04-19T22:08:07.1999090Z 	at org.apache.maven.surefire.booter.ForkedBooter.main(ForkedBooter.java:495)
2026-04-19T22:08:07.1999340Z 
2026-04-19T22:08:07.1999620Z [ERROR] org.openpdf.text.pdf.fonts.FontTest.testFontStyleOfStyledFont(int)[6] -- Time elapsed: 0.001 s <<< ERROR!
2026-04-19T22:08:07.2000200Z org.openpdf.text.DocumentException: Table 'OS/2' does not exist in /System/Library/Fonts/Courier.ttc
2026-04-19T22:08:07.2000650Z 	at org.openpdf.text.pdf.TrueTypeFont.fillTables(TrueTypeFont.java:396)
2026-04-19T22:08:07.2001030Z 	at org.openpdf.text.pdf.TrueTypeFont.process(TrueTypeFont.java:651)
2026-04-19T22:08:07.2001380Z 	at org.openpdf.text.pdf.TrueTypeFont.<init>(TrueTypeFont.java:290)
2026-04-19T22:08:07.2001710Z 	at org.openpdf.text.pdf.BaseFont.createFont(BaseFont.java:744)
2026-04-19T22:08:07.2002040Z 	at org.openpdf.text.pdf.BaseFont.createFont(BaseFont.java:650)
2026-04-19T22:08:07.2002360Z 	at org.openpdf.text.pdf.BaseFont.createFont(BaseFont.java:593)
2026-04-19T22:08:07.2002690Z 	at org.openpdf.text.FontFactoryImp.getFont(FontFactoryImp.java:229)
2026-04-19T22:08:07.2003050Z 	at org.openpdf.text.FontFactoryImp.getFont(FontFactoryImp.java:167)
2026-04-19T22:08:07.2003390Z 	at org.openpdf.text.FontFactory.getFont(FontFactory.java:172)
2026-04-19T22:08:07.2004050Z 	at org.openpdf.text.FontFactory.getFont(FontFactory.java:341)
2026-04-19T22:08:07.2004500Z 	at org.openpdf.text.pdf.fonts.FontTest.testFontStyleOfStyledFont(FontTest.java:87)
2026-04-19T22:08:07.2005040Z 	at java.base/jdk.internal.reflect.DirectMethodHandleAccessor.invoke(DirectMethodHandleAccessor.java:104)
2026-04-19T22:08:07.2005500Z 	at java.base/java.lang.reflect.Method.invoke(Method.java:565)
2026-04-19T22:08:07.2005910Z 	at org.junit.platform.commons.util.ReflectionUtils.invokeMethod(ReflectionUtils.java:701)
2026-04-19T22:08:07.2006440Z 	at org.junit.platform.commons.support.ReflectionSupport.invokeMethod(ReflectionSupport.java:502)
2026-04-19T22:08:07.2006990Z 	at org.junit.jupiter.engine.support.MethodReflectionUtils.invoke(MethodReflectionUtils.java:45)
2026-04-19T22:08:07.2007520Z 	at org.junit.jupiter.engine.execution.MethodInvocation.proceed(MethodInvocation.java:61)
2026-04-19T22:08:07.2008160Z 	at org.junit.jupiter.engine.execution.InvocationInterceptorChain$ValidatingInvocation.proceed(InvocationInterceptorChain.java:124)
2026-04-19T22:08:07.2008810Z 	at org.junit.jupiter.engine.extension.TimeoutExtension.intercept(TimeoutExtension.java:163)
2026-04-19T22:08:07.2009390Z 	at org.junit.jupiter.engine.extension.TimeoutExtension.interceptTestableMethod(TimeoutExtension.java:148)
2026-04-19T22:08:07.2010030Z 	at org.junit.jupiter.engine.extension.TimeoutExtension.interceptTestTemplateMethod(TimeoutExtension.java:94)
2026-04-19T22:08:07.2010830Z 	at org.junit.jupiter.engine.execution.InterceptingExecutableInvoker$ReflectiveInterceptorCall.lambda$ofVoidMethod$0(InterceptingExecutableInvoker.java:123)
2026-04-19T22:08:07.2011650Z 	at org.junit.jupiter.engine.execution.InterceptingExecutableInvoker.lambda$invoke$0(InterceptingExecutableInvoker.java:105)
2026-04-19T22:08:07.2012410Z 	at org.junit.jupiter.engine.execution.InvocationInterceptorChain$InterceptedInvocation.proceed(InvocationInterceptorChain.java:99)
2026-04-19T22:08:07.2013130Z 	at org.junit.jupiter.engine.execution.InvocationInterceptorChain.proceed(InvocationInterceptorChain.java:66)
2026-04-19T22:08:07.2013810Z 	at org.junit.jupiter.engine.execution.InvocationInterceptorChain.chainAndInvoke(InvocationInterceptorChain.java:47)
2026-04-19T22:08:07.2014470Z 	at org.junit.jupiter.engine.execution.InvocationInterceptorChain.invoke(InvocationInterceptorChain.java:39)
2026-04-19T22:08:07.2015130Z 	at org.junit.jupiter.engine.execution.InterceptingExecutableInvoker.invoke(InterceptingExecutableInvoker.java:104)
2026-04-19T22:08:07.2015820Z 	at org.junit.jupiter.engine.execution.InterceptingExecutableInvoker.invoke(InterceptingExecutableInvoker.java:98)
2026-04-19T22:08:07.2016510Z 	at org.junit.jupiter.engine.execution.InterceptingExecutableInvoker.invokeVoid(InterceptingExecutableInvoker.java:71)
2026-04-19T22:08:07.2017240Z 	at org.junit.jupiter.engine.descriptor.TestMethodTestDescriptor.lambda$invokeTestMethod$0(TestMethodTestDescriptor.java:219)
2026-04-19T22:08:07.2017920Z 	at org.junit.platform.engine.support.hierarchical.ThrowableCollector.execute(ThrowableCollector.java:74)
2026-04-19T22:08:07.2018580Z 	at org.junit.jupiter.engine.descriptor.TestMethodTestDescriptor.invokeTestMethod(TestMethodTestDescriptor.java:215)
2026-04-19T22:08:07.2019250Z 	at org.junit.jupiter.engine.descriptor.TestMethodTestDescriptor.execute(TestMethodTestDescriptor.java:157)
2026-04-19T22:08:07.2019880Z 	at org.junit.jupiter.engine.descriptor.TestMethodTestDescriptor.execute(TestMethodTestDescriptor.java:70)
2026-04-19T22:08:07.2020510Z 	at org.junit.platform.engine.support.hierarchical.NodeTestTask.lambda$executeRecursively$2(NodeTestTask.java:176)
2026-04-19T22:08:07.2021150Z 	at org.junit.platform.engine.support.hierarchical.ThrowableCollector.execute(ThrowableCollector.java:74)
2026-04-19T22:08:07.2021780Z 	at org.junit.platform.engine.support.hierarchical.NodeTestTask.lambda$executeRecursively$1(NodeTestTask.java:166)
2026-04-19T22:08:07.2022320Z 	at org.junit.platform.engine.support.hierarchical.Node.around(Node.java:138)
2026-04-19T22:08:07.2022920Z 	at org.junit.platform.engine.support.hierarchical.NodeTestTask.lambda$executeRecursively$0(NodeTestTask.java:164)
2026-04-19T22:08:07.2023630Z 	at org.junit.platform.engine.support.hierarchical.ThrowableCollector.execute(ThrowableCollector.java:74)
2026-04-19T22:08:07.2024250Z 	at org.junit.platform.engine.support.hierarchical.NodeTestTask.executeRecursively(NodeTestTask.java:163)
2026-04-19T22:08:07.2024830Z 	at org.junit.platform.engine.support.hierarchical.NodeTestTask.execute(NodeTestTask.java:116)
2026-04-19T22:08:07.2025580Z 	at org.junit.platform.engine.support.hierarchical.SameThreadHierarchicalTestExecutorService.submit(SameThreadHierarchicalTestExecutorService.java:36)
2026-04-19T22:08:07.2026500Z 	at org.junit.platform.engine.support.hierarchical.NodeTestTask$DefaultDynamicTestExecutor.execute(NodeTestTask.java:268)
2026-04-19T22:08:07.2027200Z 	at org.junit.platform.engine.support.hierarchical.NodeTestTask$DefaultDynamicTestExecutor.execute(NodeTestTask.java:246)
2026-04-19T22:08:07.2027800Z 	at org.junit.jupiter.engine.descriptor.TemplateExecutor.execute(TemplateExecutor.java:96)
2026-04-19T22:08:07.2028380Z 	at org.junit.jupiter.engine.descriptor.TemplateExecutor.lambda$executeForProvider$1(TemplateExecutor.java:59)
2026-04-19T22:08:07.2028850Z 	at java.base/java.util.Optional.ifPresent(Optional.java:178)
2026-04-19T22:08:07.2029310Z 	at org.junit.jupiter.engine.descriptor.TemplateExecutor.lambda$executeForProvider$0(TemplateExecutor.java:59)
2026-04-19T22:08:07.2029840Z 	at java.base/java.util.stream.ForEachOps$ForEachOp$OfRef.accept(ForEachOps.java:186)
2026-04-19T22:08:07.2030280Z 	at java.base/java.util.stream.ReferencePipeline$3$1.accept(ReferencePipeline.java:214)
2026-04-19T22:08:07.2030730Z 	at java.base/java.util.stream.ForEachOps$ForEachOp$OfRef.accept(ForEachOps.java:186)
2026-04-19T22:08:07.2031150Z 	at java.base/java.util.stream.ForEachOps$ForEachOp$OfRef.accept(ForEachOps.java:186)
2026-04-19T22:08:07.2031590Z 	at java.base/java.util.stream.ReferencePipeline$3$1.accept(ReferencePipeline.java:214)
2026-04-19T22:08:07.2032030Z 	at java.base/java.util.HashMap$KeySpliterator.forEachRemaining(HashMap.java:1716)
2026-04-19T22:08:07.2032480Z 	at java.base/java.util.stream.ReferencePipeline$Head.forEach(ReferencePipeline.java:803)
2026-04-19T22:08:07.2032960Z 	at java.base/java.util.stream.ReferencePipeline$7$1FlatMap.accept(ReferencePipeline.java:293)
2026-04-19T22:08:07.2033430Z 	at java.base/java.util.stream.ReferencePipeline$3$1.accept(ReferencePipeline.java:214)
2026-04-19T22:08:07.2033880Z 	at java.base/java.util.stream.ReferencePipeline$3$1.accept(ReferencePipeline.java:214)
2026-04-19T22:08:07.2034440Z 	at java.base/java.util.stream.ReferencePipeline$3$1.accept(ReferencePipeline.java:214)
2026-04-19T22:08:07.2034910Z 	at java.base/java.util.Spliterators$ArraySpliterator.forEachRemaining(Spliterators.java:1024)
2026-04-19T22:08:07.2035380Z 	at java.base/java.util.stream.AbstractPipeline.copyInto(AbstractPipeline.java:570)
2026-04-19T22:08:07.2035850Z 	at java.base/java.util.stream.AbstractPipeline.wrapAndCopyInto(AbstractPipeline.java:560)
2026-04-19T22:08:07.2036330Z 	at java.base/java.util.stream.ForEachOps$ForEachOp.evaluateSequential(ForEachOps.java:153)
2026-04-19T22:08:07.2036830Z 	at java.base/java.util.stream.ForEachOps$ForEachOp$OfRef.evaluateSequential(ForEachOps.java:176)
2026-04-19T22:08:07.2037300Z 	at java.base/java.util.stream.AbstractPipeline.evaluate(AbstractPipeline.java:265)
2026-04-19T22:08:07.2037750Z 	at java.base/java.util.stream.ReferencePipeline.forEach(ReferencePipeline.java:632)
2026-04-19T22:08:07.2038220Z 	at java.base/java.util.stream.ReferencePipeline$7$1FlatMap.accept(ReferencePipeline.java:293)
2026-04-19T22:08:07.2038710Z 	at java.base/java.util.ArrayList$ArrayListSpliterator.forEachRemaining(ArrayList.java:1716)
2026-04-19T22:08:07.2039170Z 	at java.base/java.util.stream.AbstractPipeline.copyInto(AbstractPipeline.java:570)
2026-04-19T22:08:07.2039630Z 	at java.base/java.util.stream.AbstractPipeline.wrapAndCopyInto(AbstractPipeline.java:560)
2026-04-19T22:08:07.2040210Z 	at java.base/java.util.stream.ForEachOps$ForEachOp.evaluateSequential(ForEachOps.java:153)
2026-04-19T22:08:07.2040770Z 	at java.base/java.util.stream.ForEachOps$ForEachOp$OfRef.evaluateSequential(ForEachOps.java:176)
2026-04-19T22:08:07.2041240Z 	at java.base/java.util.stream.AbstractPipeline.evaluate(AbstractPipeline.java:265)
2026-04-19T22:08:07.2041690Z 	at java.base/java.util.stream.ReferencePipeline.forEach(ReferencePipeline.java:632)
2026-04-19T22:08:07.2042160Z 	at java.base/java.util.stream.ReferencePipeline$7$1FlatMap.accept(ReferencePipeline.java:293)
2026-04-19T22:08:07.2042630Z 	at java.base/java.util.stream.ReferencePipeline$3$1.accept(ReferencePipeline.java:214)
2026-04-19T22:08:07.2043080Z 	at java.base/java.util.stream.ReferencePipeline$3$1.accept(ReferencePipeline.java:214)
2026-04-19T22:08:07.2043530Z 	at java.base/java.util.stream.ReferencePipeline$3$1.accept(ReferencePipeline.java:214)
2026-04-19T22:08:07.2043930Z 	at java.base/java.util.Collections$2.tryAdvance(Collections.java:5182)
2026-04-19T22:08:07.2044310Z 	at java.base/java.util.Collections$2.forEachRemaining(Collections.java:5190)
2026-04-19T22:08:07.2044730Z 	at java.base/java.util.stream.AbstractPipeline.copyInto(AbstractPipeline.java:570)
2026-04-19T22:08:07.2045240Z 	at java.base/java.util.stream.AbstractPipeline.wrapAndCopyInto(AbstractPipeline.java:560)
2026-04-19T22:08:07.2045740Z 	at java.base/java.util.stream.ForEachOps$ForEachOp.evaluateSequential(ForEachOps.java:153)
2026-04-19T22:08:07.2046230Z 	at java.base/java.util.stream.ForEachOps$ForEachOp$OfRef.evaluateSequential(ForEachOps.java:176)
2026-04-19T22:08:07.2046700Z 	at java.base/java.util.stream.AbstractPipeline.evaluate(AbstractPipeline.java:265)
2026-04-19T22:08:07.2047160Z 	at java.base/java.util.stream.ReferencePipeline.forEach(ReferencePipeline.java:632)
2026-04-19T22:08:07.2047690Z 	at org.junit.jupiter.engine.descriptor.TemplateExecutor.executeForProvider(TemplateExecutor.java:57)
2026-04-19T22:08:07.2048250Z 	at org.junit.jupiter.engine.descriptor.TemplateExecutor.execute(TemplateExecutor.java:46)
2026-04-19T22:08:07.2048840Z 	at org.junit.jupiter.engine.descriptor.TestTemplateTestDescriptor.execute(TestTemplateTestDescriptor.java:112)
2026-04-19T22:08:07.2049500Z 	at org.junit.jupiter.engine.descriptor.TestTemplateTestDescriptor.execute(TestTemplateTestDescriptor.java:40)
2026-04-19T22:08:07.2050150Z 	at org.junit.platform.engine.support.hierarchical.NodeTestTask.lambda$executeRecursively$2(NodeTestTask.java:176)
2026-04-19T22:08:07.2050820Z 	at org.junit.platform.engine.support.hierarchical.ThrowableCollector.execute(ThrowableCollector.java:74)
2026-04-19T22:08:07.2051610Z 	at org.junit.platform.engine.support.hierarchical.NodeTestTask.lambda$executeRecursively$1(NodeTestTask.java:166)
2026-04-19T22:08:07.2052160Z 	at org.junit.platform.engine.support.hierarchical.Node.around(Node.java:138)
2026-04-19T22:08:07.2052690Z 	at org.junit.platform.engine.support.hierarchical.NodeTestTask.lambda$executeRecursively$0(NodeTestTask.java:164)
2026-04-19T22:08:07.2053340Z 	at org.junit.platform.engine.support.hierarchical.ThrowableCollector.execute(ThrowableCollector.java:74)
2026-04-19T22:08:07.2053960Z 	at org.junit.platform.engine.support.hierarchical.NodeTestTask.executeRecursively(NodeTestTask.java:163)
2026-04-19T22:08:07.2054530Z 	at org.junit.platform.engine.support.hierarchical.NodeTestTask.execute(NodeTestTask.java:116)
2026-04-19T22:08:07.2055100Z 	at java.base/java.util.ArrayList.forEach(ArrayList.java:1604)
2026-04-19T22:08:07.2055740Z 	at org.junit.platform.engine.support.hierarchical.SameThreadHierarchicalTestExecutorService.invokeAll(SameThreadHierarchicalTestExecutorService.java:42)
2026-04-19T22:08:07.2056560Z 	at org.junit.platform.engine.support.hierarchical.NodeTestTask.lambda$executeRecursively$2(NodeTestTask.java:180)
2026-04-19T22:08:07.2057200Z 	at org.junit.platform.engine.support.hierarchical.ThrowableCollector.execute(ThrowableCollector.java:74)
2026-04-19T22:08:07.2057830Z 	at org.junit.platform.engine.support.hierarchical.NodeTestTask.lambda$executeRecursively$1(NodeTestTask.java:166)
2026-04-19T22:08:07.2058750Z 	at org.junit.platform.engine.support.hierarchical.Node.around(Node.java:138)
2026-04-19T22:08:07.2059310Z 	at org.junit.platform.engine.support.hierarchical.NodeTestTask.lambda$executeRecursively$0(NodeTestTask.java:164)
2026-04-19T22:08:07.2059940Z 	at org.junit.platform.engine.support.hierarchical.ThrowableCollector.execute(ThrowableCollector.java:74)
2026-04-19T22:08:07.2060550Z 	at org.junit.platform.engine.support.hierarchical.NodeTestTask.executeRecursively(NodeTestTask.java:163)
2026-04-19T22:08:07.2061240Z 	at org.junit.platform.engine.support.hierarchical.NodeTestTask.execute(NodeTestTask.java:116)
2026-04-19T22:08:07.2061670Z 	at java.base/java.util.ArrayList.forEach(ArrayList.java:1604)
2026-04-19T22:08:07.2062320Z 	at org.junit.platform.engine.support.hierarchical.SameThreadHierarchicalTestExecutorService.invokeAll(SameThreadHierarchicalTestExecutorService.java:42)
2026-04-19T22:08:07.2063140Z 	at org.junit.platform.engine.support.hierarchical.NodeTestTask.lambda$executeRecursively$2(NodeTestTask.java:180)
2026-04-19T22:08:07.2063770Z 	at org.junit.platform.engine.support.hierarchical.ThrowableCollector.execute(ThrowableCollector.java:74)
2026-04-19T22:08:07.2064400Z 	at org.junit.platform.engine.support.hierarchical.NodeTestTask.lambda$executeRecursively$1(NodeTestTask.java:166)
2026-04-19T22:08:07.2064930Z 	at org.junit.platform.engine.support.hierarchical.Node.around(Node.java:138)
2026-04-19T22:08:07.2065470Z 	at org.junit.platform.engine.support.hierarchical.NodeTestTask.lambda$executeRecursively$0(NodeTestTask.java:164)
2026-04-19T22:08:07.2066160Z 	at org.junit.platform.engine.support.hierarchical.ThrowableCollector.execute(ThrowableCollector.java:74)
2026-04-19T22:08:07.2066780Z 	at org.junit.platform.engine.support.hierarchical.NodeTestTask.executeRecursively(NodeTestTask.java:163)
2026-04-19T22:08:07.2067350Z 	at org.junit.platform.engine.support.hierarchical.NodeTestTask.execute(NodeTestTask.java:116)
2026-04-19T22:08:07.2068100Z 	at org.junit.platform.engine.support.hierarchical.SameThreadHierarchicalTestExecutorService.submit(SameThreadHierarchicalTestExecutorService.java:36)
2026-04-19T22:08:07.2068930Z 	at org.junit.platform.engine.support.hierarchical.HierarchicalTestExecutor.execute(HierarchicalTestExecutor.java:52)
2026-04-19T22:08:07.2069620Z 	at org.junit.platform.engine.support.hierarchical.HierarchicalTestEngine.execute(HierarchicalTestEngine.java:58)
2026-04-19T22:08:07.2070310Z 	at org.junit.platform.launcher.core.EngineExecutionOrchestrator.executeEngine(EngineExecutionOrchestrator.java:246)
2026-04-19T22:08:07.2071020Z 	at org.junit.platform.launcher.core.EngineExecutionOrchestrator.failOrExecuteEngine(EngineExecutionOrchestrator.java:218)
2026-04-19T22:08:07.2071710Z 	at org.junit.platform.launcher.core.EngineExecutionOrchestrator.execute(EngineExecutionOrchestrator.java:179)
2026-04-19T22:08:07.2072380Z 	at org.junit.platform.launcher.core.EngineExecutionOrchestrator.execute(EngineExecutionOrchestrator.java:108)
2026-04-19T22:08:07.2073050Z 	at org.junit.platform.launcher.core.EngineExecutionOrchestrator.lambda$execute$0(EngineExecutionOrchestrator.java:66)
2026-04-19T22:08:07.2073770Z 	at org.junit.platform.launcher.core.EngineExecutionOrchestrator.withInterceptedStreams(EngineExecutionOrchestrator.java:157)
2026-04-19T22:08:07.2074480Z 	at org.junit.platform.launcher.core.EngineExecutionOrchestrator.execute(EngineExecutionOrchestrator.java:65)
2026-04-19T22:08:07.2075030Z 	at org.junit.platform.launcher.core.DefaultLauncher.execute(DefaultLauncher.java:125)
2026-04-19T22:08:07.2075500Z 	at org.junit.platform.launcher.core.DefaultLauncher.execute(DefaultLauncher.java:114)
2026-04-19T22:08:07.2075980Z 	at org.junit.platform.launcher.core.DelegatingLauncher.execute(DelegatingLauncher.java:58)
2026-04-19T22:08:07.2076530Z 	at org.junit.platform.launcher.core.InterceptingLauncher.lambda$execute$2(InterceptingLauncher.java:57)
2026-04-19T22:08:07.2077410Z 	at org.junit.platform.launcher.core.ClasspathAlignmentCheckingLauncherInterceptor.intercept(ClasspathAlignmentCheckingLauncherInterceptor.java:25)
2026-04-19T22:08:07.2078190Z 	at org.junit.platform.launcher.core.InterceptingLauncher.execute(InterceptingLauncher.java:56)
2026-04-19T22:08:07.2078730Z 	at org.junit.platform.launcher.core.DelegatingLauncher.execute(DelegatingLauncher.java:58)
2026-04-19T22:08:07.2079280Z 	at java.base/jdk.internal.reflect.DirectMethodHandleAccessor.invoke(DirectMethodHandleAccessor.java:104)
2026-04-19T22:08:07.2079740Z 	at java.base/java.lang.reflect.Method.invoke(Method.java:565)
2026-04-19T22:08:07.2080180Z 	at org.apache.maven.surefire.api.util.ReflectionUtils.invokeMethodWithArray(ReflectionUtils.java:125)
2026-04-19T22:08:07.2080830Z 	at org.apache.maven.surefire.junitplatform.LauncherAdapter.executeWithCancellationToken(LauncherAdapter.java:68)
2026-04-19T22:08:07.2081440Z 	at org.apache.maven.surefire.junitplatform.LauncherAdapter.execute(LauncherAdapter.java:54)
2026-04-19T22:08:07.2082020Z 	at org.apache.maven.surefire.junitplatform.JUnitPlatformProvider.execute(JUnitPlatformProvider.java:203)
2026-04-19T22:08:07.2082670Z 	at org.apache.maven.surefire.junitplatform.JUnitPlatformProvider.invokeAllTests(JUnitPlatformProvider.java:168)
2026-04-19T22:08:07.2083310Z 	at org.apache.maven.surefire.junitplatform.JUnitPlatformProvider.invoke(JUnitPlatformProvider.java:136)
2026-04-19T22:08:07.2083870Z 	at org.apache.maven.surefire.booter.ForkedBooter.runSuitesInProcess(ForkedBooter.java:385)
2026-04-19T22:08:07.2084350Z 	at org.apache.maven.surefire.booter.ForkedBooter.execute(ForkedBooter.java:162)
2026-04-19T22:08:07.2084770Z 	at org.apache.maven.surefire.booter.ForkedBooter.run(ForkedBooter.java:507)
2026-04-19T22:08:07.2085180Z 	at org.apache.maven.surefire.booter.ForkedBooter.main(ForkedBooter.java:495)
2026-04-19T22:08:07.2085420Z 
2026-04-19T22:08:07.2085560Z [INFO] Running org.openpdf.text.pdf.fonts.AdvanceTypographyTest
2026-04-19T22:08:07.2086070Z [WARNING] Tests run: 4, Failures: 0, Errors: 0, Skipped: 1, Time elapsed: 0.032 s -- in org.openpdf.text.pdf.fonts.AdvanceTypographyTest
2026-04-19T22:08:07.2086540Z [INFO] Running org.openpdf.text.pdf.PdfDocumentTest
2026-04-19T22:08:07.2086970Z [INFO] Tests run: 6, Failures: 0, Errors: 0, Skipped: 0, Time elapsed: 0.017 s -- in org.openpdf.text.pdf.PdfDocumentTest
2026-04-19T22:08:07.2087410Z [INFO] Running org.openpdf.text.pdf.PdfAConformanceTest
2026-04-19T22:08:07.2087850Z [INFO] Tests run: 21, Failures: 0, Errors: 0, Skipped: 0, Time elapsed: 0.050 s -- in org.openpdf.text.pdf.PdfAConformanceTest
2026-04-19T22:08:07.2088320Z [INFO] Running org.openpdf.text.pdf.sign.ExtractCertificatesTest
2026-04-19T22:08:07.2088620Z pdf name: src/test/resources/sample_signed-sha1.pdf
2026-04-19T22:08:07.8260710Z Certificates verified against the KeyStore
2026-04-19T22:08:07.8374310Z pdf name: src/test/resources/pdf_digital_signature_timestamp.pdf
2026-04-19T22:08:07.9358240Z Certificate failed: Cannot be verified against the KeyStore or the certificate chain
2026-04-19T22:08:07.9555280Z pdf name: src/test/resources/sample_signed-sha512.pdf
2026-04-19T22:08:07.9585880Z Certificates verified against the KeyStore
2026-04-19T22:08:07.9586640Z [INFO] Tests run: 3, Failures: 0, Errors: 0, Skipped: 0, Time elapsed: 2.004 s -- in org.openpdf.text.pdf.sign.ExtractCertificatesTest
2026-04-19T22:08:07.9587230Z [INFO] Running org.openpdf.text.pdf.metadata.ProducerTest
2026-04-19T22:08:07.9644510Z [INFO] Tests run: 2, Failures: 0, Errors: 0, Skipped: 0, Time elapsed: 0.005 s -- in org.openpdf.text.pdf.metadata.ProducerTest
2026-04-19T22:08:07.9764420Z [INFO] Running org.openpdf.text.pdf.metadata.CleanMetaDataTest
2026-04-19T22:08:07.9966230Z [INFO] Tests run: 11, Failures: 0, Errors: 0, Skipped: 0, Time elapsed: 0.029 s -- in org.openpdf.text.pdf.metadata.CleanMetaDataTest
2026-04-19T22:08:08.0068050Z [INFO] Running org.openpdf.text.pdf.SingleParagraphTest
2026-04-19T22:08:08.0370250Z [INFO] Tests run: 1, Failures: 0, Errors: 0, Skipped: 0, Time elapsed: 0.006 s -- in org.openpdf.text.pdf.SingleParagraphTest
2026-04-19T22:08:08.0472950Z [INFO] Running org.openpdf.text.pdf.ColumnTextFirstLineBaselineTest
2026-04-19T22:08:08.0571090Z [INFO] Tests run: 8, Failures: 0, Errors: 0, Skipped: 0, Time elapsed: 0.035 s -- in org.openpdf.text.pdf.ColumnTextFirstLineBaselineTest
2026-04-19T22:08:08.0571690Z [INFO] Running org.openpdf.text.pdf.GlyphListTest
2026-04-19T22:08:08.0572110Z [INFO] Tests run: 1, Failures: 0, Errors: 0, Skipped: 0, Time elapsed: 0 s -- in org.openpdf.text.pdf.GlyphListTest
2026-04-19T22:08:08.0572610Z [INFO] Running org.openpdf.text.pdf.ProcSetTest
2026-04-19T22:08:08.0573010Z [INFO] Tests run: 1, Failures: 0, Errors: 0, Skipped: 0, Time elapsed: 0.002 s -- in org.openpdf.text.pdf.ProcSetTest
2026-04-19T22:08:08.0573450Z [INFO] Running org.openpdf.text.html.EmbeddedImageTest
2026-04-19T22:08:08.0737160Z [INFO] Tests run: 1, Failures: 0, Errors: 0, Skipped: 0, Time elapsed: 0.033 s -- in org.openpdf.text.html.EmbeddedImageTest
2026-04-19T22:08:08.0738650Z [INFO] Running org.openpdf.text.html.SAXmyHtmlHandlerTest
2026-04-19T22:08:08.0903920Z [INFO] Tests run: 2, Failures: 0, Errors: 0, Skipped: 0, Time elapsed: 0.017 s -- in org.openpdf.text.html.SAXmyHtmlHandlerTest
2026-04-19T22:08:08.0930270Z [INFO] Running org.openpdf.text.html.StylesTest
2026-04-19T22:08:08.1121410Z [INFO] Tests run: 4, Failures: 0, Errors: 0, Skipped: 0, Time elapsed: 0.013 s -- in org.openpdf.text.html.StylesTest
2026-04-19T22:08:08.1228950Z [INFO] Running org.openpdf.text.html.simpleparser.FactoryPropertiesTest
2026-04-19T22:08:08.1330480Z [INFO] Tests run: 1, Failures: 0, Errors: 0, Skipped: 0, Time elapsed: 0.001 s -- in org.openpdf.text.html.simpleparser.FactoryPropertiesTest
2026-04-19T22:08:08.1451640Z [INFO] Running org.openpdf.text.html.HTMLTableTest
2026-04-19T22:08:08.1553730Z [INFO] Tests run: 2, Failures: 0, Errors: 0, Skipped: 0, Time elapsed: 0.006 s -- in org.openpdf.text.html.HTMLTableTest
2026-04-19T22:08:08.1655010Z [INFO] Running org.openpdf.text.html.HtmlParserTest
2026-04-19T22:08:08.8308510Z [INFO] Tests run: 497, Failures: 0, Errors: 0, Skipped: 0, Time elapsed: 0.708 s -- in org.openpdf.text.html.HtmlParserTest
2026-04-19T22:08:08.8408800Z [INFO] Running org.openpdf.text.html.WebColorsTest
2026-04-19T22:08:08.8509700Z [INFO] Tests run: 16, Failures: 0, Errors: 0, Skipped: 0, Time elapsed: 0.007 s -- in org.openpdf.text.html.WebColorsTest
2026-04-19T22:08:08.8610390Z [INFO] Running org.openpdf.text.StandardFontsTest
2026-04-19T22:08:08.8711680Z [INFO] Tests run: 3, Failures: 0, Errors: 0, Skipped: 0, Time elapsed: 0.024 s -- in org.openpdf.text.StandardFontsTest
2026-04-19T22:08:08.8813050Z [INFO] Running org.openpdf.text.xml.simpleparser.SimpleXMLParserTest
2026-04-19T22:08:08.8913520Z [INFO] Tests run: 2, Failures: 0, Errors: 0, Skipped: 0, Time elapsed: 0.004 s -- in org.openpdf.text.xml.simpleparser.SimpleXMLParserTest
2026-04-19T22:08:08.9014390Z [INFO] Running org.openpdf.text.error_messages.MessageLocalizationTest
2026-04-19T22:08:09.0644860Z [INFO] Tests run: 408, Failures: 0, Errors: 0, Skipped: 0, Time elapsed: 0.162 s -- in org.openpdf.text.error_messages.MessageLocalizationTest
2026-04-19T22:08:09.0864720Z [INFO] Running org.openpdf.text.error_messages.MessageLocalizationNlTest
2026-04-19T22:08:09.1901410Z [INFO] Tests run: 408, Failures: 0, Errors: 0, Skipped: 0, Time elapsed: 0.152 s -- in org.openpdf.text.error_messages.MessageLocalizationNlTest
2026-04-19T22:08:09.2001590Z [INFO] Running org.openpdf.text.error_messages.MessageLocalizationPtTest
2026-04-19T22:08:09.2937930Z [INFO] Tests run: 408, Failures: 0, Errors: 0, Skipped: 0, Time elapsed: 0.099 s -- in org.openpdf.text.error_messages.MessageLocalizationPtTest
2026-04-19T22:08:09.3039720Z [INFO] Running org.openpdf.text.FooterTableTest
2026-04-19T22:08:09.3148660Z [INFO] Tests run: 1, Failures: 0, Errors: 0, Skipped: 0, Time elapsed: 0.019 s -- in org.openpdf.text.FooterTableTest
2026-04-19T22:08:09.3249990Z [INFO] Running org.openpdf.text.PhraseTest
2026-04-19T22:08:09.3359540Z [INFO] Tests run: 1, Failures: 0, Errors: 0, Skipped: 0, Time elapsed: 0.007 s -- in org.openpdf.text.PhraseTest
2026-04-19T22:08:09.3472970Z [INFO] Running org.openpdf.text.Pdf20ExamplesConformanceTest
2026-04-19T22:08:09.3574780Z [INFO] Tests run: 5, Failures: 0, Errors: 0, Skipped: 0, Time elapsed: 0.007 s -- in org.openpdf.text.Pdf20ExamplesConformanceTest
2026-04-19T22:08:09.3674830Z [INFO] Running org.openpdf.text.factories.GreekAlphabetFactoryTest
2026-04-19T22:08:09.3776270Z [INFO] Tests run: 1, Failures: 0, Errors: 0, Skipped: 0, Time elapsed: 0.001 s -- in org.openpdf.text.factories.GreekAlphabetFactoryTest
2026-04-19T22:08:09.3798520Z [INFO] Running org.openpdf.text.factories.RomanNumberFactoryTest
2026-04-19T22:08:09.3816290Z [INFO] Tests run: 23, Failures: 0, Errors: 0, Skipped: 0, Time elapsed: 0.012 s -- in org.openpdf.text.factories.RomanNumberFactoryTest
2026-04-19T22:08:09.3827010Z [INFO] Running org.openpdf.text.factories.RomanAlphabetFactoryTest
2026-04-19T22:08:09.3837770Z [INFO] Tests run: 1, Failures: 0, Errors: 0, Skipped: 0, Time elapsed: 0.006 s -- in org.openpdf.text.factories.RomanAlphabetFactoryTest
2026-04-19T22:08:09.3841290Z [INFO] Running org.openpdf.text.OpenPdfVersionTest
2026-04-19T22:08:09.3857410Z CREATED in-memory 1.2                | header=1.2  | reader=1.2 | pages=1
2026-04-19T22:08:09.3858530Z CREATED file:doc-1_2.pdf             | header=1.2  | reader=1.2 | pages=1
2026-04-19T22:08:09.3858950Z CREATED in-memory 1.3                | header=1.3  | reader=1.3 | pages=1
2026-04-19T22:08:09.3859360Z CREATED file:doc-1_3.pdf             | header=1.3  | reader=1.3 | pages=1
2026-04-19T22:08:09.3859860Z CREATED in-memory 1.4                | header=1.4  | reader=1.4 | pages=1
2026-04-19T22:08:09.3860260Z CREATED file:doc-1_4.pdf             | header=1.4  | reader=1.4 | pages=1
2026-04-19T22:08:09.3860670Z CREATED in-memory 1.5                | header=1.5  | reader=1.5 | pages=1
2026-04-19T22:08:09.3861080Z CREATED file:doc-1_5.pdf             | header=1.5  | reader=1.5 | pages=1
2026-04-19T22:08:09.3861510Z CREATED in-memory 1.6                | header=1.6  | reader=1.6 | pages=1
2026-04-19T22:08:09.3861910Z CREATED file:doc-1_6.pdf             | header=1.6  | reader=1.6 | pages=1
2026-04-19T22:08:09.3862330Z CREATED in-memory 1.7                | header=1.7  | reader=1.7 | pages=1
2026-04-19T22:08:09.3862730Z CREATED file:doc-1_7.pdf             | header=1.7  | reader=1.7 | pages=1
2026-04-19T22:08:09.3863140Z CREATED in-memory 2.0                | header=2.0  | reader=2.0 | pages=1
2026-04-19T22:08:09.3863610Z CREATED file:doc-2_0.pdf             | header=2.0  | reader=2.0 | pages=1
2026-04-19T22:08:09.3864240Z CREATED in-memory (default)          | header=2.0  | reader=2.0 | pages=1
2026-04-19T22:08:09.3864850Z CREATED file:default.pdf             | header=2.0  | reader=2.0 | pages=1
2026-04-19T22:08:09.3871050Z PdfWriter#setPdfVersion(char) not present; skipping legacy-char test.
2026-04-19T22:08:09.3889650Z PDF EmptyPage.pdf                       | header=1.6  | reader=1.6 | pages=1
2026-04-19T22:08:09.3973290Z PDF HelloWorldMeta.pdf                  | header=1.4  | reader=1.4 | pages=1
2026-04-19T22:08:09.3975370Z PDF OutlineUriActionWithNoTitle.pdf     | header=1.5  | reader=1.5 | pages=1
2026-04-19T22:08:09.4009010Z PDF SimulatedBoldAndStrokeWidth.pdf     | header=1.5  | reader=1.5 | pages=1
2026-04-19T22:08:09.4019990Z PDF barcode_macro_pdf_417.pdf           | header=1.5  | reader=1.5 | pages=1
2026-04-19T22:08:09.4020480Z PDF encodingTest.pdf                    | header=1.5  | reader=1.5 | pages=1
2026-04-19T22:08:09.4020960Z PDF identity-h.pdf                      | header=1.5  | reader=1.5 | pages=1
2026-04-19T22:08:09.4021400Z PDF merge-acroforms.pdf                 | header=1.4  | reader=1.4 | pages=16
2026-04-19T22:08:09.4122450Z PDF objectXref.pdf                      | header=1.6  | reader=1.6 | pages=1
2026-04-19T22:08:09.4223490Z PDF open_protected.pdf                  | header=1.6  | reader=(failed to open: BadPasswordException)
2026-04-19T22:08:09.4323630Z PDF openpdf_bug_test.pdf                | header=1.5  | reader=1.5 | pages=2
2026-04-19T22:08:09.4424960Z PDF pades_infinite_loop.pdf             | header=1.5  | reader=1.5 | pages=1
2026-04-19T22:08:09.4525840Z PDF pades_opposite_infinite_loop.pdf    | header=1.5  | reader=1.5 | pages=1
2026-04-19T22:08:09.4626270Z PDF pdf_digital_signature_timestamp.pdf | header=1.4  | reader=1.4 | pages=1
2026-04-19T22:08:09.4717260Z PDF pdf_form_metadata_issue_254.pdf     | header=1.4  | reader=1.4 | pages=1
2026-04-19T22:08:09.4727680Z PDF pdfsmartcopy_bec.pdf                | header=1.6  | reader=1.6 | pages=3
2026-04-19T22:08:09.4729500Z PDF sample_signed-sha1.pdf              | header=1.7  | reader=1.7 | pages=1
2026-04-19T22:08:09.4736370Z PDF sample_signed-sha512.pdf            | header=1.7  | reader=1.7 | pages=1
2026-04-19T22:08:09.4736810Z PDF siwa.pdf                            | header=1.4  | reader=1.4 | pages=1
2026-04-19T22:08:09.4737370Z [INFO] Tests run: 10, Failures: 0, Errors: 0, Skipped: 0, Time elapsed: 0.056 s -- in org.openpdf.text.OpenPdfVersionTest
2026-04-19T22:08:09.4737900Z [INFO] Running org.openpdf.text.DocumentTest
2026-04-19T22:08:09.4738380Z [INFO] Tests run: 4, Failures: 0, Errors: 0, Skipped: 0, Time elapsed: 0.005 s -- in org.openpdf.text.DocumentTest
2026-04-19T22:08:09.4738870Z [INFO] Running org.openpdf.text.FooterImageTest
2026-04-19T22:08:09.4739430Z [INFO] Tests run: 5, Failures: 0, Errors: 0, Skipped: 0, Time elapsed: 0.010 s -- in org.openpdf.text.FooterImageTest
2026-04-19T22:08:09.4740040Z [INFO] Running org.openpdf.text.Pdf20FeatureWriteAndVerifyTest
2026-04-19T22:08:09.4740580Z Wrote: /Users/runner/work/OpenPDF/OpenPDF/openpdf-core/target/pdf20-tests/pdf20-features.pdf
2026-04-19T22:08:09.4741210Z Wrote: /Users/runner/work/OpenPDF/OpenPDF/openpdf-core/target/pdf20-tests/pdf20-features-lang-override.pdf
2026-04-19T22:08:09.4741810Z Output directory: /Users/runner/work/OpenPDF/OpenPDF/openpdf-core/target/pdf20-tests
2026-04-19T22:08:09.4742220Z Done. Files are NOT deleted.
2026-04-19T22:08:09.4742710Z [INFO] Tests run: 1, Failures: 0, Errors: 0, Skipped: 0, Time elapsed: 0.010 s -- in org.openpdf.text.Pdf20FeatureWriteAndVerifyTest
2026-04-19T22:08:09.4743240Z [INFO] Running org.openpdf.text.ImageTest
2026-04-19T22:08:09.6109790Z [INFO] Tests run: 11, Failures: 0, Errors: 0, Skipped: 0, Time elapsed: 0.192 s -- in org.openpdf.text.ImageTest
2026-04-19T22:08:09.6111190Z [INFO] Running org.openpdf.text.validation.PDFValidationTest
2026-04-19T22:08:10.2364990Z The PDF is compliant with the selected PDF/A standard.
2026-04-19T22:08:10.2474100Z The PDF is compliant with the selected PDF/A standard.
2026-04-19T22:08:10.2627820Z The PDF is compliant with the selected PDF/A standard.
2026-04-19T22:08:10.2629830Z [INFO] Tests run: 3, Failures: 0, Errors: 0, Skipped: 0, Time elapsed: 0.645 s -- in org.openpdf.text.validation.PDFValidationTest
2026-04-19T22:08:10.2630500Z [INFO] Running org.openpdf.text.ParagraphTest
2026-04-19T22:08:10.2633290Z [INFO] Tests run: 1, Failures: 0, Errors: 0, Skipped: 0, Time elapsed: 0 s -- in org.openpdf.text.ParagraphTest
2026-04-19T22:08:10.2633920Z [INFO] Running org.librepdf.openpdf.independent.NumberOfPagesTest
2026-04-19T22:08:10.2634810Z [INFO] Tests run: 1, Failures: 0, Errors: 0, Skipped: 0, Time elapsed: 0.004 s -- in org.librepdf.openpdf.independent.NumberOfPagesTest
2026-04-19T22:08:10.6560750Z [INFO] 
2026-04-19T22:08:10.6664700Z [INFO] Results:
2026-04-19T22:08:10.6766310Z [INFO] 
2026-04-19T22:08:10.6867590Z [ERROR] Errors: 
2026-04-19T22:08:10.6877550Z [ERROR]   FontTest.testFontStyleOfStyledFont(int)[2] Â» ExceptionConverter Table 'OS/2' does not exist in /System/Library/Fonts/Courier.ttc
2026-04-19T22:08:10.6879820Z [ERROR]   FontTest.testFontStyleOfStyledFont(int)[3] Â» ExceptionConverter Table 'OS/2' does not exist in /System/Library/Fonts/Courier.ttc
2026-04-19T22:08:10.6898330Z [ERROR]   FontTest.testFontStyleOfStyledFont(int)[6] Â» ExceptionConverter Table 'OS/2' does not exist in /System/Library/Fonts/Courier.ttc
2026-04-19T22:08:10.6911260Z [INFO] 
2026-04-19T22:08:10.6917660Z [ERROR] Tests run: 2073, Failures: 0, Errors: 3, Skipped: 3
2026-04-19T22:08:10.6918020Z [INFO] 
2026-04-19T22:08:10.6918590Z [INFO] ------------------------------------------------------------------------
2026-04-19T22:08:10.6919000Z [INFO] Reactor Summary for OpenPDF - Free and Open PDF 3.0.4-SNAPSHOT:
2026-04-19T22:08:10.6919260Z [INFO] 
2026-04-19T22:08:10.6919470Z [INFO] OpenPDF - Free and Open PDF ........................ SUCCESS [  1.240 s]
2026-04-19T22:08:10.6919840Z [INFO] OpenPDF core modern ................................ FAILURE [ 27.468 s]
2026-04-19T22:08:10.6920180Z [INFO] OpenPDF Swing ...................................... SKIPPED
2026-04-19T22:08:10.6920480Z [INFO] OpenPDF Toolbox .................................... SKIPPED
2026-04-19T22:08:10.6920790Z [INFO] OpenPDF Fonts Extras ............................... SKIPPED
2026-04-19T22:08:10.6921110Z [INFO] openpdf-html HTML to PDF renderer .................. SKIPPED
2026-04-19T22:08:10.6921420Z [INFO] OpenPDF Kotlin ..................................... SKIPPED
2026-04-19T22:08:10.6921730Z [INFO] OpenPDF Renderer ................................... SKIPPED
2026-04-19T22:08:10.6922050Z [INFO] ------------------------------------------------------------------------
2026-04-19T22:08:10.6922310Z [INFO] BUILD FAILURE
2026-04-19T22:08:10.6922530Z [INFO] ------------------------------------------------------------------------
2026-04-19T22:08:10.6922800Z [INFO] Total time:  33.048 s
2026-04-19T22:08:10.6922970Z [INFO] Finished at: 2026-04-19T22:08:10Z
2026-04-19T22:08:10.6923220Z [INFO] ------------------------------------------------------------------------
2026-04-19T22:08:10.6923730Z [ERROR] Failed to execute goal org.apache.maven.plugins:maven-surefire-plugin:3.5.5:test (default-test) on project openpdf: 
2026-04-19T22:08:10.6924210Z [ERROR] 
2026-04-19T22:08:10.6924630Z [ERROR] See /Users/runner/work/OpenPDF/OpenPDF/openpdf-core/target/surefire-reports for the individual test results.
2026-04-19T22:08:10.6925320Z [ERROR] See dump files (if any exist) [date].dump, [date]-jvmRun[N].dump and [date].dumpstream.
2026-04-19T22:08:10.6925680Z [ERROR] -> [Help 1]
2026-04-19T22:08:10.6925830Z [ERROR] 
2026-04-19T22:08:10.6926100Z [ERROR] To see the full stack trace of the errors, re-run Maven with the -e switch.
2026-04-19T22:08:10.6926530Z [ERROR] Re-run Maven using the -X switch to enable full debug logging.
2026-04-19T22:08:10.6926820Z [ERROR] 
2026-04-19T22:08:10.6927160Z [ERROR] For more information about the errors and possible solutions, please read the following articles:
2026-04-19T22:08:10.6927730Z [ERROR] [Help 1] http://cwiki.apache.org/confluence/display/MAVEN/MojoFailureException
2026-04-19T22:08:10.6928060Z [ERROR] 
2026-04-19T22:08:10.6928310Z [ERROR] After correcting the problems, you can resume the build with the command
2026-04-19T22:08:10.6928650Z [ERROR]   mvn <args> -rf :openpdf
2026-04-19T22:08:10.6994600Z ##[error]Process completed with exit code 1.
2026-04-19T22:08:10.7233360Z Post job cleanup.
2026-04-19T22:08:11.1272520Z Post job cleanup.
2026-04-19T22:08:11.5335880Z [command]/opt/homebrew/bin/git version
2026-04-19T22:08:11.5519070Z git version 2.53.0
2026-04-19T22:08:11.5538300Z Copying '/Users/runner/.gitconfig' to '/Users/runner/work/_temp/7ded4d29-1a84-4f86-9ee5-759f4d09344c/.gitconfig'
2026-04-19T22:08:11.5545100Z Temporarily overriding HOME='/Users/runner/work/_temp/7ded4d29-1a84-4f86-9ee5-759f4d09344c' before making global git config changes
2026-04-19T22:08:11.5545760Z Adding repository directory to the temporary git global config as a safe directory
2026-04-19T22:08:11.5549210Z [command]/opt/homebrew/bin/git config --global --add safe.directory /Users/runner/work/OpenPDF/OpenPDF
2026-04-19T22:08:11.5654500Z [command]/opt/homebrew/bin/git config --local --name-only --get-regexp core\.sshCommand
2026-04-19T22:08:11.5718160Z [command]/opt/homebrew/bin/git submodule foreach --recursive sh -c "git config --local --name-only --get-regexp 'core\.sshCommand' && git config --local --unset-all 'core.sshCommand' || :"
2026-04-19T22:08:11.6799050Z [command]/opt/homebrew/bin/git config --local --name-only --get-regexp http\.https\:\/\/github\.com\/\.extraheader
2026-04-19T22:08:11.6856810Z http.https://github.com/.extraheader
2026-04-19T22:08:11.6864050Z [command]/opt/homebrew/bin/git config --local --unset-all http.https://github.com/.extraheader
2026-04-19T22:08:11.6930490Z [command]/opt/homebrew/bin/git submodule foreach --recursive sh -c "git config --local --name-only --get-regexp 'http\.https\:\/\/github\.com\/\.extraheader' && git config --local --unset-all 'http.https://github.com/.extraheader' || :"
2026-04-19T22:08:11.8743410Z [command]/opt/homebrew/bin/git config --local --name-only --get-regexp ^includeIf\.gitdir:
2026-04-19T22:08:11.8802900Z [command]/opt/homebrew/bin/git submodule foreach --recursive git config --local --show-origin --name-only --get-regexp remote.origin.url
2026-04-19T22:08:11.9644890Z Cleaning up orphan processes
2026-04-19T22:08:12.3858620Z ##[warning]Node.js 20 actions are deprecated. The following actions are running on Node.js 20 and may not work as expected: actions/setup-java@v4. Actions will be forced to run with Node.js 24 by default starting June 2nd, 2026. Node.js 20 will be removed from the runner on September 16th, 2026. Please check if updated versions of these actions are available that support Node.js 24. To opt into Node.js 24 now, set the FORCE_JAVASCRIPT_ACTIONS_TO_NODE24=true environment variable on the runner or in your workflow file. Once Node.js 24 becomes the default, you can temporarily opt out by setting ACTIONS_ALLOW_USE_UNSECURE_NODE_VERSION=true. For more information see: https://github.blog/changelog/2025-09-19-deprecation-of-node-20-on-github-actions-runners/
